# callgrind format
version: 1
creator: callgrind-3.22.0
pid: 252365
cmd:  ./Image_Rescale test.ppm
part: 1


desc: I1 cache: 32768 B, 64 B, 8-way associative
desc: D1 cache: 49152 B, 64 B, 12-way associative
desc: LL cache: 25165824 B, 64 B, 12-way associative

desc: Timerange: Basic block 0 - 394285578
desc: Trigger: Program termination

positions: line
events: Ir Dr Dw I1mr D1mr D1mw ILmr DLmr DLmw Bc Bcm Bi Bim
summary: 6782627767 696775532 336077428 1780 6093499 31787676 1698 14458 195211 336219357 46049 628 214


ob=(5) /courses/courses/cscc85f25/groshen1/Robot-Rangers/Optimization/ImageRescaling_2021/Image_Rescale
fl=(169) /cmshome/groshen1/cscc85f25_space/Robot-Rangers/Optimization/ImageRescaling_2021/Image_Rescale.cpp
fn=(554) main
452 11 1 7 2 0 1 2
+18 2 0 0 0 0 0 0 0 0 1
+6 5 1 1 1 0 0 1
cfn=(556) readPPMimage(char const*, int*, int*)
calls=1 +59 
* 7814 1746 1536 344 177 297 344 153 286 1144 309 56 28
fi=(184) /usr/include/x86_64-linux-gnu/bits/stdio2.h
79 1 1 0 0 1
fe=(169)
476 1
+1 2 0 0 0 0 0 0 0 0 1 1
fi=(184)
79 3 0 0 1 0 0 1
fe=(169)
486 1
fi=(184)
79 1 0 1
cob=(3) ???
cfi=(154) ???
cfn=(748) 0x00000000001091c0
calls=1 -79 
* 303 77 54 29 2 3 29 1 0 44 19 4 4
fe=(169)
485 2 0 1
cob=(3)
cfi=(154)
cfn=(766) 0x0000000000109190
calls=1 0 
* 8 2 0 1 0 0 1 0 0 1 0 1 1
+4 2 2
-4 2
+2 1
+2 48 0 12
cfn=(774) vanilla_rescaleImage(unsigned char*, int, int, int, int) [clone .constprop.0]
calls=12 260 
* 3273384370 298599118 136992072 30 5433507 26634930 26 13440 194273 137061323 23111 23 1
* 12
+1 36 0 12 0 0 0 0 0 0 12
cob=(3)
cfi=(154)
cfn=(776) 0x0000000000109110
calls=12 0 
* 1900 569 286 6 173 11 6 0 0 307 16 12 1
+1 12
-1 12
+1 12 0 12
cob=(3)
cfi=(154)
cfn=(766)
calls=12 0 
* 96 24 0 0 12 0 0 0 0 12 0 12
* 12
-4 36 0 12
cob=(3)
cfi=(154)
cfn=(770) 0x0000000000109160
calls=12 0 
* 168 72 48 0 0 0 0 0 0 0 0 12
* 3 0 1 1 0 0 1
cob=(3)
cfi=(154)
cfn=(770)
calls=1 0 
* 14 6 4 1 0 0 1 0 0 0 0 1 1
* 39 13 0 0 13 0 0 1 0 13 5
+9 1 1 0 0 1
-3 2 0 0 1 0 0 1 0 0 1 1
+11 1
+1 1
-1 1 0 1
cob=(3)
cfi=(154)
cfn=(766)
calls=1 0 
* 8 2 0 0 0 0 0 0 0 1 0 1 1
* 2
+2 1
+2 56 0 14
cfn=(834) fast_rescaleImage(unsigned char*, int, int, int, int) [clone .constprop.0]
calls=14 143 
* 3019558584 348365514 174182876 10 191478 2721653 10 0 0 174228404 15184 28
* 14
+1 42 0 14 0 0 0 0 0 0 14
cob=(3)
cfi=(154)
cfn=(776)
calls=14 0 
* 2324 700 350 0 210 14 0 0 0 378 1 14
+1 14
-1 14
+1 14 0 14
cob=(3)
cfi=(154)
cfn=(766)
calls=14 0 
* 112 28 0 0 14 0 0 0 0 14 0 14
* 14
-4 42 0 14
cob=(3)
cfi=(154)
cfn=(770)
calls=14 0 
* 196 84 56 0 0 0 0 0 0 0 0 14
* 3 0 1 1 0 0 1
cob=(3)
cfi=(154)
cfn=(770)
calls=1 0 
* 14 6 4 0 0 0 0 0 0 0 0 1
* 45 15 0 0 14 0 0 0 0 15 2
+9 1 1 0 0 1
-3 2 0 0 1 0 0 1 0 0 1 1
+2 3
fi=(184)
79 1
fe=(169)
514 1
fi=(184)
79 3
fe=(169)
514 2
fi=(184)
79 2 0 2
cob=(3)
cfi=(154)
cfn=(786) 0x00000000001091d0
calls=1 -79 
* 1762 370 281 0 30 27 0 1 0 258 79 11 1
* 4 1 0 1 0 0 1
fe=(169)
516 2 2
fi=(184)
79 1 0 1
cob=(3)
cfi=(154)
cfn=(786)
calls=1 -79 
* 1591 344 268 6 0 0 6 0 0 211 31 11
fe=(169)
524 4 0 1
cfn=(774)
calls=1 260 
* 273807644 24883254 12441635 0 452739 2235601 0 0 0 12447406 1922 2
* 1
+1 7 0 1 1 0 0 1 0 0 1
cfn=(836) imageOutput(unsigned char*, int, int, char const*)
calls=1 +85 
* 4577 1184 958 77 220 149 37 1 128 537 153 38 4
* 2 0 1
cob=(3)
cfi=(154)
cfn=(776)
calls=1 0 
* 166 50 25 0 1 0 0 0 0 27 1 1
+1 4 0 1
cfn=(834)
calls=1 143 
* 215682756 24883251 12441634 5 13675 194273 0 0 0 12444886 1084 2 1
* 1
+1 7 0 1 0 0 0 0 0 0 1
cfn=(836)
calls=1 +83 
* 4577 1184 958 0 172 149 0 0 0 537 71 38 1
* 2 0 1
cob=(3)
cfi=(154)
cfn=(776)
calls=1 0 
* 166 50 25 0 1 0 0 0 0 27 0 1
fi=(184)
79 5 1 1 0 1
cob=(3)
cfi=(154)
cfn=(748)
calls=1 -79 
* 245 65 36 0 4 0 0 0 0 38 6 4
fe=(169)
530 2 0 1
cob=(3)
cfi=(154)
cfn=(776)
calls=1 0 
* 67 19 9 0 3 0 0 0 0 9 2 1
+1 2 0 1
cob=(3)
cfi=(154)
cfn=(850) 0x00000000001091b0
calls=1 0 
* 1445 401 273 101 45 10 76 3 1 246 93 10 10
-36 3 0 0 2 0 0 2
fi=(184)
79 1
fe=(169)
495 1
fi=(184)
79 3
fe=(169)
495 2
fi=(184)
79 1
fe=(169)
495 1 0 1
fi=(184)
79 1 0 1
cob=(3)
cfi=(154)
cfn=(786)
calls=1 -79 
* 1791 379 281 120 30 27 120 13 4 269 107 11 4
+1 1
fe=(169)

fn=(774)
260 91 0 65
396 13 0 0 1 0 0 1
260 26 0 13
396 13
260 13
396 13 0 13
cob=(3)
cfi=(154)
cfn=(682) 0x0000000000109180
calls=13 0 
* 68566227 616 68563216 14 60 1071345 10 0 1968 68563436 57 25 1
* 13
+1 26 0 0 0 0 0 0 0 0 13
+2 26
+1 52 13 0 0 13 0 0 1
-1 13
+3 26 13 0 1 12 0 1
+7 13 13
-9 13
-1 13 13
+1 13 13
+2 13
+3 13
+2 13
-2 26 0 0 1 0 0 1
+2 26
+2 13
-2 26
+2 52 0 0 0 0 0 0 0 0 13
-4 24947
+2 24947
-2 49894
+2 49894
+2 24947
-2 49894
+2 349388 0 0 1 0 0 1 0 0 24947
+1 24960
-1 24960
+1 349440 0 0 1 0 0 1 0 0 24960
+4 24960
-4 24960
+4 24960
-11 24960
+11 24960
-8 24960
+2 24960
-2 49920 0 0 1 0 0 1
+2 49920
+1 24960
-1 49920
+1 99840 0 0 0 0 0 0 0 0 24960
-3 26931840
+2 26931840
-2 53863680
+2 53863680
+1 26931840
-1 53863680
+1 404252160 0 0 1 0 0 1 0 0 26931840
+2 53913600
+23 80870400
-23 26956800
+23 107827200 0 0 1 0 0 1
-23 350438400 0 0 1 0 0 1 0 0 26956800
+7 53913600
-15 26956800
+12 26956800
+6 26956800
-18 26956800
+18 26956800
+13 188697600
-16 107827200 53913600 0 1 5695809 0 1 9059
-3 26956800 26956800
+3 80870400
-3 107827200 26956800
+7 26956800 0 0 1 0 0 1
-3 26956800 26956800 0 0 108602 0 0 4380
-2 26956800 26956800
-2 80870400
+1 26956800
+6 53913600
-3 26956800
+3 26956800
-3 80870400 26956800 0 1 0 0 1
-2 26956800 26956800 0 0 81724
+2 26956800
-3 26956800 26956800
-2 26956800 26956800
+30 26956800 0 26956800 0 0 26956786 0 0 129282
-25 80870400
-3 80870400 26956800
-2 26956800 26956800 0 1 0 0 1
+2 26956800
+7 26956800
-7 80870400
+7 53913600
-6 53913600
+6 26956800
-6 80870400 0 0 1 0 0 1
+28 26956800 0 26956800 0 0 421200 0 0 63023
-28 53913600
-3 53913600
+7 26956800
-7 134784000
+7 107827200 0 26956800 1 0 421200 1
-18 53913600 0 0 0 0 0 0 0 0 26956800 24961
-1 99840 0 0 0 0 0 0 0 0 24960 15
+26 117 91 0 1 26 0 1

fn=(556)
535 3 0 1 1 0 0 1
+36 1
-36 9 1 4 0 0 1
+36 1 0 1
cob=(3)
cfi=(154)
cfn=(558) 0x00000000001091a0
calls=1 0 
* 2266 302 423 108 31 51 108 17 51 389 79 16 4
+1 2 0 0 1 0 0 1 0 0 1
fi=(184)
200 6 0 1
cob=(3)
cfi=(154)
cfn=(614) 0x0000000000109170
calls=1 0 
* 654 161 100 49 4 5 49 1 2 95 34 9 8
fe=(169)
578 2 1 0 0 0 0 0 0 0 1 1
fi=(184)
200 8 0 2 1 0 0 1
cob=(3)
cfi=(154)
cfn=(614)
calls=2 0 
* 356 79 58 3 1 0 3 1 0 47 15 6
fe=(169)
587 4 2 0 0 0 0 0 0 0 2 1
+4 6 0 1 1 0 0 1
cob=(3)
cfi=(154)
cfn=(656) 0x0000000000109120
calls=1 0 
* 1533 331 237 83 10 10 83 6 3 261 85 8 5
+1 1 1
fi=(184)
200 3
fe=(169)
592 1 0 1
+1 2 1 1
fi=(184)
200 1 0 1
cob=(3)
cfi=(154)
cfn=(614)
calls=1 0 
* 175 39 29 0 0 0 0 0 0 24 8 3
fe=(169)
596 7 2 1
cob=(3)
cfi=(154)
cfn=(682)
calls=1 0 
* 360 77 45 17 2 1 17 1 1 56 18 2 2
* 1 0 0 1 0 0 1
+1 2 0 0 0 0 0 0 0 0 1
fi=(184)
212 5 0 1
cob=(3)
cfi=(154)
cfn=(692) 0x0000000000109130
calls=1 0 
* 1778 563 518 25 128 229 25 126 229 180 39 7 5
fe=(169)
605 2 0 1
cob=(3)
cfi=(154)
cfn=(710) 0x0000000000109140
calls=1 0 
* 615 179 110 53 1 0 53 1 0 86 29 5 4
+2 10 7 0 1 0 0 1 0 0 1

fn=(836)
610 16 0 6 1 0 0 1
+6 2
-6 4 0 2
+6 2 0 2 1 0 0 1
cob=(3)
cfi=(154)
cfn=(558)
calls=2 0 
* 938 228 232 26 36 24 0 0 0 96 22 6 1
+1 6 0 0 0 0 0 0 0 0 2
fi=(184)
79 10 0 2
cob=(3)
cfi=(154)
cfn=(748)
calls=2 -79 
* 1112 256 170 12 22 10 6 0 1 152 33 12
* 10 0 2 1 0 0 1
cob=(3)
cfi=(154)
cfn=(748)
calls=2 -79 
* 272 74 48 0 2 0 0 0 0 34 11 6
* 2
fe=(169)
623 2
fi=(184)
79 12 0 2
cob=(3)
cfi=(154)
cfn=(786)
calls=2 -79 
* 1950 388 302 22 14 10 22 1 0 242 64 20 1
* 10 0 2
cob=(3)
cfi=(154)
cfn=(748)
calls=2 -79 
* 280 74 48 0 0 0 0 0 0 38 15 6
fe=(169)
623 12 0 2 1 0 0 1
cob=(3)
cfi=(154)
cfn=(748)
calls=2 0 
* 3100 940 848 8 306 254 4 0 127 314 36 14 1
+7 2
-6 2
+6 8 8
-6 2
cob=(3)
cfi=(154)
cfn=(710)
calls=2 0 
* 1400 400 248 5 12 0 1 0 0 196 43 12 2

fn=(834)
143 90 0 60
+31 15
-31 30 0 15
+31 30 0 15
cob=(3)
cfi=(154)
cfn=(682)
calls=15 0 
* 93315675 630 93312420 0 58 1457926 0 0 0 93312675 16 30 1
* 15
+1 30 0 0 0 0 0 0 0 0 15
+2 30 0 0 1 0 0 1
+1 60 15 0 0 15
+2 15
-3 30 15 0 0 15
+1 30 15
+2 15
+1 15
+2 15
-2 30 0 0 2 0 0 1
+1 15
+1 45 0 0 0 0 0 0 0 0 15
-2 16185
+2 16185
-2 32370
+1 16185
+1 97125 0 0 0 0 0 0 0 0 32385 17
+3 16170
-2 16170
+1 16170
+4 32340
-3 16170
+1 16170
-2 16170
+2 16170
+24 16170
-24 16170
+26 32340
-21 16170
+2 16170
-2 32340
+1 16170
+1 48510 0 0 0 0 0 0 0 0 16170
-8 30
-2 30
+1 30
+4 60
-3 30
+1 30
-2 30
+2 30
+24 30
-24 30 0 0 2 0 0 1
+26 60
-21 30
+2 30
-2 60
+1 30
+1 90 0 0 0 0 0 0 0 0 30
-2 31087800
+2 31087800
-2 62175600
+1 31087800
+1 186543000 0 0 0 0 0 0 0 0 62191800 16206
+3 31071600
+1 31071600
+21 31071600
-30 31071600
+22 31071600
+1 31071600
-17 31071600
-6 31071600
+22 31071600
+1 31071600
+7 31071600
-6 31071600
-2 31071600
+1 31071600
-16 31071600
+17 31071600
+6 31071600 31071600
-23 31071600
+24 31071600
-6 62143200
+8 31071600
+1 31071600
-4 62143200 31071600 0 0 330
+2 31071600
-3 31071600
+1 31071600
+1 31071600 31071600
-2 31071600 31071600
+1 31071600
+1 62143200 31071600 0 0 165
-2 31071600 31071600
+1 31071600
-1 31071600
+2 31071600
-2 31071600
+1 31071600
+1 62143200
+2 93214800 62143200 0 0 134835
-2 31071600
+2 31071600
-2 31071600
+2 62143200
+1 31071600 31071600
-2 31071600 31071600
+2 62143200 31071600 0 0 68175
-2 31071600 31071600
+18 31071600
-18 31071600
+1 31071600
+1 31071600
-2 31071600
-24 32400
+1 32400
+21 32400 0 0 1 0 0 1
-30 32400
+22 32400
+1 32400
-17 32400
-6 32400
+22 32400
+1 32400
+7 32400
-6 32400
-2 32400
+1 32400
-16 32400
+17 32400
+6 32400 32400 0 0 15
-23 32400
+24 32400
-6 64800 0 0 2 0 0 1
+8 32400
+1 32400
-4 64800 32400
+2 32400
-3 32400
+1 32400
+1 32400 32400
-2 32400 32400
+1 32400
+1 64800 32400
-2 32400 32400 0 1 0 0 1
+1 32400
-1 32400
+2 32400
-2 32400
+1 32400
+1 64800
+2 97200 64800 0 0 1515
-2 32400
+2 32400
-2 32400
+2 64800 0 0 2 0 0 1
+1 32400 32400
-2 32400 32400
+2 64800 32400
-2 32400 32400
+18 32400
-18 32400
+1 32400
+1 32400
-2 32400
+1 31104000
+1 62143200
+15 31071600
-15 62143200
-5 62143200
+21 31071600
-21 31071600
+3 93214800
-3 31071600
+19 31071600
-16 31071600
+16 93214800
+1 62143200
-1 31071600 0 31071600 0 0 469800
+1 62143200
+1 62143200
-1 31071600 0 31071600 0 0 486000
+1 62143200 0 31071600 0 0 486000
-50 62143200 0 0 0 0 0 0 0 0 31071600 7
+34 64800
+15 32400 0 0 2 0 0 1
-15 64800
-5 64800
+21 32400
-21 32400
+3 97200
-3 32400
+19 32400
-16 32400
+16 97200 0 0 1 0 0 1
+1 64800
-1 32400 0 32400 0 0 16200
+1 64800
+1 64800
-1 32400 0 32400
+1 64800 0 32400
-50 64800 0 0 0 0 0 0 0 0 32400 5
-9 64800 0 0 1 0 0 1 0 0 16200 17
+65 105 90 0 0 30

fl=(162) ???
fn=(866) 0x00000000000015a0
0 9 3 2 1 0 0 0 0 0 2
cob=(3)
cfi=(154)
cfn=(872) 0x0000000000109100
calls=1 0 
0 80 20 13 8 3 1 8 1 1 14 5 1 1
0 1 0 1
cfn=(882) 0x0000000000001530
calls=1 0 
0 5 1 0 2 0 0 0 0 0 1 1
0 3 2 1

fn=(882)
0 5 1 0 2 0 0 0 0 0 1 1

fn=(536) 0x00000000000015e0
0 12 1 0 3 0 0 3 0 0 1 1

fn=(524) (below main)
0 12 2 3 1 0 0 1 0 0 0 0 1 1
cob=(2) /usr/lib/x86_64-linux-gnu/libc.so.6
cfi=(163) ./csu/../csu/libc-start.c
cfn=(526) __libc_start_main@@GLIBC_2.34
calls=1 242 
0 6782463528 696738595 336063856 767 6092532 31787146 693 13614 194692 336186162 42205 327 62

ob=(4) /usr/libexec/valgrind/vgpreload_core-amd64-linux.so
fl=(157) ???
fn=(902) 0x0000000000001060
0 5 1 0 2 0 0 1 0 0 1 1

fn=(506) 0x0000000000001110
0 12 1 0 3 0 0 3 0 0 1 1

fn=(892) 0x00000000000010d0
0 9 3 2 1 2 0 0 0 0 2
cob=(3)
cfi=(154)
cfn=(898) 0x000000000483d030
calls=1 0 
0 80 20 13 1 0 0 0 0 0 14 4 1 1
0 1 0 1
cfn=(902)
calls=1 0 
0 5 1 0 2 0 0 1 0 0 1 1
0 3 2 1 1

ob=(2)
fl=(83) ./string/../sysdeps/x86_64/multiarch/strnlen.c
fn=(284) strnlen
31 2 0 0 1 0 0 1
fi=(84) ./string/../sysdeps/x86_64/multiarch/ifunc-avx2.h
+9 6 4
-2 8 0 0 0 0 0 0 0 0 2 2
fe=(83)
-7 4 2
fi=(84)
+10 4 2 0 1 0 0 1 0 0 2
+1 6 2 0 0 0 0 0 0 0 2
+3 4 0 0 0 0 0 0 0 0 2
+4 6 0 0 0 0 0 0 0 0 2
+3 10
fe=(83)

fl=(197) ./stdio-common/./stdio-common/vfscanf-internal.c
fn=(668) __vfscanf_internal
278 13 0 9 2 0 3 2
+10 5 3 2
+1 1 1 0 1 0 0 1
fi=(201) ./stdio-common/../include/scratch_buffer.h
78 1 0 1 0 0 1 0 0 1
fe=(197)
289 1 0 1 0 0 1
fi=(201)
77 2 0 1
fe=(197)
339 1 1
fi=(201)
77 1 0 1
fe=(197)
339 4 1 3 1 0 1 1 0 1
+6 3 1 0 0 0 0 0 0 0 1 1
+3 4 2 0 0 0 0 0 0 0 2
+4 1 1
+20 2 0 1 1 0 0 1
-20 1 1
+13 1 1 0 0 1
-6 1 1 0 0 1
+8 2 1 0 0 1 0 0 1
-8 1 0 1
+8 1
+5 2 0 1 0 0 1 0 0 1
-5 1 0 1
+5 3 1 2 1 0 0 1
cfi=(180) ./nptl/./nptl/libc-cleanup.c
cfn=(596) __libc_cleanup_push_defer
calls=1 24 
* 13 4 3 0 0 0 0 0 0 1
* 3 2 0 0 0 0 0 0 0 1
+9 1 1
fi=(241) ./stdio-common/../string/bits/string_fortified.h
59 1 0 1
fe=(197)
381 3 1 0 0 0 0 0 0 0 1
-49 1 0 1 1 0 0 1
-48 1
-1 1
+10 1 0 1
-11 1 0 1
+46 1 0 1
-1 1 0 1
-1 1 0 1
-1 1 0 1 1 0 0 1
-12 1 0 1
-30 2 0 1
419 8 0 0 0 0 0 0 0 0 4
+24 8 4
+1 8 0 0 0 0 0 0 0 0 4 2
+3 10 6 0 1 1 0 1 1 0 2 2
-66 16 8 0 1 0 0 1 0 0 4 3
3095 10 4 0 1 0 0 1 0 0 1
+3 10 5 1 0 0 0 0 0 0 2 1
+1 9 4 0 0 1 0 0 1 0 2 1
-1 6 0 0 1 0 0 1 0 0 2 2
223 2 2
-17 2 2 0 1 0 0 1
+17 2
-1 2
489 2 2
222 4
489 4
222 2 0 2
489 4 0 0 0 0 0 0 0 0 2 2
-6 2 0 2 1 0 0 1
fi=(198) ./stdio-common/./stdio-common/printf-parse.h
55 12 2 2 1 0 0 1 0 0 2
fe=(197)
506 10 0 0 2 0 0 2 0 0 2 2
345 2 0 0 1 0 0 1 0 0 1 1
+98 2 0 2
+6 4 0 2 1 0 0 1
3105 4 1 1 1 0 0 1 0 0 1 1
cfi=(180)
cfn=(598) __libc_cleanup_pop_restore
calls=1 54 
* 9 5 1 0 0 0 0 0 0 1 1
fi=(201)
85 4 2 0 1 0 0 1 0 0 1 1
fe=(197)
3109 2 1 0 0 0 0 0 0 0 1
+17 2 1 0 0 0 0 0 0 0 1
+6 12 10 0 1 0 0 1 0 0 1
660 4 0 0 1 0 0 1 0 0 2
+4 4 0 2 1 0 0 1
+1 9 2 0 0 0 0 0 0 0 3 2
+4 2 2
+1 6
-1 2 2
+1 14 2 8 1 0 0 1
+6 18 9 3 0 0 0 0 0 0 3
+3 6 3
-3 3
+3 12 3 0 0 1 0 0 1 0 3 2
-3 6 0 0 1 0 0 1 0 0 3 2
+4 16 6 2 1 0 0 1
+1 10 0 0 0 0 0 0 0 0 2
+4 6 0 4 1 0 0 1
-4 6 0 6
cfi=(178) ./libio/./libio/genops.c
cfn=(672) _IO_sputbackc
calls=2 -46 
* 44 14 10 3 0 1 3 0 0 4 2
+4 24 10 2 1 1 0 1 1 0 2 0 2 1
530 2
+3 18 2 2 1 1 0 1 1 0 2 0 2 1
665 3 1 1 1 0 1 1 0 0 1 1
1450 12 6 2 2 0 0 2 0 0 2
+5 2
-5 2
+5 4 0 0 0 0 0 0 0 0 2 2
+9 14 0 0 2 0 0 2 0 0 2 2
1813 8 0 0 1 0 0 1 0 0 4
+9 2 2
fi=(201)
113 8
fe=(197)
1822 4 0 2 1 0 0 1
fi=(201)
113 6 0 2
fe=(197)
1815 16 0 0 0 0 0 0 0 0 8
+5 42 0 0 0 0 0 0 0 0 14 2
260 12 12 0 1 0 0 1
1877 6
260 12 0 0 0 0 0 0 0 0 6
+3 18 0 12
1879 24
+2 54 18 6 1 0 0 1 0 0 12
-68 20 0 0 0 0 0 0 0 0 6 3
231 2 2
1884 4 0 0 0 0 0 0 0 0 2
206 2 2
1891 4 0 0 1 0 0 1 0 0 2
214 4
1892 4 0 0 0 0 0 0 0 0 2
+28 14 0 4 0 0 0 0 0 0 2
cfi=(178)
cfn=(672)
calls=2 635 
* 44 14 10 0 0 0 0 0 0 4 2
* 6 6 0 1 0 0 1
260 4 0 0 0 0 0 0 0 0 2
+3 6 0 4
1924 4 2 0 0 0 0 0 0 0 2 1
1742 4 2 2
1942 4 0 0 1 0 0 1
206 2 2
1742 4
1941 6 0 0 0 0 0 0 0 0 2
+1 2 0 2
cfi=(199) ./stdlib/../stdlib/strtol.c
cfn=(674) __strtol_internal
calls=2 107 
* 292 42 24 10 1 1 10 0 0 72 20
* 4 2
+6 6 4 0 1 0 0 1 0 0 2
+3 10 2 2 0 0 0 0 0 0 2
+6 2
-4 4 0 0 0 0 0 0 0 0 2
+4 4 0 0 0 0 0 0 0 0 2 2
+23 4 0 2 1 0 0 1
1822 10 2 0 1 0 0 1 0 0 4 2
1498 4 0 0 1 0 0 1 0 0 2 2
+3 4 2 0 0 0 0 0 0 0 2
+97 8
1813 4 0 0 1 0 0 1
1501 4 0 0 0 0 0 0 0 0 2 2
3100 3 0 0 2 0 0 2 0 0 1 1
-2 2 0 1 1 0 0 1
cfi=(178)
cfn=(622) __uflow
calls=1 299 
* 72 22 7 2 1 0 2 0 0 13 7 2 1
* 3 0 0 0 0 0 0 0 0 1 1
1959 4 2 0 2 0 0 2 0 0 2 1
3098 4 2 0 1 0 0 1
1976 20 6 4 1 0 0 1 0 0 2
-15 4 2 0 1 0 0 1 0 0 2
+1 6 2 0 0 0 0 0 0 0 2 1
1442 4 0 2 1 0 0 1
-1 4

fl=(106) ./string/../sysdeps/x86_64/multiarch/strrchr.c
fn=(336) rindex
28 1
fi=(84)
+12 3 2
-2 4 0 0 0 0 0 0 0 0 1 1
fe=(106)
-10 2 1
fi=(84)
+13 2 1 0 1 0 0 1 0 0 1
+1 3 1 0 0 0 0 0 0 0 1
+3 2 0 0 0 0 0 0 0 0 1
+4 3 0 0 0 0 0 0 0 0 1
+3 5
fe=(106)

fl=(133) ./string/../sysdeps/x86_64/multiarch/memmove.c
fn=(414) memmove
29 1 0 0 1 0 0 1
fi=(99) ./string/../sysdeps/x86_64/multiarch/ifunc-memmove.h
+28 3 2
-1 2 0 0 0 0 0 0 0 0 1
+4 3 1 0 0 0 0 0 0 0 1
+14 2 0 0 0 0 0 0 0 0 1
+3 2 0 0 0 0 0 0 0 0 1
+8 2 0 0 0 0 0 0 0 0 1 1
+8 2 0 0 1 0 0 1 0 0 1 1
+3 5 1 0 2 0 0 2
fe=(133)

fl=(206) ./libio/./libio/iofclose.c
fn=(712) fclose@@GLIBC_2.2.5
34 24 0 12 1 0 0 1
+14 9 3 0 0 0 0 0 0 0 3 3
+9 3 3 0 1 0 0 1
fi=(189) ./libio/./libio/libioP.h
1025 9
+1 6 0 0 0 0 0 0 0 0 3
fe=(206)
57 9 3 3 0 0 0 0 0 0 0 0 3 1
cfi=(179) ./libio/./libio/fileops.c
cfn=(742) _IO_file_finish@@GLIBC_2.2.5
calls=3 168 
* 102 33 15 6 0 0 4 0 0 15 8
+1 9 3 0 0 0 0 0 0 0 3
+13 6 3 0 0 0 0 0 0 0 3 3
fi=(189)
951 12 6 0 1 4 0 1
+1 12 3 0 0 2 0 0 0 0 6
+6 6 0 3
cob=(3)
cfi=(154)
cfn=(726) 0x00000000048913e0
calls=3 0 
* 261 78 42 1 3 0 1 1 0 36 5 3
fe=(206)
76 21 15
-27 3 0 3 1 0 0 1
cfi=(178)
cfn=(714) _IO_un_link
calls=3 +4 
* 312 90 75 13 0 0 11 0 0 45 13
+2 24 15 0 0 0 0 0 0 0 6 2
+1 6 0 0 1 0 0 1 0 0 3
+1 6 0 3
cfi=(179)
cfn=(718) _IO_file_close_it@@GLIBC_2.2.5
calls=3 +75 
* 1112 309 190 32 4 0 32 0 0 147 36 8 2
fi=(189)
979 3 3
fe=(206)
53 3
fi=(189)
979 9 0 0 0 0 0 0 0 0 3
+1 27 9 6 0 0 0 0 0 0 6 2
fe=(206)
51 15 0 6 1 0 0 1 0 0 3

fl=(231) ./stdlib/./stdlib/exit.c
fn=(852) exit
137 2 0 1 1 0 0 1
+1 3
-1 1
+1 1 0 1
cfn=(854) __run_exit_handlers
calls=1 38 
* 1436 400 271 100 45 10 75 3 1 246 93 9 9

fn=(854)
38 12 0 8 1 0 0 1
+2 2 0 0 0 0 0 0 0 0 1 1
+3 5 0 1 1 0 1 1 0 0 1
+11 2 2 0 0 1
+2 2 0 0 0 0 0 0 0 0 1
+38 2
-30 6 2 0 0 1 0 0 0 0 2 1
+2 1
+1 1 1
-1 1 0 1 1 0 0 1
+3 7 1 0 0 0 0 0 0 0 2 1
+44 3 1 0 1 0 0 1 0 0 1 1
+13 1 0 0 1 0 0 1
-66 1 0 1 0 0 1
+66 3 1 1 0 0 0 0 0 0 2
+2 2 1 0 0 0 0 0 0 0 1 1
+3 2 0 1
cfi=(240) ./posix/../sysdeps/unix/sysv/linux/_exit.c
cfn=(916) _Exit
calls=1 27 
* 6 1 0 1 0 0 1
-29 1 1 0 1 0 0 1
+1 1 1
-2 1 0 1
+3 1
+3 1
-3 2 1
+3 3 1 1 0 0 0 0 0 0 2
+1 3 0 1 0 0 0 0 0 0 0 0 1 1
cob=(1) /usr/lib/x86_64-linux-gnu/ld-linux-x86-64.so.2
cfi=(233) ./elf/./elf/dl-fini.c
cfn=(858) _dl_fini
calls=1 -82 
* 981 260 170 62 35 8 37 1 1 162 62 8 8
+1 4 0 1 1 0 0 1 0 0 1 1
+10 3 2 1 1 0 0 1
+1 2 0 0 0 0 0 0 0 0 1 1
-79 1 0 1 1 0 0 1
cfi=(232) ./stdlib/./stdlib/cxa_thread_atexit_impl.c
cfn=(856) __call_tls_dtors
calls=1 148 
* 13 6 3 3 0 0 3 0 0 1 1
* 1
+88 1 0 1
cfi=(178)
cfn=(910) _IO_cleanup
calls=1 842 
* 357 118 78 25 8 0 25 2 0 68 23
* 1

fl=(207) ./io/../sysdeps/unix/sysv/linux/close_nocancel.c
fn=(724) __close_nocancel
25 3 0 0 1 0 0 1
+1 12 0 0 1 0 0 1 0 0 3
+1 3 3

fl=(186) ./libio/./libio/iogetline.c
fn=(618) _IO_getline
33 4 0 0 1 0 0 1
+1 8
cfn=(620) _IO_getline_info
calls=4 +15 
* 897 211 135 44 5 5 44 2 2 126 45 14 7

fn=(620)
49 60 0 40 1 0 0 1
+2 8 0 0 0 0 0 0 0 0 4 4
+2 12 4 0 1 0 0 1 0 0 4 1
+2 16 4 0 0 0 0 0 0 0 4
+28 4
+2 8 4
-2 8
+2 4 0 4
cob=(3)
cfi=(154)
cfn=(646) 0x0000000004891480
calls=4 -85 
* 95 13 0 4 1 0 4 1 0 18 3 4 1
* 4
+1 8 0 0 0 0 0 0 0 0 4 3
-29 15 10 0 1 0 0 1
+1 10 0 0 0 0 0 0 0 0 5 3
+2 2 0 1
cfi=(178)
cfn=(622)
calls=1 299 
* 458 119 68 31 4 5 31 1 2 65 25 6 5
+1 2 0 0 1 0 0 1 0 0 1
+6 2 1 0 0 0 0 0 0 0 1
+11 1
-1 2 0 1
-22 2 0 0 0 0 0 0 0 0 1 1
+33 8 4 0 1 0 0 1
+1 8
-1 4
+2 12 4 0 0 0 0 0 0 0 4
+2 4
+2 8
fi=(205) ./libio/../string/bits/string_fortified.h
-65 20 0 8
cob=(3)
cfi=(154)
cfn=(650) 0x00000000048916b0
calls=4 -29 
* 66 16 8 3 0 0 3 0 0 15 5 4 1
fe=(186)
+68 4 4
+1 4
-1 4 0 4
+10 32 28
-53 2 0 1 1 0 0 1

fl=(212) ./string/../sysdeps/x86_64/multiarch/memset-vec-unaligned-erms.S
fn=(784) __memset_avx2_unaligned_erms
158 27 0 0 1 0 0 1
+1 54
+5 27
+1 27 0 0 0 0 0 0 0 0 27
+1 27
+1 27
+1 27 0 0 0 0 0 0 0 0 27 2
+69 27 27 0 1 26 0 1
+1 27 0 0 0 0 0 0 0 0 27 2
+87 27 0 0 1 0 0 1
+1 27
+1 27
+1 161875059 0 161875032 0 0 2529193 0 0 1966 161875059 38
+1 27
+1 54 27 0 0 27

fl=(92) ./debug/../sysdeps/x86_64/multiarch/mempcpy_chk.c
fn=(304) __mempcpy_chk
29 1 0 0 1 0 0 1
fi=(93) ./debug/../sysdeps/x86_64/multiarch/ifunc-memmove.h
+28 3 2 0 1 0 0 1
-1 2 0 0 0 0 0 0 0 0 1
+4 3 1 0 0 0 0 0 0 0 1
+14 2 0 0 0 0 0 0 0 0 1
+3 2 0 0 0 0 0 0 0 0 1
+8 2 0 0 0 0 0 0 0 0 1 1
+8 2 0 0 1 0 0 1 0 0 1 1
+3 5 1 0 2 0 0 2
fe=(92)

fl=(180)
fn=(596)
24 9 0 0 1 0 0 1
+1 9 9
+2 18 9 9 0 2
+2 18 9 0 0 2
+3 18 0 0 0 0 0 0 0 0 9
+14 27 0 9 1 0 0 1
+2 9 0 9
+1 9 9

fn=(598)
54 9
+1 9 9
+2 18 9 9
+2 9 9
+1 27 9 0 1 0 0 1 0 0 9 7
+11 9 9

fl=(187) ./libio/./libio/filedoalloc.c
fn=(630) _IO_file_doallocate
78 33 3 15 3 0 0 2
+6 12 6 0 0 0 0 0 0 0 3
fi=(189)
1025 9
+1 6 0 0 0 0 0 0 0 0 3
fe=(187)
84 9 3 3 2 3 3 1 0 1 0 0 3 1
cfi=(179)
cfn=(632) _IO_file_stat
calls=3 1147 
* 27 6 0 3 0 0 3 0 0 3
* 6 0 0 0 0 0 0 0 0 3
+2 12 3 0 0 0 0 0 0 0 3
+11 12 3 0 0 2 0 0 0 0 3 2
+7 12 0 3
cfi=(178)
cfn=(636) _IO_setb
calls=3 329 
* 87 24 24 2 0 0 2 0 0 3 2
+1 3
+1 27 21 0 0 0 0 0 0 0 3
-23 3 0 0 1 0 0 1
+18 6 0 3 1 0 0 1
cob=(3)
cfi=(154)
cfn=(562) 0x00000000048913f0
calls=3 0 
* 522 105 54 3 12 12 1 0 2 81 15 3
* 3
+1 6 0 0 0 0 0 0 0 0 3 2

fl=(214) ./stdio-common/./stdio-common/vfprintf-internal.c
fn=(796) __printf_buffer
600 60 0 30 1 0 0 1
fi=(198)
82 5
fe=(214)
600 10 0 5 0 0 4
fi=(198)
82 5
fe=(214)
600 5 0 5
+27 15 10 5 1 2 2 1
+11 5 5
-11 5 5 0 0 2
+11 5 0 5 0 0 4
-11 5 0 5
+11 10 5 5
fi=(198)
82 5 0 5 0 0 2
cob=(3)
cfi=(154)
cfn=(798) 0x0000000004891590
calls=5 -82 
* 105 15 0 3 6 0 3 1 0 10 0 5 2
fe=(214)
653 10
+1 5
fi=(198)
82 10 0 5 1 0 0 1
fe=(214)
654 5
-1 5 0 5
cfi=(216) ./stdio-common/./stdio-common/Xprintf_buffer_write.c
cfn=(802) __printf_buffer_write
calls=5 27 
* 195 56 37 3 2 4 3 0 0 24 12 3
+2 15 5 0 0 0 0 0 0 0 5
+4 10 5 0 0 0 0 0 0 0 5
+4 40 15 5 1 4 2 1 1 0 15
-32 5 0 5
973 5
642 5 0 5 0 0 2
973 10 0 5
634 5 0 5
+71 28 7 0 1 0 0 1 0 0 7 5
1044 55 45 0 1 0 0 1 0 0 5
705 14 0 0 1 0 0 1
-13 7
+7 7 0 7 0 0 2
+6 14
-14 7
-4 7
+18 7
-10 7
+10 7 0 0 1 0 0 1
-7 7 0 7
-4 7 0 7
+11 14 7 0 0 4 0 0 1
-19 7 0 7
-1 7 0 7
+20 7 7 0 0 4 0 0 1
-12 7
-9 7 0 7 1 0 0 1
-1 7 0 7
+22 7
-15 14 0 0 0 0 0 0 0 0 0 0 7 2
891 6 0 0 1 0 0 1
+82 6 3 0 1 0 0 1 0 0 3
+3 102 21 18 2 0 0 2
+20 33 9 6 1 0 0 1 0 0 6
+1 3
263 3
+1 3
997 3 0 3
744 3 3 0 0 2
264 6
744 3 3 0 1 2 0 1
263 6 0 0 0 0 0 0 0 0 3 2
1024 7
fi=(198)
82 7
fe=(214)
1018 7 0 7
fi=(198)
82 14 0 7
cob=(3)
cfi=(154)
cfn=(798)
calls=7 -82 
* 147 21 0 0 0 0 0 0 0 14 0 7
fe=(214)
1028 14
+1 7
fi=(198)
82 7
fe=(214)
1029 7
-1 7 0 7 1 0 0 1
cfi=(216)
cfn=(802)
calls=7 27 
* 392 91 56 0 0 0 0 0 0 70 12 7
+3 20 9 0 0 0 0 0 0 0 9 6
fi=(229) ./stdio-common/./stdio-common/vfprintf-process-arg.c
136 8 0 0 1 0 0 1 0 0 4 4
+19 52 4 24 1 0 0 1
cfi=(230) ./stdio-common/./stdio-common/_itoa.c
cfn=(844) _itoa_word
calls=4 +14 
* 268 20 16 4 2 0 4 1 0 20 8
+11 8 8
-11 8 4 4
+11 16 8 4 1 0 0 1
-5 32 8 4 0 0 0 0 0 0 8 2
+25 20 0 0 1 0 0 1 0 0 8 2
+15 8 4
-4 12 4 0 0 0 0 0 0 0 4
+2 12 4
+2 8 0 0 0 0 0 0 0 0 4
+7 4 4 0 1 0 0 1
-2 8
+2 12 4 0 0 0 0 0 0 0 4
+3 8 4 0 0 0 0 0 0 0 4 2
+13 8 0 0 0 0 0 0 0 0 4
fi=(227) ./stdio-common/../include/printf_buffer.h
-61 8 0 0 0 0 0 0 0 0 4 2
fi=(229)
+70 8 0 0 1 0 0 1 0 0 4 2
+3 8 4 0 0 0 0 0 0 0 4 2
136 4 0 0 1 0 0 1
+2 8
-71 4 0 0 1 0 0 1
-18 4 4
-1 8 0 0 0 0 0 0 0 0 4 4
201 12 4 4 1 0 0 1
58 8 0 0 0 0 0 0 0 0 4
-23 4 0 4
+22 8
161 4 0 4 1 0 0 1
+9 8 0 4 1 0 0 1
+17 4 4 0 1 0 0 1
+8 4
-8 4
+12 4 0 0 1 0 0 1
-12 4
+8 16
-8 24 8 0 1 0 0 1
+53 16 8 4 2 0 0 2
cfi=(216)
cfn=(802)
calls=4 27 
* 220 56 36 0 0 0 0 0 0 32 9 4
* 4
fe=(214)
+26 3 0 3 1 0 0 1
cfi=(217) ./stdio-common/./stdio-common/printf_fp.c
cfn=(804) __printf_fp_l_buffer
calls=3 1099 
* 3112 628 458 85 30 26 85 10 4 505 163 6
1001 3
fi=(227)
163 8 0 0 1 0 0 1 0 0 4 2
fi=(229)
50 8 0 0 1 0 0 1 0 0 4
+2 8 0 0 0 0 0 0 0 0 4
+1 32 8 4 0 0 0 0 0 0 4
fe=(214)

fn=(790) __vfprintf_internal
1522 65 0 30 1 0 2 1
+3 25 10 5 0 2 0 0 0 0 5 4
+4 25 5 0 1 2 0 1 0 0 10
+11 10 5 0 0 2 0 0 0 0 5 5
+27 55 45 0 0 0 0 0 0 0 5
-42 10 0 0 1 0 0 1 0 0 5 5
+18 20 0 5 1 0 2 1
cfi=(215) ./stdio-common/./stdio-common/printf_buffer_to_file.c
cfn=(792) __printf_buffer_to_file_init
calls=5 108 
* 116 20 35 3 2 4 3 0 0 5 2
+1 25 0 5
cfn=(796)
calls=5 600 
* 5691 1147 863 130 60 48 130 15 4 809 239 39 4
+1 10 0 5 1 0 0 1
cfi=(215)
cfn=(830) __printf_buffer_to_file_done
calls=5 117 
* 848 219 110 6 4 4 6 0 0 126 23 9 1
* 5

fl=(232)
fn=(856)
148 4 0 2 1 0 0 1
+1 1 1 0 1 0 0 1
-1 1 0 1
+1 3 1 0 0 0 0 0 0 0 1 1
+16 4 4 0 1 0 0 1

fl=(168) ./setjmp/./setjmp/sigjmp.c
fn=(552) __sigjmp_save
28 6 0 2
+2 2 0 0 0 0 0 0 0 0 1
-1 1 0 1
+5 4 3

fl=(107) ./wcsmbs/../sysdeps/x86_64/multiarch/wcscmp.c
fn=(340) wcscmp
30 1 0 0 1 0 0 1
fi=(101) ./wcsmbs/../sysdeps/x86_64/multiarch/ifunc-avx2.h
+10 3 2
-2 4 0 0 0 0 0 0 0 0 1 1
fe=(107)
-8 2 1
fi=(101)
+11 2 1 0 1 0 0 1 0 0 1
+1 3 1 0 0 0 0 0 0 0 1
+3 2 0 0 0 0 0 0 0 0 1
+4 3 0 0 0 0 0 0 0 0 1
+3 5
fe=(107)

fl=(125) ./string/../sysdeps/x86_64/multiarch/strcpy.c
fn=(382) strcpy
29 1 0 0 1 0 0 1
fi=(118) ./string/../sysdeps/x86_64/multiarch/ifunc-strcpy.h
+9 2 2
+1 1 1
-1 2 0 0 0 0 0 0 0 0 1
+1 2 0 0 1 0 0 1 0 0 1
+3 2 0 0 0 0 0 0 0 0 1
+4 3 0 0 0 0 0 0 0 0 1
+3 3 0 0 0 0 0 0 0 0 1 1
fe=(125)
-20 1 1

fl=(196) ./string/../sysdeps/x86_64/multiarch/strlen-avx2.S
fn=(666) __strlen_avx2
52 4 0 0 1 0 0 1
+13 4
+1 4
+1 4
+3 4
+2 4
+1 4 0 0 0 0 0 0 0 0 4
+3 4 4 0 0 2 0 0 1
+1 4
+8 4
+1 4 0 0 0 0 0 0 0 0 4
+1 4
+5 8 4

fl=(228) ./stdio-common/./stdio-common/Xprintf_buffer_done.c
fn=(832) __printf_buffer_done
25 5 0 0 1 0 0 1
+1 15 5 0 0 0 0 0 0 0 5
+5 10 10 0 1 0 0 1
+2 60 5 0 0 0 0 0 0 0 15
+7 5 5

fl=(238) ./posix/./posix/register-atfork.c
fn=(876) __unregister_atfork
82 4 0 2 1 0 0 1
+1 4
-1 8 0 2
+1 4 0 2 0 0 1 0 0 1 2 1
fi=(239) ./posix/../malloc/dynarray-skeleton.c
243 2 2 0 0 1 0 0 1
fe=(238)
71 4 0 0 1 0 0 1 0 0 2 2
+38 8 2 2 1 0 0 1 0 0 4 2
+1 6 6

fl=(167) ./setjmp/../sysdeps/x86_64/setjmp.S
fn=(550) __sigsetjmp
31 1 0 0 1 0 0 1
+2 1 0 1
+9 1
+1 2 1
+1 1 0 1
+4 1 0 1
+1 1 0 1
+1 1 0 1
+1 1 0 1
+1 1
+2 2 1 0 1 0 0 1
+2 1 0 1
+1 1 1
+1 1
+2 2 1
+2 1 0 1
+5 1 1 0 0 1
+1 1 0 0 0 0 0 0 0 0 1 1
+17 1 0 0 1 0 0 1
cfi=(168)
cfn=(552)
calls=1 -57 
* 13 3 3 0 0 0 0 0 0 1

fl=(191) ./string/../sysdeps/x86_64/multiarch/memchr-avx2.S
fn=(648) __memchr_avx2
61 4 0 0 1 0 0 1
+7 4
+2 4 0 0 0 0 0 0 0 0 4
+3 4
+1 4
+2 4
+1 4
+1 4
+1 4 0 0 0 0 0 0 0 0 4
+3 4 4 0 0 1 0 0 1
+1 4
+3 4
+1 4 0 0 0 0 0 0 0 0 4 1
+2 3
+1 3 0 0 0 0 0 0 0 0 3 1
+1 2
+1 2
+2 4 2
+7 1
+5 1
+7 1
+1 1 0 0 0 0 0 0 0 0 1
+1 1
+1 1 1
+5 1 0 0 1 0 0 1
+1 1
+1 1
+1 2 1
+37 1 0 0 1 0 0 1
+1 1
+1 1
+2 1
+10 1 1
+1 1
+3 1
+1 1 0 0 0 0 0 0 0 0 1
+2 1
+1 1 0 0 0 0 0 0 0 0 1 1

fl=(86) ./string/../sysdeps/x86_64/multiarch/strcmp.c
fn=(290) strcmp
79 1 0 0 1 0 0 1
-31 2 2
+1 1 1
-2 4 0 0 1 0 0 1 0 0 1 1
+2 2 0 0 0 0 0 0 0 0 1
+3 2 0 0 0 0 0 0 0 0 1
+4 3 0 0 1 0 0 1 0 0 1
+3 3 0 0 0 0 0 0 0 0 1
+20 1 1

fl=(116) ./wcsmbs/../sysdeps/x86_64/multiarch/wcscpy.c
fn=(360) wcscpy
60 1 0 0 1 0 0 1
-17 2 2 0 1 0 0 1
-1 4 0 0 0 0 0 0 0 0 1 1
+2 3 1 0 0 0 0 0 0 0 1
+2 2 0 0 1 0 0 1 0 0 1
+4 3 0 0 0 0 0 0 0 0 1
+10 1 1

fl=(136) ./string/../sysdeps/x86_64/multiarch/strspn.c
fn=(422) strspn
29 1 0 0 1 0 0 1
fi=(242) ./string/../sysdeps/x86_64/multiarch/ifunc-sse4_2.h
+7 5 2 0 1 0 0 1
fe=(136)
-7 1 1

fl=(163)
fn=(526)
242 13 0 7 1 0 0 1
+69 3 0 0 0 0 0 0 0 0 1
+1 3 0 1
cfi=(164) ./stdlib/./stdlib/cxa_atexit.c
cfn=(528) __cxa_atexit
calls=1 67 
* 72 16 19 7 3 1 7 1 0 9 1
+25 6 2 1 1 0 0 1 0 0 1 1
+6 2 2
-3 2 0 0 0 0 0 0 0 0 1 1
+10 2 1 1
cob=(3)
cfi=(154)
cfn=(542) 0x00000000048917b0
calls=1 0 
* 7 3 0 2 0 0 2 0 0 1 0 1 1
+2 2 0 0 0 0 0 0 0 0 1
+8 4 1 1
cfi=(165) ./csu/../sysdeps/nptl/libc_start_call_main.h
cfn=(546) (below main)
calls=1 29 
* 6782463358 696738554 336063821 749 6092527 31787145 675 13613 194692 336186142 42200 324 59
128 2 2 0 1 0 0 1
+6 3 1 0 0 1 0 0 0 0 1
+1 6 2 2 0 1 0 0 0 0 0 0 1 1
cob=(3)
cfi=(154)
cfn=(532) 0x0000000000109000
calls=1 0 
* 7 2 0 1 0 0 1 0 0 1 1
* 1 1
+3 1 1
+1 2 0 0 1 0 0 1 0 0 1
+3 2 2
+1 2 2
-1 1
+2 7 0 1 0 0 0 0 0 0 1
+1 4 1 2 1 0 0 1 0 0 0 0 1 1
cob=(5)
cfi=(162)
cfn=(536)
calls=1 0 
* 12 1 0 3 0 0 3 0 0 1 1
-1 4 1 0 0 0 0 0 0 0 1

fl=(192) ./string/../sysdeps/x86_64/multiarch/memmove-vec-unaligned-erms.S
fn=(652) __memcpy_avx_unaligned_erms
255 22 0 0 1 0 0 1
+1 22
+6 22
+1 22 0 0 0 0 0 0 0 0 22 13
+2 2 2
+1 2
+1 2 0 0 0 0 0 0 0 0 2 1
+3 1 1
+1 1 0 1
+1 1 0 1
+3 2 1
+30 20
+1 20 0 0 0 0 0 0 0 0 20 2
+2 18
+1 18 0 0 0 0 0 0 0 0 18 5
+2 14
+4 14 0 0 0 0 0 0 0 0 14 4
+1 8 0 0 1 0 0 1
+1 8 0 0 0 0 0 0 0 0 8
+1 8 8
+1 8 0 0 0 0 0 0 0 0 8 2
+1 1 1
+1 1 0 1
+2 1 0 1
+2 1 1
-2 7 0 7
+2 7 7
+6 6 6
+1 6 6
+1 6 0 6
+1 6 0 6
+1 6 6
+7 2 2
+1 2 2
+1 2 0 2
+1 2 0 2
+2 2 2
+17 4 4 0 1 0 0 1
+1 4 4
+1 4 0 4 0 0 2
+1 4 0 4
+1 4 4
+18 1 1
+1 1 0 0 0 0 0 0 0 0 1
+5 1
+1 1 0 0 0 0 0 0 0 0 1 1
+24 1
+1 1
+4 1
+2 1 0 0 0 0 0 0 0 0 1
+4 1 1
+1 1 0 0 0 0 0 0 0 0 1
+11 1
+3 1
+2 1
+2 1
+4 1
+1 1 0 0 0 0 0 0 0 0 1
+9 1 1
+1 1 1
+2 1
+2 1
+1 1 1
+1 1 1
+3 1
+2 1
+2 1
+2 2
+6 1 1
+1 1 1
+1 1 1
+1 1 1
+1 1
+1 1 0 1 0 0 1 0 0 1
+1 1 0 1 0 0 1 0 0 1
+1 1 0 1
+1 1 0 1 0 0 1 0 0 1
+1 1
+1 1
+1 1 0 0 0 0 0 0 0 0 1 1
-11 49 49
+1 49 49
+1 49 49
+1 49 49
+1 49
+1 49 0 49
+1 49 0 49 0 0 49 0 0 49
+1 49 0 49
+1 49 0 49 0 0 49 0 0 49
+1 49
+1 49
+1 49 0 0 0 0 0 0 0 0 49 7
+2 1 0 1 0 0 1 0 0 1
+1 1 0 1
+1 1 0 1
+1 1 0 1
+2 1 0 1
+4 2 1

fn=(702) __mempcpy_avx_unaligned_erms
242 9 0 0 1 0 0 1
+1 9
+1 9
+1 9
+17 9
+1 9 0 0 0 0 0 0 0 0 9 5
+2 5 5 0 0 3
+1 5
+1 5 0 0 0 0 0 0 0 0 5 5
+38 4
+1 4 0 0 0 0 0 0 0 0 4 4
+2 2
+1 2 0 0 0 0 0 0 0 0 2
+2 2
+4 2 0 0 0 0 0 0 0 0 2 2
+16 2 2
+1 2 2
+1 2 0 2
+1 2 0 2
+1 2 2
+7 2 2
+1 2 2
+1 2 0 2
+1 2 0 2
+2 2 2
+39 5 5 0 2 3 0 1
+1 5 0 0 0 0 0 0 0 0 5
+5 5
+1 5 0 0 0 0 0 0 0 0 5 3
+24 5 0 0 1 0 0 1
+1 5
+4 5
+2 5 0 0 2 0 0 1 0 0 5
+4 5 5 0 0 3
+1 5 0 0 0 0 0 0 0 0 5
+11 5
+3 5
+2 5
+2 5
+4 5
+1 5 0 0 0 0 0 0 0 0 5
+9 5 5 0 0 3 0 0 1
+1 5 5
+2 5
+2 5
+1 5 5 0 2 4 0 1 1
+1 5 5
+3 5
+2 5
+2 5
+2 10
+6 5 5 0 0 1
+1 5 5 0 0 3 0 0 1
+1 5 5 0 0 1
+1 5 5 0 0 3 0 0 1
+1 5
+1 5 0 5 0 0 2 0 0 1
+1 5 0 5 0 0 1 0 0 1
+1 5 0 5 2 0 2 1 0 1
+1 5 0 5 0 0 1 0 0 1
+1 5
+1 5
+1 5 0 0 0 0 0 0 0 0 5 1
-11 232 232 0 0 22
+1 232 232 0 0 183 0 0 61
+1 232 232 0 0 22
+1 232 232 0 0 183 0 0 61
+1 232
+1 232 0 232 0 0 124 0 0 62
+1 232 0 232 0 0 62 0 0 62
+1 232 0 232 0 0 124 0 0 62
+1 232 0 232 0 0 62 0 0 62
+1 232
+1 232
+1 232 0 0 0 0 0 0 0 0 232 13
+2 5 0 5 0 0 3 0 0 2
+1 5 0 5
+1 5 0 5
+1 5 0 5
+2 5 0 5
+4 10 5

fl=(193) ./stdio-common/./stdio-common/isoc23_sscanf.c
fn=(658) __isoc23_sscanf
24 15 0 8 2 0 0 2 0 0 1 1
fi=(194) ./stdio-common/../libio/strfile.h
+64 4 0 0 1 0 0 1
fe=(193)
-64 3 1 1
fi=(194)
+64 1
-1 1 0 1 1 0 0 1
+1 2 0 1
cfi=(178)
cfn=(588) _IO_no_init
calls=1 563 
* 47 9 19 0 0 0 0 0 0 2 2
+1 1
+1 4
-1 1 0 1
+1 1 0 1
cfi=(195) ./libio/./libio/strops.c
cfn=(662) _IO_str_init_static_internal
calls=1 -54 
* 85 17 22 5 0 0 5 0 0 5 2 1 1
fe=(193)
-60 1
+1 2
-1 1 0 1
+1 1
-1 1 0 0 1 0 0 1
+1 1
-1 3 0 3
+1 1 0 1
cfi=(197)
cfn=(668)
calls=1 278 
* 1346 296 178 71 10 10 71 6 3 252 80 6 3
+5 9 7 0 1 0 0 1 0 0 1

fl=(127) ./string/../sysdeps/x86_64/multiarch/strlen.c
fn=(394) strlen
29 1 0 0 1 0 0 1
fi=(84)
+11 3 2
-2 4 0 0 0 0 0 0 0 0 1 1
fe=(127)
-9 2 1
fi=(84)
+12 2 1 0 0 0 0 0 0 0 1
+1 3 1 0 1 0 0 1 0 0 1
+3 2 0 0 0 0 0 0 0 0 1
+4 3 0 0 0 0 0 0 0 0 1
+3 5
fe=(127)

fl=(211) ./misc/../sysdeps/unix/syscall-template.S
fn=(780) munmap
117 10 0 0 2 0 0 2 0 0 2 1
+5 2 2

fl=(94) ./debug/../sysdeps/x86_64/multiarch/memcpy_chk.c
fn=(308) __memcpy_chk
29 1 0 0 1 0 0 1
fi=(93)
+28 3 2 0 1 0 0 1
-1 2 0 0 0 0 0 0 0 0 1
+4 3 1 0 0 0 0 0 0 0 1
+14 2 0 0 0 0 0 0 0 0 1
+3 2 0 0 0 0 0 0 0 0 1
+8 2 0 0 0 0 0 0 0 0 1 1
+8 2 0 0 1 0 0 1 0 0 1
+3 5 1 0 2 0 0 2
fe=(94)

fl=(208) ./libio/./libio/iofwrite.c
fn=(750) fwrite
31 60 0 40 1 0 0 1
+1 10
-1 10 0 10
+1 10
-1 20 0 10
+4 60 0 0 0 0 0 0 0 0 10
+2 100 50 10 1 3 0 1 0 0 30 6
+1 33 10 3 1 1 0 1 0 0 10 5
+1 3 3
fi=(189)
1025 3
fe=(208)
39 3 0 3
fi=(189)
1025 3
+1 6 0 0 1 0 0 1 0 0 3
fe=(208)
39 7 7
fi=(189)
1025 7
fe=(208)
39 7 0 7
fi=(189)
1025 7
+1 14 0 0 0 0 0 0 0 0 7
fe=(208)
39 50 20 10 0 2 1 0 0 0 0 0 10 1
cfi=(179)
cfn=(752) _IO_file_xsputn@@GLIBC_2.2.5
calls=10 1198 
* 4575 1266 1071 41 328 266 32 1 128 513 92 26 3
+6 20
fi=(189)
979 20 10 0 0 0 0 0 0 0 10 6
fe=(208)
45 20 0 0 0 0 0 0 0 0 10 6
+1 10
+3 90 70
-11 14 0 0 0 0 0 0 0 0 7 5
fi=(189)
980 90 30 20 3 0 0 2 0 0 20
fe=(208)
37 40 10 20 1 0 0 1

fl=(100) ./wcsmbs/../sysdeps/x86_64/multiarch/wcscat.c
fn=(324) wcschr
31 2 0 0 1 0 0 1
fi=(101)
+9 6 4
-2 8 0 0 1 0 0 1 0 0 2 2
fi=(102) ./wcsmbs/../sysdeps/x86_64/multiarch/wcschr.c
-7 4 2
fi=(101)
+10 4 2 0 0 0 0 0 0 0 2
+1 6 2 0 0 0 0 0 0 0 2
+3 4 0 0 0 0 0 0 0 0 2
+4 6 0 0 0 0 0 0 0 0 2
+3 10 0 0 1 0 0 1
fe=(100)

fn=(390) wcscat
31 1 0 0 1 0 0 1
fi=(97) ./wcsmbs/../sysdeps/x86_64/multiarch/ifunc-wcs.h
+9 3 2
-1 4 0 0 0 0 0 0 0 0 1 1
+2 3 1 0 0 0 0 0 0 0 1
+3 2 0 0 0 0 0 0 0 0 1
+4 4
fe=(100)
-17 1 1

fl=(108) ./string/../sysdeps/x86_64/multiarch/stpncpy.c
fn=(344) stpncpy
31 1 0 0 1 0 0 1
fi=(109) ./string/../sysdeps/x86_64/multiarch/ifunc-strncpy.h
+4 5 2 0 1 0 0 1 0 0 1
+1 3 1 0 0 0 0 0 0 0 1
+3 2 0 0 0 0 0 0 0 0 1
+4 3 0 0 0 0 0 0 0 0 1
+3 4
fe=(108)
-15 1 1

fl=(175) ./misc/./misc/sbrk.c
fn=(580) sbrk
37 24 0 12 1 0 1 1
+3 3 3 0 0 1
+3 3 3 0 2 1 0 1
-3 3 3 0 0 1
+3 3 0 0 0 0 0 0 0 0 3 3
+35 7 5
-20 6 0 0 0 0 0 0 0 0 3 1
+4 6 0 0 0 0 0 0 0 0 3 1
+4 8 0 0 2 0 0 1 0 0 4 2
+8 2 0 2 1
cfi=(176) ./misc/../sysdeps/unix/sysv/linux/brk.c
cfn=(582) brk
calls=2 -38 
* 18 4 2 0 0 0 0 0 0 2
* 4 0 0 0 0 0 0 0 0 2
+4 14 10
-19 2 0 1 1 0 0 1
cfi=(176)
cfn=(582)
calls=1 -23 
* 9 2 1 1 0 0 1 0 0 1
* 2 0 0 0 0 0 0 0 0 1
+4 2 1

fl=(188) ./io/../sysdeps/unix/sysv/linux/fstat64.c
fn=(634) fstat
30 3 0 0 1 0 0 1
+9 12 0 0 1 0 0 1 0 0 3
+33 3 3

fl=(117) ./string/../sysdeps/x86_64/multiarch/strcat.c
fn=(362) strcat
29 1 0 0 1 0 0 1
fi=(118)
+9 2 2
+1 1 1
-1 2 0 0 0 0 0 0 0 0 1
+1 2 0 0 1 0 0 1 0 0 1
+3 2 0 0 0 0 0 0 0 0 1
+4 3 0 0 0 0 0 0 0 0 1
+3 3 0 0 0 0 0 0 0 0 1 1
fe=(117)
-20 1 1

fl=(222) ./stdlib/../sysdeps/x86_64/rshift.S
fn=(816) __mpn_rshift
28 2 0 0 1 0 0 1
+1 2
+1 2
+1 2 0 0 0 0 0 0 0 0 2 2
+13 2
+1 2 0 0 1 0 0 1 0 0 2 2
+16 2 0 0 0 0 0 0 0 0 2
+1 2 2
+1 2 2
+1 2
+1 2
+1 2
+1 2 0 0 0 0 0 0 0 0 2 2
+5 2 0 0 1 0 0 1
+1 2 0 2
+1 2
+1 2 0 2
+1 2 2

fl=(139) ./string/../sysdeps/x86_64/multiarch/strncase.c
fn=(432) strncasecmp
31 1 0 0 1 0 0 1
fi=(114) ./string/../sysdeps/x86_64/multiarch/ifunc-strcasecmp.h
+6 2 2
-1 4 0 0 0 0 0 0 0 0 1 1
fe=(139)
-5 2 1
fi=(114)
+7 3 1 0 1 0 0 1 0 0 1
+3 2 0 0 0 0 0 0 0 0 1
+4 3 0 0 0 0 0 0 0 0 1
+3 4 0 0 0 0 0 0 0 0 1
fe=(139)

fl=(217)
fn=(804)
1099 36 0 21 1 0 2 1
+3 3 3
-3 21 3 6 1 0 0 1
+3 6 0 0 0 0 0 0 0 0 3 2
+13 6 0 3 1 0 0 1
+2 3
-2 3 0 3
cob=(3)
cfi=(154)
cfn=(664) 0x0000000004891500
calls=3 0 
* 48 9 0 0 4 0 0 1 0 6 0 3
* 6 3 3
+1 15 6 0 0 2 0 0 1 0 6 2
+31 33 27 0 1 0 0 1 0 0 3
-30 6 0 0 1 0 0 1 0 0 3 2
fi=(218) ./stdio-common/../include/../locale/localeinfo.h
331 6 6 0 1 4 0 1
fe=(217)
1111 3 0 3 0 0 2
fi=(218)
331 3 3 0 0 2
fe=(217)
1112 6 0 3
+10 21 9 3 1 0 0 1
cfn=(808) __printf_fp_buffer_1.isra.0
calls=3 138 
* 2884 559 413 78 18 22 78 8 4 484 157 3
+4 3

fn=(822) hack_digit
88 16 0 12
+3 4 4
-3 4
+3 12 2 0 1 0 0 1 0 0 6 4
+2 4 4
+2 8 8
-2 8 0 0 0 0 0 0 0 0 4 4
+2 4
+1 12
-1 4 4
+1 4 0 4
cfi=(221) ./stdlib/../sysdeps/x86_64/mul_1.S
cfn=(814) __mpn_mul_1
calls=4 -65 
* 84 12 8 0 0 0 0 0 0 16
+31 4
-31 4 0 4
+32 20 16
-37 12 2 2 1 0 0 1 0 0 2 2

fn=(808)
138 54 3 39 2 0 6 2
+21 3 3 0 1 0 0 1
+18 3 0 3
+10 3 0 3 0 0 2
-28 21 0 3
+62 6 0 0 0 0 0 0 0 0 3 2
1030 33 27 0 0 0 0 0 0 0 3
226 9 3 0 1 0 0 1 0 0 3 2
+4 21 9 0 2 4 0 2 2 0 6 2
+36 3 3 0 1 0 0 1
+5 3
-49 3 0 3
+44 12 0 0 1 0 0 1
+1 3
+1 6
+3 39 0 3 1 0 0 1 0 0 6 2
+1 3
-1 3
+1 9
-1 3
+1 6
-1 3 0 3
+1 24 0 3 1 0 2 1 0 1 6 1
+1 3
-1 6 0 3
+1 39 0 3 2 0 2 2 0 1 6 2
+6 3 0 3
-6 6 0 3
+7 6 0 0 0 0 0 0 0 0 3 1
665 3 3 0 1 0 0 1
+9 3 3
-9 3 3
+9 3 3
+6 3 3
-15 3 0 3
+9 6 3 0 1 0 0 1
+6 3 0 3
-6 6 3 3 0 2 0 0 1
+2 6 0 0 0 0 0 0 0 0 3
+10 6 3 0 0 0 0 0 0 0 3 3
+52 2 1 0 0 0 0 0 0 0 1
+8 6 3 0 1 0 0 1
fi=(224) ./stdio-common/../sysdeps/pthread/allocalim.h
27 3
fe=(217)
746 3 0 3
fi=(224)
27 3 0 3
cfi=(223) ./nptl/./nptl/alloca_cutoff.c
cfn=(818) __libc_alloca_cutoff
calls=3 * 
* 33 6 0 2 2 0 2 0 0 3 3
+2 6 0 0 0 0 0 0 0 0 3 3
fe=(217)
759 42 3 3 1 0 0 1 0 0 6 3
fi=(224)
29 3 0 3
fe=(217)
759 9 0 3 1 0 0 1
+4 3 3
-3 6 0 3
+3 10 2 0 0 0 0 0 0 0 5 2
+3 3 2 0 1 0 0 1
+7 6 3 0 0 0 0 0 0 0 2
+2 2 1
-4 1 0 1
+4 1 0 1
+14 2 1 1
-2 1
+1 5 1 2
+1 1
+1 2 0 0 0 0 0 0 0 0 1 1
-1 4 2 2 1 0 0 1
-2 2
+1 10 2 4 1 0 0 1
+1 2
+1 4 0 0 0 0 0 0 0 0 2 2
-1 18
+1 42 0 0 0 0 0 0 0 0 21 8
91 18 18
792 18
+2 18
91 60 12 0 1 0 0 1 0 0 30 9
+2 18 18
+2 36 36
-2 36 0 0 0 0 0 0 0 0 18 8
793 18 0 18 1 0 0 1
+1 36 0 0 0 0 0 0 0 0 18 4
+1 36 0 18
230 18 0 3 1 0 2 1 0 1
cfi=(219) ./stdlib/../sysdeps/ieee754/dbl-64/dbl2mpn.c
cfn=(810) __mpn_extract_double
calls=3 33 
* 66 3 12 2 0 2 2 0 0 3 2
* 12
+4 3
91 60 12 12 2 0 0 2 0 0 12 6
796 12 4 0 0 0 0 0 0 0 4
95 18 0 0 1 0 0 1
+1 54
-1 36 18 18
+1 18 0 18
cfi=(221)
cfn=(814)
calls=18 -65 
* 378 54 36 0 0 0 0 0 0 72
* 18 0 18
+31 54 18 0 1 0 0 1
805 15 12 0 0 0 0 0 0 0 3 2
+1 9 0 6 1 0 0 1
cfn=(822)
calls=3 88 
* 157 40 23 2 0 0 2 0 0 22 8
+2 6 3
-2 3
+2 15 0 0 0 0 0 0 0 0 3 2
+2 3 1 0 0 0 0 0 0 0 1 1
+3 2 1 0 0 0 0 0 0 0 1
+5 2 0 0 1 0 0 1 0 0 1
-8 2 1
+8 8 2 0 0 0 0 0 0 0 4 3
fi=(225) ./stdio-common/../sysdeps/generic/get-rounding-mode.h
94 3 0 3
+1 21 3 0 1 0 0 1 0 0 9 3
fe=(217)
935 3 3
-11 9 0 0 0 0 0 0 0 0 3
+7 6 0 0 1 0 0 1 0 0 3 3
+4 6 0 0 1 0 0 1 0 0 3 2
+45 15 9 0 1 0 0 1 0 0 3 2
+3 6 0 3 1 0 0 1
+8 6 3
-4 3 3
+4 3
+5 6
-9 12 0 0 0 0 0 0 0 0 6 2
+9 12 6 0 1 0 0 1 0 0 3
fi=(227)
163 9 3 0 0 0 0 0 0 0 3 2
fe=(217)
999 12 6 0 1 0 0 1 0 0 3
+2 9 0 0 0 0 0 0 0 0 3 2
+5 6 0 0 0 0 0 0 0 0 3
fi=(227)
163 9 6 0 1 0 0 1 0 0 3 2
fe=(217)
1009 9 3 0 0 0 0 0 0 0 3 2
+13 12 3 3 1 0 0 1
cfi=(216)
cfn=(802)
calls=3 27 
* 159 42 27 0 0 4 0 0 0 21 8 3
+2 9 6 0 0 0 0 0 0 0 3 2
+4 9 3 0 1 0 0 1 0 0 3 2
483 6 0 0 1 0 0 1 0 0 3 3
655 3 0 0 0 0 0 0 0 0 1
+4 2 0 1
cfi=(220) ./stdlib/../sysdeps/x86_64/lshift.S
cfn=(812) __mpn_lshift
calls=1 28 
* 16 2 1 0 0 0 0 0 0 3 2
* 1
+1 5 2 2 1 0 0 1
+1 2 0 1
fi=(226) ./stdio-common/../include/rounding-mode.h
52 6 0 0 1 0 0 1 0 0 3 3
fe=(217)
766 3 1 0 1 0 0 1 0 0 1 1
-35 10 0 8 1 0 0 1
-43 6 0 3 1 0 0 1
+1 12 0 3 1 0 0 1 0 0 3
+3 9 3 0 0 0 0 0 0 0 3 1
+2 1 1
+2 2 0 1
+42 2 0 0 0 0 0 0 0 0 1 1
994 12 3 3 1 0 0 1
+2 6 0 0 0 0 0 0 0 0 3 2
311 2 2 0 1 0 0 1
766 3
+3 2 0 1
cfn=(822)
calls=1 88 
* 47 12 7 0 0 0 0 0 0 6 2
* 1 0 1
-3 4 0 0 0 0 0 0 0 0 1
+15 2 2 0 1 0 0 1
+2 2 2 0 1 0 0 1
669 4 0 2
782 2 0 2
-1 2 0 2 0 0 2 0 0 1
+2 6 0 2
499 6 0 2 1 0 0 1
cfi=(220)
cfn=(812)
calls=2 28 
* 32 4 2 2 0 0 2 0 0 6 4
+1 10 4 4
+1 4 0 0 0 0 0 0 0 0 2 2
+3 2 2 0 1 0 0 1
-8 2
+7 2 0 2
+1 2
-18 2 0 2
+18 4 0 2
+2 2
623 24
-2 24
+2 92 0 0 0 0 0 0 0 0 46 2
509 24 0 0 1 0 0 1
+2 48 24 0 0 10 0 0 5 0 24 4
647 6 2 2 1 0 0 1
+54 4 0 2
-12 6 2 2
1003 6 0 0 0 0 0 0 0 0 3 2
625 4 0 0 2 0 0 2 0 0 2
+4 10 6 2
cfi=(221)
cfn=(814)
calls=2 31 
* 66 8 6 6 0 0 6 0 0 6 2
+1 2 2
+1 2 2
-1 2 0 2
+1 4 0 0 0 0 0 0 0 0 2 2
+3 2 2 0 1 0 0 1
-1 2
+1 2
-1 2 2
+3 2 2
-2 8 0 0 0 0 0 0 0 0 2 2
+9 2 2 0 1 0 0 1
+1 2 0 2
-1 2 0 2
+2 4 2 0 0 0 0 0 0 0 2 2
+49 8 1 5 2 0 0 2
-52 2 0 2 1 0 0 1
cfi=(222)
cfn=(816)
calls=2 28 
* 36 6 4 3 0 0 3 0 0 8 6
+3 4 2

fl=(110) ./wcsmbs/../sysdeps/x86_64/multiarch/wmemchr.c
fn=(348) wmemchr
31 2 0 0 1 0 0 1
fi=(111) ./wcsmbs/../sysdeps/x86_64/multiarch/ifunc-evex.h
+7 6 4 0 1 0 0 1
-1 8 0 0 0 0 0 0 0 0 2 2
+2 6 2 0 0 0 0 0 0 0 2
+6 4
-3 4 0 0 0 0 0 0 0 0 2
+9 6 0 0 0 0 0 0 0 0 2
+3 8 0 0 1 0 0 1
fe=(110)
-23 2 2

fl=(95) ./string/../sysdeps/x86_64/multiarch/memrchr.c
fn=(312) memrchr
29 1 0 0 1 0 0 1
fi=(84)
+11 3 2
-2 4 0 0 0 0 0 0 0 0 1 1
fe=(95)
-9 2 1
fi=(84)
+12 2 1 0 0 0 0 0 0 0 1 1
+1 3 1 0 1 0 0 1 0 0 1
+3 2 0 0 0 0 0 0 0 0 1
+4 3 0 0 0 0 0 0 0 0 1
+3 5
fe=(95)

fl=(235) ./nptl/./nptl/pthread_mutex_unlock.c
fn=(862) pthread_mutex_unlock@@GLIBC_2.2.5
367 1 0 0 1 0 0 1
51 3 1
+1 2 0 0 1 0 0 1 0 0 1
367 3 0 1
57 2 0 0 0 0 0 0 0 0 1 1
+8 1 0 1
-3 1 0 1
-23 1 1
+1 4 1 0 0 0 0 0 0 0 2
+1 1 0 1
+29 1
+2 1
369 2 2
74 2 0 0 1 0 0 1 0 0 1 1
+6 4 1 0 1 0 0 1 0 0 1
+4 3 2 0 0 0 0 0 0 0 1 1
+3 2 0 1 0 0 0 0 0 0 1 1

fl=(190) ./io/../sysdeps/unix/sysv/linux/read.c
fn=(644) read
25 3 0 0 1 0 0 1
+1 18 3 0 0 0 0 0 0 0 6
+1 3 3

fl=(153) ./nptl/./nptl/pthread_mutex_conf.c
fn=(476) __pthread_tunables_init
55 2 0 1 1 0 0 1
+1 2
-1 2 0 1
+1 2
-1 4 1 1
+1 1 0 1 1 0 0 1
cob=(3)
cfi=(154)
cfn=(478) 0x0000000004891720
calls=1 -56 
* 26 5 1 1 2 0 1 1 0 3 2 1 1
+2 4 0 1
cob=(3)
cfi=(154)
cfn=(478)
calls=1 -58 
* 25 5 1 0 2 0 0 1 0 3 0 1
+2 4 0 1
cob=(3)
cfi=(154)
cfn=(478)
calls=1 -60 
* 26 5 1 0 1 0 0 0 0 3 2 1
+2 6 5 0 1 0 0 1 0 0 1

fl=(128) ./string/../sysdeps/x86_64/multiarch/strncpy.c
fn=(398) strncpy
29 1 0 0 1 0 0 1
fi=(109)
+6 5 2 0 0 0 0 0 0 0 1
+1 3 1 0 0 0 0 0 0 0 1 1
+3 2 0 0 0 0 0 0 0 0 1
+4 3 0 0 1 0 0 1 0 0 1 1
+3 4
fe=(128)
-17 1 1

fl=(181) ./io/../sysdeps/unix/sysv/linux/open64.c
fn=(604) open
30 6 0 3 2 0 0 1
+3 3
-3 30 3 12 0 0 2
+3 10 0 0 1 0 0 1 0 0 4 2
+8 23 1 0 1 0 0 0 0 0 4
+2 24 18 0 1 0 0 1 0 0 3
-7 2
+5 2 2
-5 6 0 4
+1 2 2
-1 2 0 2
+5 2 0 0 0 0 0 0 0 0 2 2

fl=(179)
fn=(592) _IO_new_file_init_internal
106 18 0 6 1 0 0 1
+5 3 0 3
-1 3 0 3
+3 3 0 3
cfi=(178)
cfn=(594) _IO_link_in
calls=3 -26 
* 267 84 78 17 11 2 11 0 0 30 9
+1 3 0 3
+1 9 9

fn=(626) _IO_file_underflow@@GLIBC_2.2.5
462 2 0 0 1 0 0 1
+4 6 2 0 0 0 0 0 0 0 2
-4 18 0 12
+7 4 0 0 0 0 0 0 0 0 2
+6 6 4 0 0 0 0 0 0 0 2
+3 4 2 0 1 0 0 1 0 0 2 1
+12 2 0 0 0 0 0 0 0 0 1 1
fi=(189)
1025 2 0 0 1 0 0 1
fe=(179)
506 4 0 2
cfi=(178)
cfn=(640) _IO_switch_to_get_mode
calls=2 164 
* 52 18 16 3 0 0 3 0 0 6 4
+6 2 2
+5 2 2
-5 2
fi=(189)
1025 4
fe=(179)
512 2
fi=(189)
1025 2
fe=(179)
512 6 0 6 1 0 0 1
fi=(189)
1026 4 0 0 0 0 0 0 0 0 2
fe=(179)
517 8 4 2 0 0 0 0 0 0 0 0 2 1
cfn=(642) _IO_file_read
calls=2 1131 
* 26 8 0 2 0 0 2 0 0 6
+2 4 0 0 0 0 0 0 0 0 2
+16 2 2
-9 2 0 2
+9 4 0 0 0 0 0 0 0 0 2 2
+2 4 4 0 1 1 0 1 1
+1 16 14
-57 3 1 0 1 0 0 1 0 0 1 1
+5 2 0 1 1 0 0 1
cfi=(178)
cfn=(628) _IO_doallocbuf
calls=1 343 
* 294 67 39 14 2 5 14 0 2 40 16 3 2
+4 4 1 0 0 0 0 0 0 0 1

fn=(632)
1147 3 0 0 1 0 0 1
+1 6 3
cfi=(188)
cfn=(634)
calls=3 30 
* 18 3 0 2 0 0 2 0 0 3

fn=(754) _IO_file_overflow@@GLIBC_2.2.5
732 72 0 36 2 0 0 2
+1 36 9 0 0 0 0 0 0 0 9
+7 39 9 0 0 0 0 0 0 0 15 2
+37 6 6
-2 12 0 0 0 0 0 0 0 0 6 4
-32 6 0 0 1 0 0 1 0 0 3 2
+12 6 0 0 1 0 0 1 0 0 3
+9 9 3 0 0 0 0 0 0 0 3
+5 9 3 6
+2 6
-5 3 0 3
+5 3 0 3
+1 3 3
-5 3 0 3
+1 3 0 3
+4 6 0 0 0 0 0 0 0 0 3 2
-7 3
+10 6 0 0 1 0 0 1 0 0 3
+13 9
-12 9
+1 9
+11 36 36
-12 9
cfn=(756) _IO_do_write@@GLIBC_2.2.5
calls=9 424 
* 249 63 34 5 0 0 5 0 0 35 8 2 1
-4 6 0 0 1 0 0 1 0 0 3 2
+1 2 0 1
-28 6 0 3 1 0 1 1
cfi=(178)
cfn=(628)
calls=3 343 
* 617 142 85 5 18 10 0 0 1 83 15 6
+1 3 3
+9 3 3
-9 15 0 6

fn=(722) _IO_file_close
1165 3 0 0 1 0 0 1
+3 6 3
cfi=(207)
cfn=(724)
calls=3 25 
* 18 3 0 2 0 0 2 0 0 3

fn=(600) _IO_file_fopen@@GLIBC_2.2.5
213 36 3 21 2 0 0 1
+9 6 3 0 0 0 0 0 0 0 3
+2 22 3 0 2 3 0 1 1 0 5 3
+23 26 4 0 2 1 0 1 1 0 7 0 1 1
357 36 27 0 0 0 0 0 0 0 3
224 8 0 0 1
+23 6 1 0 2 0 0 2 0 0 2 1
+7 1
-1 1 0 0 1 0 0 1
-6 6 1 0 0 0 0 0 0 0 2 1
+34 12 0 3 2 0 0 1
cfn=(602) _IO_file_open
calls=3 -99 
* 289 74 60 13 0 4 7 0 0 28 7
* 3
+3 6 0 0 0 0 0 0 0 0 3
+3 9 0 3
cfi=(182) ./string/../string/strstr.c
cfn=(606) __GI_strstr
calls=3 77 
* 177 45 24 10 5 3 6 1 1 18 8 3 2
* 3
+1 6 0 0 0 0 0 0 0 0 3 2
-41 8 0 0 1 0 0 1 0 0 3
-33 1 0 0 1 0 0 1
+13 1
+1 2
+19 14 0 0 1 0 0 1 0 0 7 1

fn=(698) _IO_file_xsgetn
1273 11 0 6 1 0 0 1
+7 1 1
-7 1 0 1 1 0 0 1
+7 1 0 0 0 0 0 0 0 0 1
+11 1 1
fi=(189)
1025 1
fe=(179)
1291 4 0 0 0 0 0 0 0 0 1
+2 3 2
+1 2 0 0 0 0 0 0 0 0 1
-1 6 4
+1 4 0 0 0 0 0 0 0 0 2 1
+8 4 0 0 1 0 0 1 0 0 2 1
+8 2 1 0 0 0 0 0 0 0 1
+9 6 2 0 0 0 0 0 0 0 2
+1 8 2 0 0 0 0 0 0 0 2 1
+18 2 0 0 0 0 0 0 0 0 1
+1 6 0 0 1 0 0 1
+3 1 1
-12 2 0 2
fi=(189)
1025 1
fe=(179)
1330 1 0 1
fi=(189)
1025 1
fe=(179)
1331 3 0 3
fi=(189)
1026 2 0 0 0 0 0 0 0 0 1
fe=(179)
1342 3 1 1 1 0 0 1 0 0 0 0 1 1
cfn=(642)
calls=1 1131 
* 13 4 0 0 0 0 0 0 0 3
+1 2 0 0 0 0 0 0 0 0 1
+12 1 1
-2 1
+1 1
+1 2 0 0 0 0 0 0 0 0 1 1
-64 2 0 0 0 0 0 0 0 0 1 1
+70 8 7
-57 2 0 0 1 0 0 1
+1 1
-1 1 0 1
cob=(3)
cfi=(154)
cfn=(700) 0x0000000004891430
calls=1 0 
* 801 261 257 7 128 127 7 126 127 70 12 1 1
+2 1 0 1
-2 1
+6 2 1 0 1 0 0 1 0 0 1 1
fi=(205)
29 3 0 1
cob=(3)
cfi=(154)
cfn=(650)
calls=1 -29 
* 643 209 205 0 0 102 0 0 102 57 10 1
fe=(179)
1297 1 0 1
-6 2 1
+31 2 0 1
cfi=(178)
cfn=(704) __underflow
calls=1 269 
* 133 42 23 4 0 0 4 0 0 22 8 2 1
* 2 0 0 1 0 0 1 0 0 1 1

fn=(718)
128 21 0 12 1 0 0 1
+2 9 3 0 0 0 0 0 0 0 3
+4 6 3
+3 3
-3 3
-1 6 0 0 1 0 0 1 0 0 3 2
+6 3
+3 3
-3 3 0 3
cfi=(178)
cfn=(720) _IO_unsave_markers
calls=3 937 
* 42 15 6 2 0 0 2 0 0 6 6
+3 9 6 0 0 0 0 0 0 0 3
fi=(189)
1025 9
+1 6 0 0 0 0 0 0 0 0 3
fe=(179)
142 6 3 3 1 0 0 1 0 0 0 0 3 1
cfn=(722)
calls=3 1165 
* 27 6 0 3 0 0 3 0 0 3
* 3
+3 9 3 0 0 0 0 0 0 0 3 3
+8 15 0 3 1 0 0 1
cfi=(178)
cfn=(636)
calls=3 329 
* 631 187 106 21 4 0 21 0 0 90 13 3 1
+1 3
+3 3
-3 9 0 9
+3 3 0 3
cfi=(178)
cfn=(714)
calls=3 53 
* 12 6 0 0 0 0 0 0 0 3
+5 3
-4 3 0 3
+1 3 0 3
+3 3 0 0 1 0 0 1
-2 3 0 3
+3 21 15
-28 14 6 2 1 0 0 1 0 0 2 2
cfn=(756)
calls=2 424 
* 214 56 34 0 0 0 0 0 0 28 10 2
* 4

fn=(752)
1198 91 0 65 1 0 0 1
+7 13
-7 26 0 13
+6 52 0 0 1 0 0 1 0 0 13
+9 26 13 0 0 2 0 0 1
-2 52 13 0 0 0 0 0 0 0 13
+17 39 13 0 0 0 0 0 0 0 13 5
+1 12
+5 6
+2 12 0 6
+2 6
-4 6
+2 6
+2 6
-1 6
-1 6 0 6
cob=(3)
cfi=(154)
cfn=(700)
calls=6 0 
* 1670 538 522 4 260 254 0 0 127 152 16 6
+2 6 6
-2 6 0 6
+4 12 0 0 0 0 0 0 0 0 6 2
+28 117 91 0 1 0 0 1
-68 7 0 0 1 0 0 1
+44 7 7
fi=(189)
1025 21
+1 14 0 0 0 0 0 0 0 0 7
fe=(179)
1244 2 2
fi=(189)
1025 6
+1 4 0 0 0 0 0 0 0 0 2
fe=(179)
1244 27 9 9 0 0 3 0 0 0 0 0 9 1
cfn=(754)
calls=9 732 
* 1204 280 183 17 18 11 12 0 1 166 35 8 1
* 18 0 0 0 0 0 0 0 0 9
+6 18 18
+1 30 0 0 1 0 0 1 0 0 9 3
+2 12 0 0 0 0 0 0 0 0 4 2
+11 18 0 0 0 0 0 0 0 0 9 2
+1 16 0 4
cfi=(178)
cfn=(838) _IO_default_xsputn
calls=4 371 
* 886 256 242 6 48 0 6 0 0 88 19 2
+2 12
-14 10 0 0 1 0 0 1 0 0 5 3
446 10
1251 5 0 0 1 0 0 1
444 5 5
-10 10 5 0 0 0 0 0 0 0 5
+10 2 2
-10 4 2 0 0 0 0 0 0 0 2
+7 28 14 0 0 0 0 0 0 0 7 5
fi=(189)
1025 14 0 0 1 0 0 1
+1 14 0 0 1 0 0 1 0 0 7
fe=(179)
449 35 7 14 0 2 0 0 0 0 0 0 7 1
cfn=(760) _IO_file_write@@GLIBC_2.2.5
calls=7 1174 
* 322 77 42 3 0 2 3 0 0 49 8
+1 7 7
-1 7
+1 21 7 0 0 0 0 0 0 0 7 2
+2 7 7
+4 14 7 0 1 0 0 1
-3 14 0 7
-1 14 0 14
+4 16 2 0 0 0 0 0 0 0 7 2
-2 2 0 2
1257 4 0 0 0 0 0 0 0 0 2
454 5 0 5
1257 10 0 0 0 0 0 0 0 0 5
-1 14
455 16 7 0 1 0 0 1 0 0 7 5

fn=(760)
1174 88 0 55 1 0 0 1
+2 44 0 0 0 0 0 0 0 0 11
-1 22
+6 11 0 11 0 0 2
cfi=(209) ./io/../sysdeps/unix/sysv/linux/write.c
cfn=(762) write
calls=11 25 
* 88 22 0 1 0 0 1 0 0 22
+1 22 0 0 0 0 0 0 0 0 11
+5 11
+1 11
-12 22 0 0 0 0 0 0 0 0 11 2
+4 33 11 0 1 0 0 1
+1 22 11 0 0 0 0 0 0 0 11 6
+10 33 11 0 0 0 0 0 0 0 11 2
+3 66 66
-4 33

fn=(742)
168 15 0 9 2 0 0 1
+1 3 3
-1 3
+1 3 0 0 0 0 0 0 0 0 3 2
+6 6 0 0 2 0 0 1
+1 9 9
-1 3
cfi=(178)
cfn=(744) _IO_default_finish
calls=3 601 
* 60 21 6 2 0 0 2 0 0 12 6

fn=(602)
182 6 0 3 2 0 0 1
+3 3
-3 30 0 9
+2 6 3 0 2 0 0 1 0 0 3
+4 3 0 3 0 0 2
cfi=(181)
cfn=(604)
calls=3 30 
* 112 26 21 5 0 2 3 0 0 13 4
* 3
+1 6 0 0 0 0 0 0 0 0 3
+3 6 3
+3 3
-4 3 0 3
+1 9
+3 3
-3 3 0 3
+3 3 0 0 0 0 0 0 0 0 3 3
+10 6 0 3 2 0 0 1
cfi=(178)
cfn=(594)
calls=3 87 
* 63 27 15 0 0 0 0 0 0 6
+1 3
+1 18 15 0 2 0 0 1

fn=(642)
1131 3 0 0 1 0 0 1
+3 3 3
-1 3 3
+1 6 0 0 0 0 0 0 0 0 3
cfi=(190)
cfn=(644)
calls=3 25 
* 24 6 0 1 0 0 1 0 0 6

fn=(756)
424 11 0 0 1 0 0 1
+2 33 0 0 0 0 0 0 0 0 11 5
+1 7 7
-3 12 0 8
fi=(189)
1025 4
fe=(179)
424 32 0 16
+20 4 4
-10 8 4 0 1 0 0 1 0 0 4
+7 16 8 0 0 0 0 0 0 0 4 3
fi=(189)
1025 8 0 0 1 0 0 1
+1 8 0 0 0 0 0 0 0 0 4 4
fe=(179)
449 16 4 4 0 0 0 0 0 0 0 0 4 1
cfn=(760)
calls=4 1174 
* 184 44 24 0 0 0 0 0 0 28 2
* 4
+1 12 4 0 0 0 0 0 0 0 4 2
+2 4 4 0 1 0 0 1
+4 8 4
-3 8 0 4
-1 8 0 8
+4 12 4 0 0 0 0 0 0 0 4 2
-30 8
+28 4 0 4
-28 8
+1 32 28
+28 12 4 0 1 0 0 1 0 0 4

fl=(115) ./string/../sysdeps/x86_64/multiarch/strcspn.c
fn=(358) strcspn
29 1 0 0 1 0 0 1
fi=(242)
+7 5 2
fe=(115)
-7 1 1

fl=(134) ./string/../sysdeps/x86_64/multiarch/memchr.c
fn=(418) memchr
29 1 0 0 1 0 0 1
fi=(135) ./string/../sysdeps/x86_64/multiarch/ifunc-evex.h
+9 3 2 0 1 0 0 1
-1 4 0 0 0 0 0 0 0 0 1 1
+2 3 1 0 0 0 0 0 0 0 1
+6 2
-3 2 0 0 0 0 0 0 0 0 1
+9 3 0 0 0 0 0 0 0 0 1
+3 4
fe=(134)
-25 1 1

fl=(221)
fn=(814)
31 24 0 0 1 0 0 1
+1 24 0 24
+3 24
+1 24 24
+1 24
+1 24 0 0 1 0 0 1
+1 24
+2 24
+1 24
+2 24
+1 24 0 0 0 0 0 0 0 0 24
+1 24
+1 24 0 0 0 0 0 0 0 0 24 2
+1 22 0 0 0 0 0 0 0 0 22
+2 22
+1 22 0 0 0 0 0 0 0 0 22
+1 22 0 22
+1 22
+26 2 0 0 1 0 0 1
+1 2
+1 2
+1 2
+1 2
+1 2 0 0 1 0 0 1
+1 2 2
+1 2
+1 2
+26 2 0 0 1 0 0 1
+1 2
+1 2 0 0 0 0 0 0 0 0 2
+2 2 0 2
+1 2
+1 2
+1 2 0 2 1 0 0 1
+1 2
+1 2
+2 2 2
+3 2 2
-5 22
+2 22 22
+3 22 22

fl=(150) ./ctype/./ctype/ctype-info.c
fn=(470) __ctype_init
29 1 0 0 1 0 0 1
+2 7 5 1 1 1 0 1
+2 4 2 1
+2 4 2 1
+1 1 1

fl=(87) ./wcsmbs/../sysdeps/x86_64/multiarch/wcsnlen.c
fn=(292) wcsnlen
30 1 0 0 1 0 0 1
fi=(88) ./wcsmbs/../sysdeps/x86_64/multiarch/ifunc-wcslen.h
+11 2 2 0 1 0 0 1
-1 4 0 0 0 0 0 0 0 0 1 1
+2 3 1 0 0 0 0 0 0 0 1
+3 2 0 0 1 0 0 1 0 0 1
+4 3 0 0 0 0 0 0 0 0 1
+3 3 0 0 0 0 0 0 0 0 1
fe=(87)
-22 1 1

fl=(98) ./string/../sysdeps/x86_64/multiarch/memcmpeq.c
fn=(320) memcpy@@GLIBC_2.14
29 1 0 0 1 0 0 1
fi=(99)
+28 3 2
-1 2 0 0 0 0 0 0 0 0 1
+4 3 1 0 1 0 0 1 0 0 1
+14 2 0 0 0 0 0 0 0 0 1
+3 2 0 0 0 0 0 0 0 0 1
+8 2 0 0 0 0 0 0 0 0 1 1
+8 2 0 0 1 0 0 1 0 0 1 1
+3 5 1 0 1 0 0 1
fe=(98)

fl=(237) ./stdlib/./stdlib/cxa_finalize.c
fn=(874) __cxa_finalize
30 4 0 2 1 0 0 1
+3 4
-3 16 0 10
+3 10 0 2 0 0 0 0 0 0 4
+3 8 2 0 1 0 0 1 0 0 2
+4 14 2 0 0 0 0 0 0 0 2
-4 6 2 0 1 0 0 1 0 0 2
+57 8 2 0 1 1 0 1 0 0 2 2
+4 12 2 0 0 1 0 0 0 0 2 2
-4 6 2 0 1 0 0 1 0 0 2
+12 4 0 2
cfi=(238)
cfn=(876)
calls=2 -23 
* 40 10 8 3 1 1 3 1 1 8 5
+1 8 2 2 0 0 0 0 0 0 4
+1 16 14

fl=(126) ./string/../sysdeps/x86_64/multiarch/strcasecmp_l.c
fn=(386) strcasecmp_l
31 1
fi=(114)
+6 2 2 0 1 0 0 1
-1 4 0 0 0 0 0 0 0 0 1 1
fe=(126)
-5 2 1
fi=(114)
+7 3 1 0 1 0 0 1 0 0 1
+3 2 0 0 0 0 0 0 0 0 1
+4 3 0 0 0 0 0 0 0 0 1
+3 4 0 0 0 0 0 0 0 0 1
fe=(126)

fl=(160) ./string/../sysdeps/x86_64/multiarch/strrchr-avx2.S
fn=(518) __strrchr_avx2
53 1 0 0 1 0 0 1
+1 1
+1 1
+2 1
+1 1 0 0 1 0 0 1
+4 1
+1 1
+1 1 0 0 0 0 0 0 0 0 1
+3 1 1 0 0 1
+2 1
+1 1
+1 1
+1 1 0 0 0 0 0 0 0 0 1
+3 1
+1 1
+2 1
+1 1
+1 1 0 0 0 0 0 0 0 0 1
+1 1
+1 1
+9 2 1

fl=(182)
fn=(606)
77 27 0 18 2 0 0 1
+5 3 3 0 0 3 0 0 1
-5 9 3 3
+5 6 0 0 1 0 0 1 0 0 3
+2 12 0 3 0 0 3 0 0 1
cob=(3)
cfi=(154)
cfn=(608) 0x0000000004891680
calls=3 -84 
* 69 12 0 5 2 0 3 0 0 9 4 3 2
* 3
+1 6 0 0 0 0 0 0 0 0 3 2
+1 6 0 0 2 0 0 1
+75 36 27 0 0 0 0 0 0 0 3 2

fl=(96) ./wcsmbs/../sysdeps/x86_64/multiarch/wcsncpy.c
fn=(316) wcsncpy
31 1 0 0 1 0 0 1
fi=(97)
+9 3 2
-1 4 0 0 0 0 0 0 0 0 1 1
+2 3 1 0 0 0 0 0 0 0 1
+3 2 0 0 0 0 0 0 0 0 1
+4 4
fe=(96)
-17 1 1

fl=(138) ./string/../sysdeps/x86_64/multiarch/mempcpy.c
fn=(428) mempcpy
33 1
fi=(99)
+24 3 2
-1 2 0 0 0 0 0 0 0 0 1
+4 3 1 0 1 0 0 1 0 0 1
+14 2 0 0 0 0 0 0 0 0 1
+3 2 0 0 0 0 0 0 0 0 1
+8 2 0 0 0 0 0 0 0 0 1 1
+8 2 0 0 1 0 0 1 0 0 1 1
+3 5 1 0 1 0 0 1
fe=(138)

fl=(170) ./libio/./libio/iofopen.c
fn=(560) fopen@@GLIBC_2.2.5
85 21 0 9 2 0 0 1
-20 3
+20 6 0 6 0 0 2
-20 3 0 3
cob=(3)
cfi=(154)
cfn=(562)
calls=3 -65 
* 1916 225 331 64 42 45 63 13 45 356 66 15 1
+2 9 0 0 1 0 0 1 0 0 3
+3 3
+2 6
-2 3 0 3 0 0 3 0 0 1
+2 15 0 3
cfi=(178)
cfn=(588)
calls=3 563 
* 168 27 84 7 3 16 5 1 4 6 1
+1 3
+1 3 0 0 2 0 0 1
-1 3 0 3
+1 3 0 3
cfi=(179)
cfn=(592)
calls=3 +32 
* 306 93 96 18 11 2 12 0 0 30 9
+1 15 0 3
cfi=(179)
cfn=(600)
calls=3 213 
* 679 161 111 38 9 7 23 3 1 84 23 4 3
* 6 0 0 0 0 0 0 0 0 3
-38 6 3 0 0 0 0 0 0 0 3 2
+50 21 18 0 1 0 0 1

fl=(223)
fn=(818)
27 3 0 0 1 0 0 1
+1 27 3 0 1 2 0 1 0 0 3 3
+7 3 3

fl=(113) ./string/../sysdeps/x86_64/multiarch/strcasecmp.c
fn=(354) strcasecmp
31 1 0 0 1 0 0 1
fi=(114)
+6 2 2
-1 4 0 0 0 0 0 0 0 0 1 1
fe=(113)
-5 2 1
fi=(114)
+7 3 1 0 1 0 0 1 0 0 1
+3 2 0 0 0 0 0 0 0 0 1
+4 3 0 0 0 0 0 0 0 0 1
+3 4 0 0 1 0 0 1 0 0 1
fe=(113)

fl=(129) ./wcsmbs/../sysdeps/x86_64/multiarch/wmemcmp.c
fn=(402) wmemcmp
29 1
fi=(130) ./wcsmbs/../sysdeps/x86_64/multiarch/ifunc-memcmp.h
+5 5 2 0 1 0 0 1 0 0 1
+1 2 1 0 0 0 0 0 0 0 1
+1 2 0 0 0 0 0 0 0 0 1
+1 3 1 0 0 0 0 0 0 0 1
+3 2 0 0 0 0 0 0 0 0 1
+4 3 0 0 0 0 0 0 0 0 1
+3 4 0 0 1 0 0 1
fe=(129)
-18 2 1

fl=(137) ./wcsmbs/../sysdeps/x86_64/multiarch/wcpcpy.c
fn=(424) wcpncpy
31 1 0 0 1 0 0 1
fi=(97)
+9 3 2
-1 4 0 0 1 0 0 1 0 0 1 1
+2 3 1 0 0 0 0 0 0 0 1
+3 2 0 0 0 0 0 0 0 0 1
+4 4
fi=(243) ./wcsmbs/../sysdeps/x86_64/multiarch/wcpncpy.c
-17 1 1
fe=(137)

fl=(174) ./malloc/./malloc/morecore.c
fn=(578) __glibc_morecore
25 3 0 0 1 0 0 1
+1 6 3 0 0 0 0 0 0 0 3
-1 6 0 3
+4 3 0 3
cfi=(175)
cfn=(580)
calls=3 +8 
* 116 31 18 8 3 1 5 0 0 19 7
+1 6 0 0 0 0 0 0 0 0 3
+4 6 6

fl=(240)
fn=(916)
27 2 1 0 1 0 0 1
+3 2

fl=(176)
fn=(582)
36 3 0 0 1 0 0 1
fi=(244) ./misc/../sysdeps/unix/sysv/linux/brk_call.h
-12 6
fe=(176)
+13 6 3 3
+1 6 0 0 0 0 0 0 0 0 3
+6 3
+1 3 3

fl=(155) ./nptl/../sysdeps/unix/sysv/linux/x86/elision-conf.c
fn=(480) __lll_elision_init
92 2 0 1 1 0 0 1
+4 1
-4 2 0 1
+4 2
-4 1
+4 1
-4 3 1 1
+4 1 0 1 1 0 0 1
cob=(3)
cfi=(154)
cfn=(478)
calls=1 -96 
* 26 5 1 0 2 0 0 1 0 3 2 1
+2 4 0 1
cob=(3)
cfi=(154)
cfn=(478)
calls=1 -98 
* 26 5 1 0 2 0 0 1 0 3 2 1
+2 4 0 1
cob=(3)
cfi=(154)
cfn=(478)
calls=1 0 
* 26 5 1 0 2 0 0 1 0 3 2 1
+2 4 0 1
cob=(3)
cfi=(154)
cfn=(478)
calls=1 0 
* 26 5 1 0 2 0 0 1 0 3 2 1
+2 4 0 1 1 0 0 1
cob=(3)
cfi=(154)
cfn=(478)
calls=1 0 
* 26 5 1 0 1 0 0 0 0 3 0 1
+3 3 1 0 0 1 0 0 1 0 1
+1 1 0 1 0 0 1 0 0 1
+1 6 5 0 0 0 0 0 0 0 1

fl=(165)
fn=(546)
29 4 0 2 1 0 0 1
+15 1
-15 5 1 3
+15 1 0 1 1 0 0 1
cfi=(166) ./setjmp/../sysdeps/x86_64/bsd-_setjmp.S
cfn=(548) _setjmp
calls=1 -16 
* 38 8 11 4 1 0 4 0 0 2 1
* 1
+2 2 0 0 0 0 0 0 0 0 1
+5 2 1 1 0 1
+1 2 1 1 0 1
+3 2 0 1
+3 6 5 1 1 0 0 1 0 0 0 0 1 1
cob=(5)
cfi=(169)
cfn=(554)
calls=1 452 
* 6782463294 696738538 336063800 742 6092524 31787145 668 13613 194692 336186139 42199 323 58

fl=(151) ./resource/../sysdeps/unix/sysv/linux/getrlimit64.c
fn=(472) getrlimit
38 2 0 0 1 0 0 1
+1 7 0 0 0 0 0 0 0 0 1
+1 1 1

fl=(209)
fn=(762)
25 11 0 0 1 0 0 1
+1 66 11 0 0 0 0 0 0 0 22
+1 11 11

fl=(164)
fn=(528)
67 7 0 5 1 0 0 1
-26 2 0 0 1 0 0 1 0 0 1
+2 8 0 1 0 0 1 0 0 0 1
+1 2 0 1
cfn=(530) __new_exitfn
calls=1 +36 
* 33 8 7 4 3 0 4 1 0 4 1
+2 2 0 0 0 0 0 0 0 0 1
+8 1 0 1
-2 1
+3 1 0 1 1 0 0 1
+1 1 0 1
-4 2 1
+1 1 0 1
+4 4 1 1 0 0 0 0 0 0 2
+1 1
+11 6 6

fn=(530)
80 1 0 0 1 0 0 1
+6 2 1 0 0 1 0 0 1 0 1
-6 4 0 3
+11 2 1 0 0 1
-10 1
+10 4 0 0 0 0 0 0 0 0 1
+2 4 1 0 1 1 0 1 0 0 1
-2 1 1
+10 1 0 1
-10 3 0 0 0 0 0 0 0 0 1 1
+45 1 0 1 1 0 0 1
+5 3 2
-4 1 0 1
+4 2 2
-18 1 0 1 1 0 0 1
-1 1
+12 1

fl=(171) ./malloc/./malloc/malloc.c
fn=(584) alloc_perturb
1985 102 34 0 1 0 0 1 0 0 34
+2 34 34

fn=(738) systrim.constprop.0
2957 6 0 4 1 0 0 1
+9 3 2
+2 1
+1 2 0 0 0 0 0 0 0 0 1
+5 1 1
+1 1
-1 2 0 0 0 0 0 0 0 0 1
+4 5 2 0 1 0 0 1
+2 2 0 0 0 0 0 0 0 0 1
-10 1
+50 6 5

fn=(728) free
3359 35 0 0 1 0 0 1
+4 70 0 0 0 0 0 0 0 0 35
-4 105 0 70 1 0 0 1
+14 35
-14 105 0 70
+12 35 35 0 0 26
+4 35 35 0 0 27
-4 35 35 0 0 26
+4 70 0 0 0 0 0 0 0 0 35 2
+17 99 66 0 0 50 0 0 0 0 33
fi=(172) ./malloc/./malloc/arena.c
153 99 0 0 0 0 0 0 0 0 33 5
fe=(171)
3398 99 0 33 1 0 0 1
cfn=(732) _int_free
calls=33 4495 
* 4183 1225 598 19 230 25 19 1 0 717 26
+3 33 0 33
+1 198 165
-23 6 2 0 1 1 0 1 0 0 2
+2 6 2 0 0 1 0 0 0 0 3 1
+2 1
+1 1
-1 1 0 1
+1 1 0 1
+1 1
+3 2 0 1
cfn=(778) munmap_chunk
calls=1 3024 
* 36 8 3 4 2 0 4 0 0 5 2
* 2 0 1
cfn=(778)
calls=1 3024 
* 36 8 3 0 2 0 0 0 0 5
+13 2 0 2
+1 12 10 0 1 0 0 1

fn=(564) malloc
3294 48 0 24 1 0 2 1
+7 12 6 0 0 3 0 0 1 0 6 1
1326 10 0 0 0 0 0 0 0 0 5
+19 30 0 0 1 0 0 1 0 0 6
3311 12
+2 24 12 0 0 4 0 0 0 0 6 2
+3 10 5 0 0 2 0 0 0 0 5
+10 8 4 0 1 0 0 1 0 0 4 3
+28 24 20 0 1
3248 4 2 1 1 0 0 1 0 0 1
cfn=(574) tcache_init.part.0
calls=1 -6 
* 473 88 137 45 1 11 45 1 11 142 33
+68 2 1 0 1 0 0 1 0 0 1
+1 4 1 0 0 0 0 0 0 0 1
+1 9 3 0 1 2 0 0 0 0 3 1
3178 4 2 0 0 2
+4 4 0 0 0 0 0 0 0 0 2
+4 2
+4 2
-4 6 2 2 0 2
+4 2 0 2
+1 2 0 2
3354 12 10
-26 16 0 4 1 0 0 1
cfn=(576) _int_malloc
calls=4 3846 
* 524 94 52 2 12 11 2 0 3 75 18
+1 20 4 0 2 0 0 1 0 0 8
fi=(172)
153 8 0 0 0 0 0 0 0 0 4 2
264 1 0 1 1 0 0 1
cfn=(568) ptmalloc_init.part.0
calls=1 -2 
* 1151 70 160 8 24 33 8 11 33 167 20 12
fe=(171)
1326 2 0 0 0 0 0 0 0 0 1 1

fn=(576)
3846 374 34 238 2 1 25 2
1326 68 0 0 0 0 0 0 0 0 34
+19 204 0 0 0 0 0 0 0 0 34
3887 68 0 0 0 0 0 0 0 0 34
1794 34 34 0 1 0 0 1
3914 68 0 0 0 0 0 0 0 0 34 4
+63 68 0 0 1 0 0 1 0 0 34 2
+62 813 0 0 1 0 0 1 0 0 122 4
+1 96 32 0 0 3 0 0 0 0 32
+20 34 34 0 1 0 0 1
-1 34
-1 34
+1 68 0 34 0 0 16
+1 68 34 0 0 0 0 0 0 0 34 1
-2 66 33
+12 170 34 34 1 2 0 1 0 0 34 6
-90 2 0 0 1 0 0 1
+2 2 2
-2 2
+2 4 0 0 0 0 0 0 0 0 2 2
4487 408 306 0 2 0 0 2 0 0 34
4257 102 0 0 1 0 0 1 0 0 34 3
+2 96
+3 32 32 0 0 28
-3 32
+3 64 0 0 0 0 0 0 0 0 32 4
+1 34 0 0 1 0 0 1
+71 102
-4 34
+1 34
+1 34
-1 34
+1 34
+1 68 34 0 0 2
+1 102
+5 136 0 0 1 0 0 1 0 0 34
+4 102 0 0 1 0 0 1 0 0 34 4
+3 8 2 0 0 0 0 0 0 0 2
-3 6 0 0 0 0 0 0 0 0 2
+3 8 2 0 1 0 0 1 0 0 2
-3 6 0 0 0 0 0 0 0 0 2 1
+3 4 1 0 0 0 0 0 0 0 1
-3 2 0 0 0 0 0 0 0 0 1 1
4443 34 34 0 1 0 0 1
+1 68 34 0 0 2
+2 68 34 0 0 3 0 0 0 0 34
+3 102 0 0 0 0 0 0 0 0 34 4
+17 16 4 4 0 0 0 0 0 0 4 3
4070 2 0 0 1 0 0 1
-91 12
2552 4 4 0 1 0 0 1
+12 4 4
-12 20 4 8
+12 4 0 0 1 0 0 1 0 0 4 2
+1 6 4 0 0 0 0 0 0 0 2
+3 8 2 0 0 0 0 0 0 0 2
+8 10 2 4 0 0 1
cfn=(686) sysmalloc_mmap.isra.0
calls=2 2400 
* 258 52 43 11 2 3 11 1 2 38 12 1 1
* 2
+1 4 0 0 0 0 0 0 0 0 2
4482 4 0 0 0 0 0 0 0 0 2
-22 102 0 34 1 0 26 1
cfn=(584)
calls=34 1985 
* 136 68 0 1 0 0 1 0 0 34
+1 34
-9 60
+2 60
-1 30 0 30
+1 30 0 0 1 0 0 1
-3 30
+3 30
+2 30
-2 120 0 30
+2 30 0 30 0 0 4 0 0 3
+3 60
2553 2 0 2 1 0 0 1
+36 6 2
+1 2
-1 2 0 2
+1 2 0 2
+9 14 3 0 1 0 0 1 0 0 6 2
+6 3 2 0 0 0 0 0 0 0 1
+3 6 0 0 1 0 0 1 0 0 2 2
2921 6 4 0 1 0 0 1 0 0 2 1
+1 2 0 2
+4 2 2
+4 10 4 0 1 0 0 1 0 0 2
+5 2
-2 2
+5 2
-3 4
-3 2
+2 2 0 2
+1 2
+1 2
-1 6 0 2
+1 2 0 2 0 0 2 0 0 2
4482 2
2669 6 2 2 1 0 0 1
+8 4 2 0 0 0 0 0 0 0 2
+1 6 2 2
+13 2 2
+2 2 2
-2 4 0 0 1 0 0 1 0 0 2
+8 10 2 2
+8 4 0 0 0 0 0 0 0 0 2 2
+48 4 2 0 1 0 0 1 0 0 2 2
+40 3 0 0 1 0 0 1 0 0 1 1
+19 2 1
+3 2
+1 6 1 0 1 0 0 1
+2 1 0 0 0 0 0 0 0 0 1
+1 5 0 4
cfi=(174)
cfn=(578)
calls=1 25 
* 33 11 6 0 0 0 0 0 0 5 2
+12 4 3
-12 1
+12 1 0 0 0 0 0 0 0 0 1
2008 4 1 0 1 0 0 1 0 0 1
3882 1
2873 1
+3 1
-1 1 0 1
+1 4 0 1 0 0 1 0 0 1
+12 1 1
-11 1 0 1
+11 2 0 0 1 0 0 1 0 0 1 1
2783 1
-1 2
2017 2 2 0 1 0 0 1
2745 1 0 1 1 0 0 1
+1 1
+6 3 1
-6 1 0 1
+6 3 0 0 0 0 0 0 0 0 1 1
-6 1 0 0 1
+6 3 1
-6 1 0 1
+6 5 0 0 0 0 0 0 0 0 2 1
+1 6 1 1
-44 6 0 4 1 0 1 1
cfi=(174)
cfn=(578)
calls=2 25 
* 113 29 18 9 3 1 6 0 0 20 5
+1 4 2
-1 2 0 0 1 0 0 1
+1 2 0 0 0 0 0 0 0 0 2
2008 2 2
2711 2
2008 6 0 0 0 0 0 0 0 0 2
2712 2
+3 4 0 0 0 0 0 0 0 0 2
+29 10 4 0 1 1 0 1 1 0 2 1

fn=(736) _int_free_maybe_consolidate
4770 330 30 210 1 25 0 1
+6 60 0 0 0 0 0 0 0 0 30 2
+22 319 261 0 0 0 0 0 0 0 29 2
-20 120 30 0 1 0 0 1 0 0 30
+3 90 0 0 0 0 0 0 0 0 30 2
+3 150 90 0 2 27 0 2 0 0 30 2
+1 4 3 0 0 0 0 0 0 0 1
+13 7 6
-13 1
cfn=(738)
calls=1 2957 
* 30 10 4 2 0 0 2 0 0 3

fn=(574)
3242 4 0 2 1 0 0 1
+9 8 2 1 0 0 0 0 0 0 2
+1 3 0 1 1 0 0 1
cfn=(576)
calls=1 3846 
* 359 81 50 42 1 2 42 1 2 57 23
+1 2 0 0 0 0 0 0 0 0 1
+8 4 1 1 0 0 0 0 0 0 2
+9 1 1
fi=(177) ./malloc/../string/bits/string_fortified.h
59 2
fe=(171)
3270 1 0 1
fi=(177)
59 86 0 81 1 0 9 1 0 9 80 10
fe=(171)
3274 3 3

fn=(684) calloc
3699 58 0 29 1 0 0 1
+10 29
-10 203 0 145 0 0 1
+10 232 0 0 1 0 0 1 0 0 58
+8 58 29 0 0 1 0 0 0 0 29
+3 87 58 0 0 2 0 0 0 0 29
+2 58 29 0 1 1 0 1 0 0 29 3
+34 143 29 0 1 0 0 1 0 0 29 3
fi=(172)
153 54 0 0 0 0 0 0 0 0 27 3
fe=(171)
3732 29 29 0 1 1 0 1
+1 29
+21 58
-21 58 29 0 0 1
+21 29 0 29 0 0 11
cfn=(576)
calls=29 +92 
* 4638 776 446 16 34 67 12 1 3 658 33 1 1
+2 58 0 0 0 0 0 0 0 0 29 3
+33 2 2
fi=(177)
59 2
fe=(171)
3789 4 0 0 0 0 0 0 0 0 2
+48 16 14
-78 4 2 0 1 0 0 1 0 0 2 2
+37 27 27 0 1 0 0 1
-12 27
+12 54 0 0 0 0 0 0 0 0 27
+3 135
+8 27 0 0 1 0 0 1
+2 54 0 0 0 0 0 0 0 0 27
+2 54 0 0 0 0 0 0 0 0 27 2
-55 81 0 0 1 0 0 1 0 0 27
+3 81 27 0 1 0 0 1 0 0 27
+78 27 0 0 1 0 0 1
fi=(177)
59 54
fe=(171)
3837 162 162
fi=(177)
59 27
cob=(3)
cfi=(154)
cfn=(782) 0x0000000004891740
calls=27 -59 
* 161875545 81 161875032 4 80 2529193 4 0 1966 161875140 42 27 2
fe=(171)

fn=(732)
4495 231 0 132 1 0 25 1
+4 99 33 0 1 0 0 1
+6 132 0 0 0 0 0 0 0 0 33
+1 66 0 0 0 0 0 0 0 0 33
+4 165 0 0 0 0 0 0 0 0 66
+8 132 66 0 1 0 0 1 0 0 33
-1 66
+1 66 33 0 0 25 0 0 0 0 33 5
+29 3 3
-20 3 3 0 0 3 0 0 1
-6 3
+6 6 3 0 0 0 0 0 0 0 3
+20 12 3 0 0 0 0 0 0 0 3 2
1792 30 30 0 1 25 0 1
4561 60 0 0 0 0 0 0 0 0 30 2
+97 18 15
-21 60 30 0 1 0 0 1 0 0 30
+3 60 30 0 0 25 0 0 0 0 30 2
+18 30 0 0 1 0 0 1
-12 30
+12 120 120
-12 30
cfn=(734) _int_free_merge_chunk
calls=30 +19 
* 2731 850 454 12 152 0 12 0 0 423 15
3163 3 3 0 1 0 0 1
+4 3
-4 3 0 3
+2 12 3 3
+1 3 0 3
+1 3 0 3
4550 3

fn=(686)
2400 10 0 8 1 0 0 1
+13 6
-13 2
+18 4 0 0 0 0 0 0 0 0 2 2
+3 18 0 2 1 0 1 1
cfi=(202) ./misc/../sysdeps/unix/sysv/linux/mmap64.c
cfn=(688) mmap
calls=2 47 
* 52 8 6 3 0 0 3 0 0 8 4
* 2
+3 4 0 0 1 0 0 1 0 0 2 2
+4 4 0 0 0 0 0 0 0 0 2
2008 8 2 0 0 0 0 0 0 0 2
2432 8 0 2
cfi=(203) ./misc/../sysdeps/unix/sysv/linux/setvmaname.c
cfn=(690) __set_vma_name
calls=2 33 
* 80 24 13 3 2 0 3 1 0 8 4 1 1
+16 6 0 0 0 0 0 0 0 0 2
+19 2 0 0 1 0 0 1
-1 2 0 2 0 0 2 0 0 2
+5 2
-4 4 0 2
+4 4 2 2 0 0 0 0 0 0 2
+1 10 2 2 0 0 0 0 0 0 4
+3 6 2 2 1 0 0 1 0 0 2
+1 10 2 2 0 0 0 0 0 0 4
+5 14 10

fn=(734)
4665 150 0 120 1 0 0 1
+1 30
-1 90 0 60
+5 180 30 0 0 25 0 0 0 0 30
+3 60 30 0 1 25 0 1 0 0 30 2
+5 90 30 0 0 0 0 0 0 0 30
+3 60
+1 60 0 0 0 0 0 0 0 0 30
+1 60 30 0 0 25 0 0 0 0 30
1992 90 30 0 0 0 0 0 0 0 30
4689 60 30 0 1 0 0 1 0 0 30 2
+25 60 30 0 0 0 0 0 0 0 30 1
-12 30
-1 60
+1 180 180
-1 30
cfn=(736)
calls=30 +69 
* 1111 430 214 6 52 0 6 0 0 153 8
+55 30 0 0 1 0 0 1
+1 90 0 30
+1 60 0 30 1 0 0 1
-83 90 30 0 1 25 0 1
-2 60 0 0 0 0 0 0 0 0 30 2

fn=(778)
3024 2 0 2 1 0 0 1
+2 2 2
-1 2 2 0 0 2
+1 4
+2 2
-3 2 2 0 0 2
-1 2
+4 2 0 0 0 0 0 0 0 0 2
+3 4 2
+7 2
-8 2
+9 2
-8 2
+1 2
+6 6
+1 8 0 0 1 0 0 1 0 0 2
+3 2 2 2 0 0 0 0 0 0 2 1
+1 6 2 2 0 0 0 0 0 0 2
+6 2 2
-1 4
cfi=(211)
cfn=(780)
calls=2 117 
* 12 2 0 2 0 0 2 0 0 2 1

fl=(203)
fn=(690)
33 14 0 8 2 0 0 2
+2 10 4 2 0 1 0 0 1 0 2 1
+14 21 14 0 1 0 0 1 0 0 2
-9 4 0 1
cob=(3)
cfi=(154)
cfn=(478)
calls=1 -40 
* 26 5 1 0 1 0 0 0 0 3 2 1 1
* 3 1 0 0 0 0 0 0 0 1 1
+7 1 0 1
+1 1

fl=(91) ./wcsmbs/../sysdeps/x86_64/multiarch/wcslen.c
fn=(300) wcslen
29 1 0 0 1 0 0 1
fi=(88)
+12 2 2
-1 4 0 0 0 0 0 0 0 0 1 1
+2 3 1 0 1 0 0 1 0 0 1
+3 2 0 0 0 0 0 0 0 0 1
+4 3 0 0 0 0 0 0 0 0 1
+3 3 0 0 1 0 0 1 0 0 1
fe=(91)
-23 1 1

fl=(149) ./elf/./elf/libc_early_init.c
fn=(468) __libc_early_init
33 9 1 3 1 0 0 1
+2 1 0 1 1 0 0 1
cfi=(150)
cfn=(470)
calls=1 -6 
* 17 10 3 2 1 0 2
+3 1 1
fi=(152) ./elf/../sysdeps/nptl/pthread_early_init.h
-5 2
fe=(149)
+8 1 0 1 0 0 1 0 0 1
-3 1 0 1 0 0 1 0 0 1
+3 1 0 1
fi=(152)
-8 1 0 1
cfi=(151)
cfn=(472)
calls=1 +5 
* 10 1 0 1 0 0 1 0 0 1
* 3 0 0 0 0 0 0 0 0 1
+1 1 1
+4 5 0 0 1 0 0 1
+7 1 1
fi=(245) ./elf/../nptl/nptl-stack.h
+16 3 2 0 0 1
fi=(152)
-16 1 1
fi=(245)
+16 2
fi=(152)
-7 1 0 1 0 0 1 0 0 1
fi=(245)
+7 3
fi=(152)
-9 1
-6 1 0 0 1 0 0 1
+2 2
+4 4 0 1
+1 1 0 1 0 0 1 0 0 1
+3 1 0 1
cfi=(153)
cfn=(476)
calls=1 -1 
* 104 21 9 4 5 0 4 2 0 10 4 3 1
fe=(149)
-9 3 2 0 0 0 0 0 0 0 1
+2 2 2
-2 1
cfi=(155)
cfn=(480)
calls=1 +45 
* 169 32 14 3 10 1 3 5 1 17 8 5

fl=(158) ./csu/./csu/init-first.c
fn=(512) _init_first
46 6 0 2 1 0 0 1
+5 2 1 0 0 0 0 0 0 0 1
+4 5 4 0 1 1 0 1 1 0 1
+8 1 1
-2 1 0 1 0 0 1
+10 1
-9 1 0 1
+1 1 0 1 0 0 1 0 0 1
+9 3 2
-1 1
cfi=(159) ./misc/./misc/init-misc.c
cfn=(514) __init_misc
calls=1 -41 
* 50 11 6 5 1 1 5 0 0 5 1 1 1

fl=(161) ./libio/./libio/vtables.c
fn=(520) check_stdfiles_vtables
545 1 0 0 1 0 0 1
+1 4 2 0 0 1 0 0 0 0 1 1
+1 3 2 0 1 0 0 1 0 0 1
+1 3 2 0 0 0 0 0 0 0 1
+2 1 1

fl=(234) ./nptl/./nptl/pthread_mutex_lock.c
fn=(860) pthread_mutex_lock@@GLIBC_2.2.5
77 1 0 0 1 0 0 1
+3 3 1
+2 1
+2 2 0 0 1 0 0 1 0 0 1
-7 4 0 2
+11 2 0 0 0 0 0 0 0 0 1 1
+91 1 1 0 1 0 0 1
+3 1 0 1
+2 1 0 1
+3 1
-63 1
+66 3 3
-93 2 0 0 1 0 0 1 0 0 1
+11 4 1 0 1 0 0 1 0 0 1 1
+4 1 1
+3 2 1 0 0 0 0 0 0 0 1 1
-71 1 1 0 1 0 0 1
+1 7 2 0 0 0 0 0 0 0 3
+1 1 0 1
+84 3 1 0 0 0 0 0 0 0 1
+1 2 0 1 1 0 0 1

fl=(131) ./debug/../sysdeps/x86_64/multiarch/memmove_chk.c
fn=(406) __memmove_chk
29 1
fi=(93)
+28 3 2
-1 2 0 0 0 0 0 0 0 0 1
+4 3 1 0 0 0 0 0 0 0 1
+14 2 0 0 0 0 0 0 0 0 1
+3 2 0 0 1 0 0 1 0 0 1
+8 2 0 0 0 0 0 0 0 0 1 1
+8 2 0 0 0 0 0 0 0 0 1 1
+3 5 1
fe=(131)

fl=(195)
fn=(662)
36 10 0 5 1 0 0 1
+4 2 0 0 0 0 0 0 0 0 1
+1 2 0 1
cob=(3)
cfi=(154)
cfn=(664)
calls=1 -41 
* 16 3 0 2 0 0 2 0 0 2 0 1 1
* 1
+5 5 0 1 1 0 0 1
cfi=(178)
cfn=(636)
calls=1 329 
* 29 8 8 0 0 0 0 0 0 1 1
+5 3 0 0 0 0 0 0 0 0 1 1
-3 1 0 1
+1 1 0 1
+1 1 0 1
+3 1 0 1
+1 1 0 1
+1 1 0 1
+9 1 0 1
+1 6 6
-14 4 0 0 1 0 0 1

fn=(678) _IO_str_underflow
145 1 0 0 1 0 0 1
+1 4 2 0 0 0 0 0 0 0 1 1
+2 5 1 0 0 0 0 0 0 0 1
+6 3 1 0 0 0 0 0 0 0 1 1
+3 1 0 0 1 0 0 1
+1 1 1

fl=(119) ./string/../sysdeps/x86_64/multiarch/strncase_l.c
fn=(366) strncasecmp_l
31 1 0 0 1 0 0 1
fi=(114)
+6 2 2 0 1 0 0 1
-1 4 0 0 0 0 0 0 0 0 1 1
fe=(119)
-5 2 1
fi=(114)
+7 3 1 0 1 0 0 1 0 0 1
+3 2 0 0 0 0 0 0 0 0 1
+4 3 0 0 0 0 0 0 0 0 1
+3 4 0 0 0 0 0 0 0 0 1
fe=(119)

fl=(210) ./time/./time/difftime.c
fn=(772) difftime
102 84 0 28 1 0 0 1
+11 196 84 84
+6 56 56

fl=(230)
fn=(844)
169 4 0 0 1 0 0 1
+3 16 0 0 1 0 0 1
+2 8 0 0 0 0 0 0 0 0 4 2
+9 232 16 16 2 2 0 2 1 0 16 6
+9 8 4

fl=(112) ./string/../sysdeps/x86_64/multiarch/strncmp.c
fn=(352) strncmp
67 1 0 0 1 0 0 1
-23 2 2 0 1 0 0 1
-1 4 0 0 0 0 0 0 0 0 1 1
+24 2 1
-22 3 1 0 1 0 0 1 0 0 1
+3 2 0 0 0 0 0 0 0 0 1
+4 3 0 0 0 0 0 0 0 0 1
+3 4 0 0 0 0 0 0 0 0 1

fl=(199)
fn=(674)
107 2 0 0 1 0 0 1
+1 8 4 0 1 0 0 1
cfi=(200) ./stdlib/../stdlib/strtol_l.c
cfn=(676) ____strtol_l_internal
calls=2 238 
* 282 38 24 8 1 1 8 0 0 72 20

fl=(121) ./string/../sysdeps/x86_64/multiarch/memcmp.c
fn=(374) bcmp
29 1 0 0 1 0 0 1
fi=(122) ./string/../sysdeps/x86_64/multiarch/ifunc-memcmp.h
+5 5 2 0 1 0 0 1 0 0 1
+1 2 1 0 0 0 0 0 0 0 1
+1 2 0 0 0 0 0 0 0 0 1
+1 3 1 0 0 0 0 0 0 0 1
+3 2 0 0 0 0 0 0 0 0 1
+4 3 0 0 0 0 0 0 0 0 1
+3 4 0 0 1 0 0 1
fe=(121)
-18 2 1

fl=(219)
fn=(810)
33 3 0 0 1 0 0 1
+2 3
-2 6
+4 9 0 3
+1 15 0 3
+9 6
+9 3
-9 3 0 3 1 0 2 1
+9 6 0 0 0 0 0 0 0 0 3 2
+47 3
+4 3
-4 3 0 3
+4 3 3

fl=(81) ./string/../sysdeps/x86/cacheinfo.c
fn=(280) __x86_cacheinfo
86 1 0 0 1 0 0 1
fi=(82) ./string/../sysdeps/x86/cacheinfo.h
-27 1 1
+3 3 1 0 1 1 0 1 0 0 1
+2 1
+1 1 0 1 0 0 1 0 0 1
-1 2 0 1
+7 3 1 0 0 0 0 0 0 0 1
+2 1
+1 1 0 1
-1 2 0 1 1 0 0 1
+5 2 1 1 0 0 1 0 0 1
+2 2 1 1
+1 2 1 1
+1 2 1 1
+2 2 1 0 1 1 0 1 0 0 1 1
+2 2 1
fe=(81)

fl=(159)
fn=(514)
30 1 0 0 1 0 0 1
+1 2 0 0 0 0 0 0 0 0 1 1
-1 4 0 3
+1 4 1 0 0 0 0 0 0 0 1
+2 3 0 1 1 0 0 1
cob=(3)
cfi=(154)
cfn=(516) 0x0000000004891660
calls=1 -33 
* 24 3 0 3 1 0 3 0 0 3 0 1 1
+4 5 1 1 0 0 1
+1 3 2 1
+2 4 4

fl=(85) ./string/../sysdeps/x86_64/multiarch/strpbrk.c
fn=(288) strpbrk
29 1 0 0 1 0 0 1
fi=(242)
+7 5 2 0 1 1 0 1
fe=(85)
-7 1 1

fl=(178)
fn=(636)
329 77 0 35 2 0 0 2
+1 34 14 0 0 0 0 0 0 0 10 5
+5 14
-3 7 0 7
+3 14
-2 7 0 7
+2 14 0 7
+3 42 42
-7 3 0 3
cob=(3)
cfi=(154)
cfn=(726)
calls=3 0 
* 529 160 79 21 4 0 21 0 0 84 11 3 1
+4 6 3

fn=(696) _IO_sgetn
409 2 0 1 1 0 0 1
fi=(189)
1025 1
fe=(178)
409 3 0 1
+2 1 1
fi=(189)
1025 2
+1 2 0 0 0 0 0 0 0 0 1
fe=(178)
411 1 1
+1 2 2
-1 1 0 0 0 0 0 0 0 0 0 0 1 1
cfi=(179)
cfn=(698)
calls=1 1273 
* 1702 541 504 19 128 229 19 126 229 171 37 5 3

fn=(910)
842 6 0 4 1 0 0 1
-66 1
+66 6 1 3 1 0 0 1
+1 1 0 1
cfn=(912) _IO_flush_all
calls=1 686 
* 183 65 37 13 8 0 13 2 0 35 9
-67 2 0 1
+67 1
-67 3 0 2
cfi=(180)
cfn=(596)
calls=1 24 
* 13 4 3 0 0 0 0 0 0 1
+1 6 3 0 1 0 0 1 0 0 2 1
fi=(189)
1025 1 0 0 1 0 0 1
fe=(178)
785 1 1
-1 1 0 1
+1 4 2 0 0 0 0 0 0 0 1
-1 2 0 2
+1 25 12 0 1 0 0 1 0 0 8 3
+9 6 2 0 0 0 0 0 0 0 2 2
+20 2 0 2
+2 4 0 0 0 0 0 0 0 0 2 2
+1 3 0 3 1 0 0 1
-37 9 3 0 1 0 0 1 0 0 3 2
+41 7 2 2 0 0 0 0 0 0 2 1
+1 2 0 1
cfi=(180)
cfn=(598)
calls=1 54 
* 9 5 1 0 0 0 0 0 0 1 1
+33 12 9 0 1 0 0 1 0 0 1
-78 2 2
+39 24 6 6 2 0 0 2 0 0 6
-2 1 0 1
+2 1
-31 6 0 6 1 0 0 1
+7 7 0 0 0 0 0 0 0 0 3 1
-15 1 0 1 1 0 0 1
+3 2 1
-3 1 0 1
+3 2 0 0 0 0 0 0 0 0 1 1

fn=(624) _IO_default_uflow
361 4 0 2 1 0 0 1
fi=(189)
1025 2
fe=(178)
361 6 0 4
+1 2 2
-1 2
fi=(189)
1025 4 0 0 1 0 0 1
+1 4 0 0 0 0 0 0 0 0 2
fe=(178)
362 4 2 2 0 0 0 0 0 0 0 0 2 2
cfi=(195)
cfn=(678)
calls=1 145 
* 15 5 0 2 0 0 2 0 0 3 2
cfi=(179)
cfn=(626)
calls=1 462 
* 397 100 60 26 3 5 26 1 2 55 21 4 3
+1 4 0 0 0 0 0 0 0 0 2 1
+2 4 2 1
+1 8 8

fn=(588)
563 44 0 20 1 0 0 1
+1 4 0 4 0 0 2
cfn=(590) _IO_old_init
calls=4 -33 
* 98 12 46 4 3 6 2 1 2 4 2
+1 4 0 4 1 0 3 1 0 1
+1 8 0 0 0 0 0 0 0 0 4 1
+2 3 0 3
+4 3
+7 3 0 3 0 0 3 0 0 1
+2 3 0 3 0 0 2
-9 15 0 15
+15 3 0 3 1 0 0 1
+1 18 18
-1 1 0 1
+1 6 6
-2 2 0 1

fn=(640)
164 12 0 6 1 0 0 1
+1 6 4 0 0 0 0 0 0 0 2 2
+3 6 2 0 1 0 0 1 0 0 2
+4 4 2 2
+1 4 2 0 0 0 0 0 0 0 2 2
+7 2
-4 2 0 2
+4 2 0 2
-2 4 0 4 1 0 0 1
+3 2
+1 8 8

fn=(714)
53 6 0 0 1 0 0 1
+1 12 6 0 0 0 0 0 0 0 6 3
+28 6 3
cfn=(716) __GI__IO_un_link.part.0
calls=3 -30 
* 300 87 75 12 0 0 10 0 0 42 10

fn=(716)
52 12 0 9 2 0 0 1
+6 3
-6 6 0 3
+6 3 0 0 1 0 0 1
-6 12 3 3
+6 12 0 9
cfi=(180)
cfn=(596)
calls=3 -34 
* 39 12 9 0 0 0 0 0 0 3
+1 21 9 0 1 0 0 1 0 0 6 2
+2 3 3 0 1 0 0 1
-1 3 0 3
+1 30 9 0 0 0 0 0 0 0 9 1
+4 6 0 0 1 0 0 1 0 0 3 2
+9 6 0 3
+2 18 6 0 2 0 0 1 0 0 6 2
+3 6 0 3 1 0 0 1
cfi=(180)
cfn=(598)
calls=3 -25 
* 27 15 3 0 0 0 0 0 0 3 2
+3 27 21 0 0 0 0 0 0 0 3
-19 3 3 0 1 0 0 1
-2 6 0 6
+2 6 0 0 0 0 0 0 0 0 3 1
+13 9 0 3 1 0 0 1 0 0 3
+2 3 3
-2 3 0 3
+1 3 0 3
+1 15 0 6 0 0 0 0 0 0 3
-12 9 3 3
-7 9 0 6 1 0 0 1

fn=(720)
937 18 0 6 1 0 0 1
+2 6 3 0 0 0 0 0 0 0 3 3
+5 9 3 0 0 0 0 0 0 0 3 3
+2 9 9 0 1 0 0 1

fn=(744)
601 18 0 6 1 0 0 1
+2 9 3 0 0 0 0 0 0 0 3 2
+6 9 3 0 0 0 0 0 0 0 3 2
+3 9 3 0 1 0 0 1 0 0 3 2
54 6 3 0 0 0 0 0 0 0 3
624 9 9

fn=(838)
371 44 0 28 1 0 0 1
+3 16 0 0 0 0 0 0 0 0 4
fi=(189)
1025 4
fe=(178)
373 8
+16 4 0 0 1 0 0 1 0 0 2 2
+8 4
+2 8 0 0 0 0 0 0 0 0 4 4
-20 16 8 0 1 0 0 1 0 0 4
+2 4
+1 8
+2 8 0 0 0 0 0 0 0 0 4 2
+2 4
+1 2
-1 2 0 2
cob=(3)
cfi=(154)
cfn=(700)
calls=2 0 
* 666 210 202 0 48 0 0 0 0 62 5 2
* 2 0 2
+1 2
-12 4 4 0 1 0 0 1
+29 32 28
-11 6 0 0 1 0 0 1 0 0 2 2
+1 12 6 6
-1 18 0 0 0 0 0 0 0 0 6 4
+2 8 0 2
-6 4 0 0 1 0 0 1

fn=(704)
269 5 0 3 1 0 0 1
+1 1 1 0 1 0 0 1
-1 1
+1 2 0 0 0 0 0 0 0 0 1 1
+5 3 1 0 0 0 0 0 0 0 1
+3 1 1
173 1 1
278 2 0 0 0 0 0 0 0 0 1
+2 2 0 0 0 0 0 0 0 0 1
+6 2 1 0 0 0 0 0 0 0 1 1
+7 1 1 0 1 0 0 1
fi=(189)
1025 3
+1 2 0 0 0 0 0 0 0 0 1
fe=(178)
293 2 1
+1 3 3
-1 1 0 0 0 0 0 0 0 0 0 0 1 1
cfi=(179)
cfn=(626)
calls=1 462 
* 96 31 20 0 0 0 0 0 0 14 4 1
-23 2 0 0 1 0 0 1 0 0 1 1
+21 3 1 0 0 0 0 0 0 0 1 1

fn=(912)
686 5 0 3 1 0 0 1
+5 1
-5 1 0 1
+5 1
-5 6 1 3
+5 4 0 3 1 0 0 1
cfi=(180)
cfn=(596)
calls=1 24 
* 13 4 3 0 0 0 0 0 0 1
+1 6 3 0 0 0 0 0 0 0 2 1
-5 1 0 0 1 0 0 1
fi=(189)
1025 2
fe=(178)
708 33 12 6 2 0 0 2 0 0 9
+1 3 0 3
-14 9 3 0 0 1 0 0 0 0 3 1
+2 3 0 3 1 0 0 1
+1 27 15 0 0 4 0 0 1 0 9 3
+2 21 9 0 2 3 0 2 1 0 6 1
+13 7 2 2 2 0 0 2 0 0 2
+1 2 0 1
cfi=(180)
cfn=(598)
calls=1 54 
* 9 5 1 0 0 0 0 0 0 1 1
+4 12 9 0 0 0 0 0 0 0 1 1
-20 9 0 6 1 0 0 1
-6 2 1 1 1 0 0 1
-5 2
+8 1 1
-3 1 0 1 1 0 0 1
+3 2 0 0 0 0 0 0 0 0 1 1

fn=(590)
531 4 0 0 2 0 0 1
+3 4 4 0 0 3 0 0 1
-2 4
+2 4 0 0 2 0 0 1
+5 4
-7 4 0 4
+2 4
+10 4 0 4
-10 4
+16 4
-11 4 0 4
-5 4
+16 4 0 4
-16 4 0 4
+21 4 4
-16 20 0 20 0 0 3 0 0 1
+16 8 0 0 0 0 0 0 0 0 4 2
+1 6 0 6 0 0 3 0 0 1
+2 4 4

fn=(594)
87 42 0 24 1 0 0 1
+1 30 12 6 0 2 0 0 0 0 6 3
+18 54 42 0 0 0 0 0 0 0 6
-16 3 0 0 1 0 0 1
+2 9 0 3 0 0 2
-2 3 0 3
+2 12 0 6
cfi=(180)
cfn=(596)
calls=3 -68 
* 39 12 9 2 4 0 2 0 0 3
+1 21 9 0 2 2 0 1 0 0 6 3
+10 6 0 3 2 0 0 1
cfi=(180)
cfn=(598)
calls=3 -49 
* 27 15 3 1 0 0 1 0 0 3 2
+3 3
-11 15 9 0 4 0 0 2 0 0 3
+2 3 3 0 0 3
-2 3 0 3
+3 3 0 3
-3 3 0 3
+2 3 0 3
+3 12 3 3 0 0 0 0 0 0 3
+2 3 3 0 2 0 0 1
-2 3 0 3
+1 3 0 3
+1 15 0 6 0 0 0 0 0 0 3
-9 6 0 6 2 0 0 1
+1 3 0 3
+1 6 3 0 0 0 0 0 0 0 3 1

fn=(622)
299 10 0 6 1 0 0 1
+1 2 2
-1 2
+1 4 0 0 0 0 0 0 0 0 2 2
+5 6 2 0 0 0 0 0 0 0 2
+3 2 2 0 1 0 0 1
173 2 2
308 4 0 0 0 0 0 0 0 0 2
+2 4 0 0 0 0 0 0 0 0 2
+6 4 2 0 0 0 0 0 0 0 2 2
+7 2 2
fi=(189)
1025 6
+1 4 0 0 0 0 0 0 0 0 2
fe=(178)
323 4 2 0 0 2
+1 6 6
-1 2 0 0 0 0 0 0 0 0 0 0 2 1
cfn=(624)
calls=2 +38 
* 456 119 69 30 3 5 30 1 2 62 24 6 5
-23 4 0 0 1 0 0 1 0 0 2 2
+21 6 2 0 0 0 0 0 0 0 2 2

fn=(628)
343 4 0 0 1 0 0 1
+1 8 4 0 0 0 0 0 0 0 4 3
-1 28 0 16
+3 15 5 0 0 0 0 0 0 0 5 4
+1 3 3 0 2 0 0 1
fi=(189)
1025 9
+1 6 0 0 0 0 0 0 0 0 3 1
fe=(178)
347 6 3 3 0 3 0 0 0 0 0 0 3 1
cfi=(187)
cfn=(630)
calls=3 78 
* 795 174 102 15 17 15 11 0 3 108 21 6 1
* 6 0 0 0 0 0 0 0 0 3 2
-10 1
-5 1 0 1
+1 1 0 1
+4 1 0 1
+13 24 20 0 1 0 0 1
-1 2
-19 1

fn=(672)
635 28 0 12 1 0 1 1
+3 12 8 0 0 0 0 0 0 0 4
+1 8 4 0 1 0 0 1 0 0 4 4
+9 4 0 4
+3 20 16
-10 8 0 4 1 0 0 1
+1 4
+5 4

fl=(185) ./libio/./libio/iofgets.c
fn=(616) fgets
32 28 0 20 1 0 0 1
+5 16 0 0 1 0 0 1 0 0 4
+2 8 0 0 0 0 0 0 0 0 4
+8 36 20 0 0 0 0 0 0 0 8 4
+4 4 0 0 1 0 0 1
+1 4
+1 8
-1 4 0 4
+1 16 0 0 1 0 0 1
-2 4
+2 4 0 4
cfi=(186)
cfn=(618)
calls=4 -20 
* 909 211 135 45 5 5 45 2 2 126 45 14 7
+3 4 4
+1 4
-1 8 0 0 0 0 0 0 0 0 4 4
fi=(189)
980 32 12 8 0 0 0 0 0 0 8
fe=(185)
66 28 24
-10 8 0 0 1 0 0 1 0 0 4 4
+4 4 0 4
+3 4 4
-2 4
+2 8 0 4
fi=(189)
979 12 0 0 0 0 0 0 0 0 4
fe=(185)
47 20 0 8 1 0 0 1 0 0 4

fl=(216)
fn=(802)
27 19 0 0 1 0 0 1
+1 57 19 0 0 0 0 0 0 0 19
-1 133 0 95 0 0 4
+4 72 0 0 0 0 0 0 0 0 19 2
+2 34 17
+3 17
fi=(241)
-7 17
fe=(216)
+8 34
fi=(241)
-8 17
fe=(216)
+12 17
fi=(241)
-12 17 0 17 0 0 2
cob=(3)
cfi=(154)
cfn=(650)
calls=17 -29 
* 282 61 27 0 2 2 0 0 0 75 21 17
fe=(216)
+11 51 17 17
-9 34 0 0 0 0 0 0 0 0 17 8
+2 51 17 0 1 0 0 1 0 0 17 10
+11 114 114 0 1 0 0 1

fl=(166)
fn=(548)
28 1 0 0 1 0 0 1
+2 1
+2 1
cfi=(167)
cfn=(550)
calls=1 -1 
* 35 8 11 3 1 0 3 0 0 2 1

fl=(202)
fn=(688)
47 2 0 0 1 0 0 1
+3 4 0 0 0 0 0 0 0 0 2
-3 12 0 6
+6 4 0 0 0 0 0 0 0 0 2 2
+5 12 0 0 1 0 0 1 0 0 2
+2 8 8
-7 10 0 0 1 0 0 1 0 0 2 2

fl=(220)
fn=(812)
28 3 0 0 1 0 0 1
+1 3
+1 3
+2 3
+1 3
+1 3 0 0 0 0 0 0 0 0 3 3
+12 3
+1 3 0 0 0 0 0 0 0 0 3
+1 3 3
+1 3
+1 3 0 0 1 0 0 1
+1 3
+1 3 0 0 0 0 0 0 0 0 3 3
+6 3
+1 3 0 3
+1 3 3

fl=(200)
fn=(676)
238 10 0 6 1 0 0 1
+54 2
-54 2 0 2
+19 2
-19 8 0 6
+14 2 2
-14 6 0 4 0 0 1
+26 4 0 0 1 0 0 1 0 0 2
+31 8 0 0 0 0 0 0 0 0 4
+9 12 8 0 0 0 0 0 0 0 2 2
+2 4 0 0 1 0 0 1 0 0 2
+5 4 0 0 0 0 0 0 0 0 2
-1 2 0 2
+6 4 0 0 0 0 0 0 0 0 2
+4 4 0 0 0 0 0 0 0 0 2
+15 4 0 0 0 0 0 0 0 0 2 2
+10 8 0 2 1 0 0 1 0 0 2
-87 4
395 2
+56 10 2 0 0 1 0 0 0 0 4
+26 2 2
+1 2
-84 2
-1 2 0 0 1 0 0 1
+96 4
-5 12 0 0 0 0 0 0 0 0 6 4
+5 6
+1 18
-41 12 6
+2 24 0 0 0 0 0 0 0 0 12 2
+2 18 0 0 0 0 0 0 0 0 6 4
+28 18 0 0 1 0 0 1 0 0 6
+3 12 0 0 0 0 0 0 0 0 6 4
+11 4 0 0 1 0 0 1 0 0 2
+5 6 2 0 0 0 0 0 0 0 2
+1 2 0 2
+5 4 0 0 0 0 0 0 0 0 2
+3 2 2
+15 2
-15 4 0 0 0 0 0 0 0 0 2
-2 4 0 0 0 0 0 0 0 0 2
+39 16 14
342 4 0 0 1 0 0 1 0 0 2 2

fl=(183) ./string/../sysdeps/x86_64/multiarch/strchr-avx2.S
fn=(800) __strchrnul_avx2
53 12 0 0 1 0 0 1
+2 12
+1 12
+1 12
+1 12
+1 12
+3 12
+1 12 0 0 1 0 0 1 0 0 12
+4 12 12 0 0 2 0 0 1
+1 12
+1 12
+1 12
+1 12
+1 12
+1 12 0 0 0 0 0 0 0 0 12
+1 12
+13 12
+2 24 12

fn=(610) __strchr_avx2
53 3 0 0 2 0 0 1
+2 3
+1 3
+1 3
+1 3
+1 3
+3 3
+1 3 0 0 2 0 0 1 0 0 3
+4 3 3
+1 3
+1 3
+1 3
+1 3
+1 3
+1 3 0 0 0 0 0 0 0 0 3 2
+1 3
+3 3 3
+8 3 0 0 0 0 0 0 0 0 3 2
+8 3
+1 6 3

fl=(103) ./string/../sysdeps/x86_64/multiarch/strchr.c
fn=(330) index
65 1 0 0 1 0 0 1
-22 2 2
+1 1 1
-2 4 0 0 0 0 0 0 0 0 1 1
+2 2 0 0 1 0 0 1 0 0 1
+3 2 0 0 0 0 0 0 0 0 1
+4 3 0 0 0 0 0 0 0 0 1
+3 3 0 0 0 0 0 0 0 0 1
+11 1 1

fl=(204) ./libio/./libio/iofread.c
fn=(694) fread
31 7 0 5 1 0 0 1
+1 1
-1 1 0 1
+1 1
-1 1
+4 6 0 0 0 0 0 0 0 0 1
+2 10 5 1 1 0 0 1 0 0 3 1
+1 4 0 1 1 0 0 1
cfi=(178)
cfn=(696)
calls=1 409 
* 1717 545 506 20 128 229 20 126 229 172 37 6 4
fi=(189)
979 2 1 0 0 0 0 0 0 0 1
+1 9 3 2 1 0 0 1 0 0 2
fe=(204)
40 2 0 0 0 0 0 0 0 0 1 1
+1 9 7
-1 2
-3 4 1 2 1 0 0 1

fl=(215)
fn=(830)
117 5
+1 15 5 0 0 0 0 0 0 0 5
-1 5 0 5
-64 5 0 0 1 0 0 1
+64 30 0 15
-66 20 10 5
+2 15 5 0 0 0 0 0 0 0 5 4
+15 6 0 0 0 0 0 0 0 0 2
+18 6 4 0 0 0 0 0 0 0 2
+3 2 0 2
+2 4 0 0 0 0 0 0 0 0 2
+12 2 0 2
+19 2
-1 2
+1 8 8
-1 2
cfi=(228)
cfn=(832)
calls=2 -96 
* 38 10 0 0 0 0 0 0 0 8
+1 3 0 0 1 0 0 1
-1 3
+1 12 12
-1 3
cfi=(228)
cfn=(832)
calls=3 -96 
* 57 15 0 2 0 0 2 0 0 12
-56 6 0 3
cfn=(794) __printf_buffer_to_file_switch
calls=3 -36 
* 39 12 6 0 0 0 0 0 0 3
+1 3
-8 3 0 0 1 0 0 1
+1 3 3
fi=(246) ./stdio-common/../libio/libioP.h
1025 3
fe=(215)
58 3
+1 3 3
-1 3
fi=(246)
1025 6
+1 6 0 0 1 0 0 1 0 0 3
fe=(215)
59 6 3 3 0 2 0 0 0 0 0 0 3 1
cfi=(179)
cfn=(752)
calls=3 1198 
* 513 129 69 0 2 4 0 0 0 81 17 6
* 6 0 0 0 0 0 0 0 0 3 2

fn=(792)
108 5 0 0 1 0 0 1
+1 5
fi=(227)
+18 5 0 5 0 0 2
fe=(215)
-18 5 0 0 1 0 0 1
fi=(227)
+28 5
-9 5 0 5
+9 5 0 5
-13 5
fe=(215)
-13 5 0 5
fi=(227)
+13 5 0 5 0 0 2
fe=(215)
-12 5
cfn=(794)
calls=5 -83 
* 61 20 10 1 2 0 1 0 0 5 2

fn=(794)
29 8 0 0 1 0 0 1
+1 40 24 0 0 2 0 0 0 0 8 2
+10 6
+1 6
+3 24 0 12
+1 6 6
-1 8 0 4
+1 2 2

fl=(89) ./string/../sysdeps/x86_64/multiarch/memset.c
fn=(296) memset
29 1 0 0 1 0 0 1
fi=(90) ./string/../sysdeps/x86_64/multiarch/ifunc-memset.h
+25 5 2 0 0 0 0 0 0 0 1
+3 3 1 0 0 0 0 0 0 0 1
+7 2 0 0 1 0 0 1
+9 2 0 0 0 0 0 0 0 0 1
+2 2 0 0 0 0 0 0 0 0 1
+10 2 0 0 0 0 0 0 0 0 1
+8 2 0 0 0 0 0 0 0 0 1
+3 5 1
fe=(89)

fl=(104) ./debug/../sysdeps/x86_64/multiarch/memset_chk.c
fn=(332) __memset_chk
29 1
fi=(105) ./debug/../sysdeps/x86_64/multiarch/ifunc-memset.h
+25 5 2 0 0 0 0 0 0 0 1
+3 3 1 0 0 0 0 0 0 0 1
+7 2 0 0 1 0 0 1
+9 2 0 0 0 0 0 0 0 0 1
+2 2 0 0 0 0 0 0 0 0 1
+10 2 0 0 0 0 0 0 0 0 1
+8 2 0 0 0 0 0 0 0 0 1
+3 5 1
fe=(104)

fl=(132) ./string/../sysdeps/x86_64/multiarch/stpcpy.c
fn=(410) stpcpy
33 1 0 0 1 0 0 1
fi=(118)
+5 2 2
+1 1 1
-1 2 0 0 0 0 0 0 0 0 1
+1 2 0 0 0 0 0 0 0 0 1
+3 2 0 0 0 0 0 0 0 0 1
+4 3 0 0 0 0 0 0 0 0 1
+3 3 0 0 0 0 0 0 0 0 1 1
fe=(132)
-16 1 1

fl=(123) ./wcsmbs/../sysdeps/x86_64/multiarch/wmemset.c
fn=(378) wmemset
31 2 0 0 1 0 0 1
fi=(124) ./wcsmbs/../sysdeps/x86_64/multiarch/ifunc-wmemset.h
+5 10 4 0 0 0 0 0 0 0 2
+1 6 2 0 1 0 0 1 0 0 2 2
fe=(123)
-6 2 2

fl=(213) ./debug/./debug/fprintf_chk.c
fn=(788) __fprintf_chk
25 88 3 47 2 0 2 2 0 0 5 3
+3 6
+4 3
-4 3
+4 3 0 3 1 0 2 1
+1 3
-1 3
-4 3
+4 9 0 9
+1 3 0 3
cfi=(214)
cfn=(790)
calls=3 1522 
* 5021 1075 776 122 58 50 122 14 4 732 216 30 4
-8 6 2 2
+3 4
+4 2
-4 2
+4 2 0 2
+1 2
-1 2
-4 2
+4 6 0 6
+1 2 0 2
cfi=(214)
cfn=(790)
calls=2 1522 
* 1884 376 282 22 14 10 22 1 0 238 62 18 1
+4 25 20 0 1 0 0 1 0 0 5

fl=(172)
fn=(568)
262 1 0 1 1 0 0 1
fi=(173) ./malloc/../sysdeps/unix/sysv/linux/not-cancel.h
97 3 0 0 1 0 0 1
fe=(172)
262 7 1 3
+5 1 0 1
fi=(173)
97 3
fi=(171)
3143 2 0 0 0 0 0 0 0 0 1 1
fe=(172)
292 2 1 0 1 0 0 1 0 0 1 1
+4 3 1 1 0 1
fi=(171)
1946 4
+3 1
-3 1 0 0 1 0 0 1
+3 2 0 1 0 0 1 0 0 1
-3 2 0 0 0 0 0 0 0 0 1 1
+3 126
-3 126
+3 252 0 126 0 0 31 0 0 31
-3 252 0 0 0 0 0 0 0 0 126 5
+11 1 0 1
fe=(172)
300 3
fi=(171)
1958 1 0 1 0 0 1 0 0 1
+2 1 0 1
fe=(172)
300 1 0 1
cob=(3)
cfi=(154)
cfn=(478)
calls=1 0 
* 25 5 1 0 2 0 0 1 0 3 1 1
+1 4 0 1 1 0 0 1
cob=(3)
cfi=(154)
cfn=(478)
calls=1 0 
* 26 5 1 0 1 0 0 0 0 3 2 1
+1 4 0 1
cob=(3)
cfi=(154)
cfn=(478)
calls=1 0 
* 25 5 1 0 2 0 0 1 0 3 1 1
+1 4 0 1
cob=(3)
cfi=(154)
cfn=(478)
calls=1 0 
* 25 5 1 0 2 0 0 1 0 3 2 1
+1 4 0 1 1 0 0 1
cob=(3)
cfi=(154)
cfn=(478)
calls=1 0 
* 26 5 1 0 2 0 0 1 0 3 2 1
+1 4 0 1
cob=(3)
cfi=(154)
cfn=(478)
calls=1 0 
* 25 5 1 0 2 0 0 1 0 3 1 1
+1 4 0 1
cob=(3)
cfi=(154)
cfn=(478)
calls=1 0 
* 25 5 1 0 2 0 0 1 0 3 1 1
+2 4 0 1 1 0 0 1
cob=(3)
cfi=(154)
cfn=(478)
calls=1 0 
* 25 5 1 0 1 0 0 0 0 3 1 1
+1 4 0 1
cob=(3)
cfi=(154)
cfn=(478)
calls=1 0 
* 25 5 1 0 2 0 0 1 0 3 1 1
+1 4 0 1
cob=(3)
cfi=(154)
cfn=(478)
calls=1 0 
* 25 5 1 0 2 0 0 1 0 3 0 1
+3 4 0 1
cob=(3)
cfi=(154)
cfn=(478)
calls=1 0 
* 25 5 1 0 2 0 0 1 0 3 0 1
+1 4 0 1 1 0 0 1
cob=(3)
cfi=(154)
cfn=(478)
calls=1 0 
* 25 5 1 0 2 0 0 1 0 3 0 1
+2 2 1 0 0 1 0 0 1 0 1
+10 8 6 0 0 0 0 0 0 0 1

fl=(120) ./string/../sysdeps/x86_64/multiarch/strchrnul.c
fn=(370) strchrnul
31 1 0 0 1 0 0 1
fi=(84)
+9 3 2
-2 4 0 0 0 0 0 0 0 0 1
fe=(120)
-7 2 1
fi=(84)
+10 2 1 0 1 0 0 1 0 0 1
+1 3 1 0 0 0 0 0 0 0 1
+3 2 0 0 0 0 0 0 0 0 1
+4 3 0 0 0 0 0 0 0 0 1
+3 5
fe=(120)

fl=(141) ./time/../sysdeps/unix/sysv/linux/time.c
fn=(768) time_syscall
31 28 0 0 1 0 0 1
+1 112 0 0 0 0 0 0 0 0 28
+1 28 28

fn=(440) time
38 1 0 0 1 0 0 1
fi=(247) ./time/../sysdeps/unix/sysv/linux/dl-vdso.h
+2 2 2
+1 2 0 0 0 0 0 0 0 0 1 1
fe=(141)
-3 2 1 0 1 0 0 1

ob=(1)
fl=(23) ./elf/../misc/sbrk.c
fn=(64) sbrk
37 4 0 2 1 0 0 1
+3 1 1
-3 2 0 1
+21 2 0 0 0 0 0 0 0 0 1
+4 2 0 0 0 0 0 0 0 0 1 1
+16 5 4 0 1 0 0 1

fl=(43) ./string/../sysdeps/x86_64/multiarch/../multiarch/memset-vec-unaligned-erms.S
fn=(130) memset
132 7 0 0 1 0 0 1
+1 35
+5 7
+1 7 0 0 0 0 0 0 0 0 7 5
+3 2
+1 2 0 0 0 0 0 0 0 0 2 1
244 2 0 2 1 0 1 1 0 1
+1 2 0 2
+12 2
+3 2
+1 2 0 0 0 0 0 0 0 0 2
+12 2 0 2
+1 2 0 2 0 0 2 0 0 2
+13 2
+1 2
+2 2 0 0 0 0 0 0 0 0 2 1
+3 1
+3 2
+3 1 0 1
+1 1 0 1
+1 1 0 1
+1 1 0 1
+1 1
+1 1
+1 1 0 0 0 0 0 0 0 0 1 1
-6 34 0 34 0 0 34 0 0 34
+1 34 0 34
+1 34 0 34
+1 34 0 34
+1 34
+1 34
+1 34 0 0 0 0 0 0 0 0 34 9
+3 2 0 2 0 0 1 0 0 1
+1 2 0 2
+1 2 0 2
+1 2 0 2
+5 2 2
+34 5 0 0 1 0 0 1
+2 5
+1 5 0 0 0 0 0 0 0 0 5 4
+39 5 0 5 1 0 1 1 0 1
+1 5 0 5 0 0 1 0 0 1
+2 5 5

fl=(51) ./setjmp/../sysdeps/x86_64/setjmp.S
fn=(162) __sigsetjmp
31 3 0 0 1 0 0 1
+2 3 0 3
+9 3
+1 6 3
+1 3 0 3
+4 3 0 3
+1 3 0 3
+1 3 0 3 0 0 1 0 0 1
+1 3 0 3
+1 3
+2 6 3
+2 3 0 3
+1 3 3 0 1 0 0 1
+1 3
+2 6 3
+2 3 0 3
+8 3
+3 3
+1 3 0 3
+7 3
+1 3 3

fl=(1) ???
fn=(0) 0x000000000001f540
0 2 0 1 1 0 1 1 0 1
cfi=(2) ./elf/./elf/rtld.c
cfn=(2) _dl_start
calls=1 517 
0 163807 36810 13511 985 953 524 978 843 517 33140 3822 294 145
0 8 1 1 1 0 0 0 0 0 1 1
cfi=(76) ./elf/../sysdeps/x86_64/dl-cet.c
cfn=(494) _dl_cet_setup_features
calls=1 331 
0 4 1 0 1 0 0 1 0 0 1
0 10 2 1 1 1 0 1
cfi=(156) ./elf/./elf/dl-init.c
cfn=(498) _dl_init
calls=1 81 
0 393 121 55 23 13 5 23 1 1 53 21 5 5
0 3 0 0 0 0 0 0 0 0 0 0 1 1
cob=(5)
cfi=(162)
cfn=(524)
calls=1 0 
0 6782463540 696738597 336063859 768 6092532 31787146 694 13614 194692 336186162 42205 328 63

fl=(27) ./elf/./elf/dl-minimal-malloc.c
fn=(142) __minimal_free
97 1 0 0 1 0 0 1
+2 4 2 0 0 0 0 0 0 0 1

fn=(78) __minimal_malloc
36 192 0 96 2 0 2 2 0 2
+1 72 24 0 0 1 0 0 1 0 24 1
+11 69 23
+3 23
-3 23 0 23
+3 46 0 0 0 0 0 0 0 0 23 2
-3 2
+3 1
-3 1 0 1
+3 90 0 0 0 0 0 0 0 0 23 1
+19 24 0 24 1 0 0 1
+1 24 0 24
+2 144 120
-17 8 2
+1 4 0 0 0 0 0 0 0 0 2 2
+2 2 0 0 1 0 0 1
+1 14 0 2
cfi=(57) ./misc/../sysdeps/unix/sysv/linux/mmap64.c
cfn=(182) mmap
calls=2 -13 
* 52 8 6 2 0 0 2 0 0 8 3
* 2
+2 4 0 0 0 0 0 0 0 0 2
+2 8 0 2
cfi=(58) ./misc/../sysdeps/unix/sysv/linux/setvmaname.c
cfn=(184) __set_vma_name
calls=2 -31 
* 56 13 7 3 0 1 3 0 1 6 4
+1 6 2 0 0 0 0 0 0 0 2
+2 2
+4 2
-4 4 0 2
-24 1 1 0 1 0 0 1
-1 1
+1 1
+1 2
-2 2 0 1 1 0 0 1

fn=(74) __minimal_calloc
80 8 0 0 1 0 0 1
+4 8
-4 32
+7 8
+1 24 0 0 0 0 0 0 0 0 8 7
fi=(28) ./elf/../include/rtld-malloc.h
-32 8 8 0 0 0 0 0 0 0 0 0 8 1
cfi=(27)
cfn=(78)
calls=8 -20 
* 347 73 70 11 1 3 11 1 3 35 10
fe=(27)

fl=(73) ./elf/./elf/dl-version.c
fn=(240) _dl_check_all_versions
392 7 0 5 1 0 0 1
+4 5 0 0 0 0 0 0 0 0 1
-2 1
+4 24 4 4 1 0 0 1 0 0 4 4
cfn=(242) _dl_check_map_versions
calls=4 155 
* 4293 1321 358 35 36 24 35 36 24 780 144 12 5
-2 4 4
+2 12
-1 4
-1 8 0 0 0 0 0 0 0 0 4 3
+5 7 6

fn=(242)
155 40 0 24
+15 12 4 0 0 0 0 0 0 0 4
+2 20 8 0 1 0 0 1 0 0 4
+2 4 4
+1 4 4
+2 8 0 0 0 0 0 0 0 0 4 2
+3 4 4
-16 4 0 2
+20 2 2 0 0 2 0 0 2
-4 2 0 0 1 0 0 1
-24 2 0 2
+28 14 0 10 0 0 0 0 0 0 2
+16 4 4 0 1 0 0 1
36 2
200 2
36 14 4 0 0 0 0 0 0 0 2 2
+1 5 5
-1 10 0 0 0 0 0 0 0 0 5
+2 21 0 7 1 0 0 1
cfi=(52) ./elf/./elf/dl-misc.c
cfn=(168) _dl_name_match_p
calls=7 +30 
* 674 159 36 0 0 1 0 0 1 84 25 4 2
* 16 0 0 0 0 0 0 0 0 7 4
208 6 2 0 0 0 0 0 0 0 2
+5 2 2
fi=(248) ./elf/../sysdeps/generic/_itoa.h
76 6 2 4
fe=(73)
213 4
+4 4 4 0 1 0 0 1
+1 4 4
-1 4 0 2
+4 2 2
-3 2 2
+3 2 0 2
-3 6 4 0 0 0 0 0 0 0 2 1
-1 12 12 0 0 2 0 0 2
+1 12 12
-1 12 0 6
+4 6 6
-3 6 6
+3 6 0 6
-3 43 22 0 1 0 0 1 0 0 6 2
56 32 24 0 0 0 0 0 0 0 8 8
+8 24 8 0 0 0 0 0 0 0 8
+6 24 8 0 1 0 0 1 0 0 8
+16 8 8
+1 16 0 0 0 0 0 0 0 0 8
+2 8 8
+5 56 8 24 0 2 0 0 2 0 8
+14 204 102 0 0 5 0 0 5 0 102 9
+12 282 94 0 1 8 0 1 8 0 94
+4 94
-30 188 94 0 0 11 0 0 11 0 94 5
231 32 8
+3 24 8 0 0 0 0 0 0 0 8 2
+5 6
-24 6
110 8 8 0 1 0 0 1
+3 40 16 16 1 0 0 1
cfi=(32) ./string/../sysdeps/x86_64/multiarch/../multiarch/strcmp-sse2.S
cfn=(94) strcmp
calls=8 -15 
* 283 57 0 7 4 0 7 4 0 33 17 2 2
* 24 8 0 0 0 0 0 0 0 8
224 24 16 0 0 0 0 0 0 0 8 5
+4 4 2 2 1 0 0 1
+15 6 2 0 0 0 0 0 0 0 2 2
+14 10 6 0 2 0 0 2 0 0 2 1
+3 4 4
+3 14 4 2
+3 8 2 0 0 0 0 0 0 0 2
+4 2
-7 8 2
+3 6 2 0 0 0 0 0 0 0 2 2
+4 44
-7 176 44 0 0 1 0 0 1
+3 134 44 2 0 0 0 0 0 0 44 13
+8 6 2 0 0 0 0 0 0 0 2
+6 6 3 3 1 0 0 1
fi=(28)
44 3
fe=(73)
280 6
fi=(28)
44 3 3 3 0 0 0 0 0 0 0 0 3 1
cfi=(27)
cfn=(74)
calls=3 +36 
* 123 24 21 0 0 0 0 0 0 12 3 3
fe=(73)
281 6 3
-2 3 0 3
fi=(28)
44 3 0 0 1 0 0 1
fe=(73)
281 3 0 0 0 0 0 0 0 0 3
+13 3 3
-3 3 0 3
+3 12 6 3 0 0 0 0 0 0 3
+2 6 0 0 0 0 0 0 0 0 3 1
+3 8 4 0 1 0 0 1
+4 6 2
+7 8
+1 8
-1 24 8
+1 8 0 8 0 0 3 0 0 3
+1 8 8
-2 8 0 8
+2 16 0 8
+1 24 8 8 0 0 2 0 0 2
+3 24 8 0 0 0 0 0 0 0 8 2
+5 6
-15 6 6
+2 6
-2 6
+2 6
-2 6
+2 12 0 0 0 0 0 0 0 0 6 6
-2 2 2 0 1 0 0 1
+2 2
-2 2
+2 2
-2 2
+2 4 0 0 0 0 0 0 0 0 2 2
+16 6 2 0 0 0 0 0 0 0 2 2
+10 4 0 0 1 0 0 1 0 0 2 1
+3 4 2
+4 46 46
+6 46 46
+1 46 46
+1 46 46
-1 138
+1 46
-1 46 0 46 0 0 12 0 0 12
+1 46 0 46
+1 46 0 46 0 0 6 0 0 6
+3 138 46 0 0 0 0 0 0 0 46 2
+4 46
-14 96 48 0 0 0 0 0 0 0 48 10
+10 6 2 0 0 0 0 0 0 0 2 2
+12 4 0 0 0 0 0 0 0 0 2 1
+1 4 2 0 1 0 0 1 0 0 2
+1 4 2 0 0 0 0 0 0 0 2 1
+1 2 1 0 0 0 0 0 0 0 1 1
+19 36 32 0 1 0 0 1
164 2 0 2 1 0 0 1
-8 2 0 2
257 5 0 0 0 0 0 0 0 0 2 1
+17 3 1 0 1 0 0 1 0 0 1 1
+60 2 0 0 0 0 0 0 0 0 1
-40 2 1
+76 4 3 0 1 0 0 1 0 0 1 1
+2 4 2 0 0 0 0 0 0 0 1
+4 2
-4 120 30 0 0 0 0 0 0 0 30 1
+1 60 0 0 1 0 0 1 0 0 30 3
+2 1 1
+1 2
-1 1
+1 1 0 1
cfi=(32)
cfn=(244) strncmp
calls=1 98 
* 32 7 0 4 1 0 4 1 0 6 2
* 2 0 0 0 0 0 0 0 0 1 1

fl=(25) ./elf/./elf/dl-environ.c
fn=(70) _dl_next_ld_env_entry
28 3 0 0 1 0 0 1
+1 3 3
+3 78 72 0 0 0 0 0 0 0 3 2
+13 68
-13 136 0 0 0 0 0 0 0 0 68
+2 140 70 0 0 0 0 0 0 0 70 20
+1 14 7 0 0 0 0 0 0 0 7 3
+5 2
-3 2
+3 2 0 2
+2 2 2

fl=(26) ./elf/./elf/dl-object.c
fn=(72) _dl_new_object
59 45 0 30 1 0 3 1 0 3
+3 6 0 0 0 0 0 0 0 0 3 1
+18 4 2
+3 2 0 2
cfi=(22) ./string/../sysdeps/x86_64/multiarch/../multiarch/strlen-sse2.S
cfn=(62) strlen
calls=2 -26 
* 52 7 0 0 0 0 0 0 0 5 1
+4 2
-4 2
+4 2
+5 2
-9 6 0 4
fi=(28)
-39 4 2 2 0 0 0 0 0 0 0 0 2
cfi=(27)
cfn=(74)
calls=2 +36 
* 183 33 27 6 0 2 6 0 2 19 10 2
fe=(26)
+39 1 0 1 1 0 0 1
fi=(28)
-39 2 1 1 0 0 0 0 0 0 0 0 1 1
cfi=(27)
cfn=(74)
calls=1 +36 
* 47 8 8 6 1 1 6 1 1 4 2 1 1
* 3
fe=(26)
+51 6 0 0 0 0 0 0 0 0 3
+5 3 3
+4 3 3 0 1 0 0 1
-6 3 0 3 0 0 3 0 0 3
+2 3
+4 3 3
-5 3 0 3 0 0 3 0 0 3
+4 3
+1 3
-1 3 0 3
+1 6 0 6
cfi=(29) ./string/../sysdeps/x86_64/multiarch/memmove-vec-unaligned-erms.S
cfn=(82) memcpy
calls=3 210 
* 44 10 7 2 1 4 2 1 4 11 6
* 3 3
+15 3 3
-15 3 0 3 0 0 1 0 0 1
+2 3 0 3 1 0 0 1
+13 6 3 0 0 0 0 0 0 0 3 2
+6 1
+2 7 2 2 0 1 0 0 1
+3 2 1 0 0 0 0 0 0 0 1
-3 14 4 4 0 2 0 0 2
+3 4 2 0 0 0 0 0 0 0 2 2
+2 3 0 3 1 0 1 1 0 1
+4 3 0 3
+3 10 0 0 0 0 0 0 0 0 4 2
+2 12 0 8 1 0 1 1 0 1 1 1
-2 8
+2 8 0 8 0 0 3 0 0 3
-2 16 0 0 0 0 0 0 0 0 8 7
+16 6
-5 3 0 3 0 0 3 0 0 3
+5 3
-6 3 0 0 1 0 0 1
+6 3 3 0 0 1 0 0 1
-6 3 0 3
+6 6 0 0 0 0 0 0 0 0 3 1
+2 4 0 2 0 0 1 0 0 1
+3 4 0 0 0 0 0 0 0 0 2
-3 4
+7 8 2 0 0 0 0 0 0 0 2
+4 6 0 0 0 0 0 0 0 0 2 1
+8 1 0 1 1 0 0 1
+13 1 1
-10 2 0 1
+10 5 3 0 0 0 0 0 0 0 1 1
-10 4 0 2 0 0 1 0 0 1
+10 6 2 0 0 0 0 0 0 0 2
+2 2 0 2
cfi=(22)
cfn=(62)
calls=2 57 
* 70 10 0 0 0 0 0 0 0 6 1
+21 2 0 0 1 0 0 1
-21 6 0 2
+17 2
-13 6 0 0 0 0 0 0 0 0 2
+50 6 4 2 1
cfi=(29)
cfn=(126) mempcpy
calls=2 -48 
* 34 8 6 0 0 1 0 0 1 6 2
* 2
+5 4
+1 4 2 0 0 0 0 0 0 0 2 2
-1 80
+1 80 40 0 0 0 0 0 0 0 40 12
+4 4
+1 2 0 2
+3 2 0 2
+4 27 21 0 1 0 0 1
131 6 0 3 1 0 3 1 0 3
-8 2
-4 4 2 0 0 0 0 0 0 0 2 2
+34 1
+7 4 0 0 1 0 0 1 0 0 1
+8 8 2 0 1 0 0 1 0 0 2 2
fi=(28)
56 4 2 2 1 0 0 1 0 0 0 0 2 1
cfi=(27)
cfn=(78)
calls=2 -20 
* 60 14 14 0 0 0 0 0 0 6
* 2
fe=(26)
200 4 0 0 0 0 0 0 0 0 2
-1 4
64 2 0 0 1 0 0 1 0 0 1 1
+2 3 1 0 1 0 0 1 0 0 1
+1 2 0 0 0 0 0 0 0 0 1
+4 6 0 2
+6 2 0 0 1 0 0 1

fn=(84) _dl_add_to_namespace_list
31 12 0 6 1 0 0 1
+2 3
-2 6 0 3
+2 3
-2 9 0 3 0 0 1 0 0 1
+2 3 3 3 0 0 0 0 0 0 0 0 3 1
cfi=(24) ./elf/../sysdeps/nptl/dl-tls_init_tp.c
cfn=(86) rtld_mutex_dummy
calls=3 +9 
* 9 3
+2 26 3 0 1 0 0 1 0 0 3 1
+3 20 5 0 0 0 0 0 0 0 5 3
+2 2 0 2
+2 2 0 2
+4 2
+4 2
-4 4 0 2
+1 4 2 2
+1 4 0 2
+3 10 8
-1 2 2 0 0 0 0 0 0 0 0 0 2
cfi=(24)
cfn=(86)
calls=2 -8 
* 6 2
-4 1
+4 1
-4 2 0 1
+1 2 1 1
+1 2 0 1
+3 5 4
-1 1 1 0 0 0 0 0 0 0 0 0 1 1
cfi=(24)
cfn=(86)
calls=1 -8 
* 3 1
-5 2 0 1 1 0 0 1

fl=(142) ./elf/./elf/dl-find_object.c
fn=(448) _dlfo_process_initial
474 2 0 2
+3 2
-3 6 0 2
+1 2 2
+3 4 2 0 1 0 0 1 0 0 2
+26 14 2 0 0 1 0 0 0 0 2
+1 6 2 0 0 0 0 0 0 0 2 2
+1 8 8
-1 16 0 0 0 0 0 0 0 0 8 2
+3 28 6 0 1 0 0 1 0 0 14 2
+3 24 6 0 0 0 0 0 0 0 6 4
-7 10 2 0 1 0 0 1 0 0 2
+27 2
-2 2 0 2
+2 6 6
-18 18 6 0 1 1 0 1 1 0 6 3
+3 6
-1 6 0 3
cfi=(143) ./elf/./dl-find_object.h
cfn=(446) _dl_find_object_from_map
calls=3 95 
* 189 51 12 0 30 2 0 8 2 60 14
+2 12

fn=(450) _dlfo_sort_mappings
536 1 0 0 1 0 0 1
+1 2 0 0 0 0 0 0 0 0 1
+3 4 0 0 1 0 0 1
+4 1
+1 1
-1 1 1
+1 2 0 0 0 0 0 0 0 0 1
-1 1
+1 1
-1 1 1
+1 6 0 0 0 0 0 0 0 0 1
+1 15 3 0 0 0 0 0 0 0 3 1
+3 2
-1 2
-3 9 0 0 1 0 0 1 0 0 3 1
+8 6 2
+1 4 2
-1 2 2
-13 4 2
+14 6 2 4
+1 4 0 4
-15 4 0 0 0 0 0 0 0 0 2 1
+17 1 1

fn=(444) _dl_find_object_init
561 2 0 1 1 0 0 1
+3 1 1
-3 3 0 2
+5 2 1 0 0 0 0 0 0 0 1 1
+13 1 0 1 1 0 0 1
cfn=(448)
calls=1 474 
* 81 21 3 4 2 0 4 1 0 21 7
+1 1 1
-1 1
+1 1
fi=(28)
56 1 1 1 0 0 0 0 0 0 0 0 1 1
cfi=(27)
cfn=(78)
calls=1 -20 
* 30 7 7 0 0 0 0 0 0 3
fe=(142)
580 1 0 1
fi=(28)
56 1
fe=(142)
582 2 0 0 0 0 0 0 0 0 1
+3 2 0 0 0 0 0 0 0 0 1
+5 1 0 1 1 0 0 1
+1 1 0 1
cfn=(448)
calls=1 474 
* 282 72 18 0 30 2 0 8 2 81 20
+3 3 1 0 0 0 0 0 0 0 1 1
+10 4 4
-37 2 0 1 1 0 0 1
cfi=(143)
cfn=(446)
calls=1 95 
* 68 18 4 3 10 1 3 0 0 22 8
* 1
+29 2 0 1 1 0 0 1
cfn=(450)
calls=1 -60 
* 80 16 8 3 0 0 3 0 0 11 3
+3 6 3 1 1 0 0 1
+2 1

fl=(39) ./elf/./elf/dl-hwcaps_split.c
fn=(120) _dl_hwcaps_split
25 5 0 3 1 0 0 1
+1 3 1 0 0 0 0 0 0 0 1 1
+21 1 1 0 1 0 0 1
-20 1
+20 3 3

fn=(114) _dl_hwcaps_split_masked
51 110 0 66 1 0 1 1 0 1
-25 44 11 0 1 0 0 1 0 0 11 9
+36 5
-7 5
+7 35 35
-26 24 0 0 0 0 0 0 0 0 12 3
+5 27 0 9
cfi=(41) ./string/../sysdeps/x86_64/multiarch/../multiarch/strchr-sse2.S
cfn=(118) index
calls=9 -9 
* 216 27 0 3 0 0 3 0 0 18
* 9
+1 18 0 0 0 0 0 0 0 0 9 2
+3 6
+11 12 6 6
+1 18 0 6
+1 12 0 0 0 0 0 0 0 0 6 2
-2 6 3 3
+1 9 0 3
+1 6 0 0 0 0 0 0 0 0 3 2
-28 24 12 12 1 0 0 1
+4 48 12 0 0 1 0 0 1 0 12 6
+1 12 0 6
-1 30 6 0 1 0 0 1 0 0 6
+24 6 6
+9 12 0 0 0 0 0 0 0 0 6 4
-5 6 0 0 1 0 0 1
-2 6
+2 42 42
-19 6 0 3 1 0 0 1
cfi=(22)
cfn=(62)
calls=3 +14 
* 51 6 0 0 0 0 0 0 0 6
* 6

fl=(70) ./io/../sysdeps/unix/sysv/linux/pread64_nocancel.c
fn=(224) __pread64_nocancel
25 4
+1 8 0 0 0 0 0 0 0 0 2
+1 2 2

fl=(29)
fn=(82)
210 17 0 0 2 0 0 1
+1 17
+6 17
+1 17 0 0 0 0 0 0 0 0 17 7
+2 10 10
+1 10
+1 10 0 0 0 0 0 0 0 0 10 3
+2 7 7
+1 7 0 7 0 0 1 0 0 1
+1 7 0 7 1
+2 7 7
+80 7 0 0 1 0 0 1
+1 7 0 0 0 0 0 0 0 0 7 6
+2 1
+4 1 0 0 0 0 0 0 0 0 1
+1 1
+1 1 0 0 0 0 0 0 0 0 1
+1 1 1 0 0 1 0 0 1
+1 1 0 0 0 0 0 0 0 0 1 1
+4 1 0 1 0 0 1 0 0 1
+2 1 1
+39 6 6
+1 6 6
+1 6 0 6 0 0 2 0 0 2
+1 6 0 6
+1 6 6
+7 3 3
+1 3 3
+1 3 0 3 0 0 1 0 0 1
+1 3 0 3
+1 3 0 3 0 0 2 0 0 2
+1 3 0 3
+1 3 3
+11 3
+1 3 0 0 0 0 0 0 0 0 3
+2 3 3
+1 3 0 0 1 0 0 1
+1 3 0 0 0 0 0 0 0 0 3 3

fn=(126)
197 13
+1 13
+1 13
+1 13
+17 13
+1 13 0 0 0 0 0 0 0 0 13 8
+2 5 5 0 0 1
+1 5
+1 5 0 0 0 0 0 0 0 0 5 1
+2 4 4
+1 4 0 4 0 0 1 0 0 1
+1 4 0 4
+2 4 4
+80 8 0 0 1
+1 8 0 0 0 0 0 0 0 0 8 7
+2 1
+4 1 0 0 0 0 0 0 0 0 1
+1 1
+1 1 0 0 0 0 0 0 0 0 1 1
+8 1 1
+39 7 7 0 1 0 0 1
+1 7 7
+1 7 0 7 0 0 1 0 0 1
+1 7 0 7
+1 7 7
+7 1 1
+1 1 1
+1 1 0 1
+1 1 0 1
+1 1 0 1 0 0 1 0 0 1
+1 1 0 1
+1 1 1
+11 1
+1 1 0 0 0 0 0 0 0 0 1
+2 1 1
+1 1
+1 1 0 0 0 0 0 0 0 0 1 1

fl=(38) ./elf/../sysdeps/x86_64/dl-hwcaps-subdirs.c
fn=(110) _dl_hwcaps_subdirs_active
29 1 0 0 1 0 0 1
fi=(19) ./elf/../sysdeps/x86/get-isa-level.h
+2 1 1
fe=(38)
+7 1
fi=(19)
-8 4 0 0 0 0 0 0 0 0 1 1
fe=(38)
+22 1 1
fi=(19)
-20 3 1 0 0 0 0 0 0 0 1
+4 1
fe=(38)
+2 1
fi=(19)
-2 2 0 0 0 0 0 0 0 0 1
+3 4 1 0 1 0 0 1 0 0 1
+1 4 1 0 0 0 0 0 0 0 1
+5 1
fe=(38)
-7 1
fi=(19)
+7 3 0 0 0 0 0 0 0 0 1
fe=(38)
-2 1
fi=(19)
+5 2 0 0 0 0 0 0 0 0 1
+3 5 1 0 0 0 0 0 0 0 1
+2 4 0 0 1 0 0 1 0 0 1
+1 2 0 0 0 0 0 0 0 0 1
+1 2 0 0 0 0 0 0 0 0 1
+3 1
fe=(38)
-10 1
fi=(19)
+10 3 0 0 0 0 0 0 0 0 1 1
fe=(38)

fl=(63) ./io/../sysdeps/unix/sysv/linux/access.c
fn=(200) access
25 1
+2 7 0 1 0 0 0 0 0 0 1 1
+4 1 1

fl=(143)
fn=(446)
95 8 4 4 1 1 3 1 0 2
+1 8 4 4 1 0 0 1
+1 4 0 4
+6 20 8 0 0 3
+1 119 0 0 0 0 0 0 0 0 41 4
+1 82 41 0 1 35 0 1 8 0 41 18
+2 12 8 4 0 1
+5 4 4

fl=(147) ./elf/./elf/dl-lookup-direct.c
fn=(462) _dl_lookup_direct
74 30 0 18 1 0 0 1
+2 3 3
-2 6 0 6 1 0 0 1
+4 3 3
-4 3 0 3
+2 3 0 0 0 0 0 0 0 0 3 1
+2 9
+37 3
-37 9 6
+1 6 0 0 0 0 0 0 0 0 3
+2 12 3 3 1 0 0 1
+3 25 5 0 0 2 0 0 1 0 5 2
+2 6 3
-54 3
+54 3
-54 3 3
+54 3
-54 9 6 0 0 0 0 0 0 0 3 3
+1 9 0 0 1 0 0 1
+2 6 3 0 0 3 0 0 3
+1 6 3 0 0 0 0 0 0 0 3
+12 9 3 3 0 0 0 0 0 0 3
+3 3 3
+2 6 3 3
-2 3 3
+2 9 3 3 1 0 0 1
cfi=(32)
cfn=(94)
calls=3 +45 
* 209 28 0 0 7 0 0 7 0 22 5 3 3
* 6 0 0 0 0 0 0 0 0 3
+4 6 6
+1 3 3
-1 3 3 0 0 1 0 0 1
+1 18 6 0 0 0 0 0 0 0 3
+1 9 6 3
cfi=(32)
cfn=(94)
calls=3 +39 
* 198 27 0 0 1 0 0 1 0 21 5 3 3
* 6 0 0 0 0 0 0 0 0 3
+57 27 21
-23 6 0 0 2 0 0 2 0 0 2 2

fl=(13) ./elf/./elf/dl-sort-maps.c
fn=(234) dfs_traversal.part.0
135 72 0 40 2 0 0 1
+10 8 8 0 0 3
-2 8 0 8
+2 16 0 0 0 0 0 0 0 0 8 3
+2 20 5 0 0 2 0 0 0 0 5
-7 20 10 0 0 0 0 0 0 0 10 3
+7 40 10 0 0 0 0 0 0 0 10 5
+9 16 0 0 2 0 0 1 0 0 8 4
+15 24 8 8
+1 8 0 8
+1 48 48
-17 12 4 0 1 0 0 1 0 0 4 4

fn=(232) _dl_sort_maps
298 24 0 12 1
+8 2 2 0 2 1 0 1
-8 2 0 2
+8 4 0 0 0 0 0 0 0 0 2 1
+4 16 14 0 4 0 0 2
-99 2 0 0 2 0 0 1
-28 2
-2 2 0 2
+1 4 2
+29 2
-28 8 0 0 0 0 0 0 0 0 2
+1 2 2 0 2 0 0 1
-1 2
+1 2 0 2
-1 4 0 0 0 0 0 0 0 0 2 2
+1 6 6
-1 6
+1 6 0 6
-1 12 0 0 0 0 0 0 0 0 6 4
+28 30 0 2 2 0 0 1 0 0 4 2
+8 6
-3 2
+2 2 0 2
+1 4
-3 2 0 2
+5 26 0 0 2 0 0 1 0 0 6
+2 8 8
-83 40 8 8 0 0 0 0 0 0 8
cfn=(234)
calls=8 -5 
* 292 93 64 5 5 0 3 0 0 45 19
+86 24 8 0 0 0 0 0 0 0 8 6
+18 8 2 0 2 0 0 1 0 0 2 2
+32 8 2 0 2 0 0 1 0 0 4 2
+7 2 2 0 2 0 0 1
+27 2
-47 6 0 2 2 0 0 1
cfi=(29)
cfn=(82)
calls=2 -53 
* 22 6 4 2 0 0 0 0 0 4
* 2

fn=(26) _dl_sort_maps_init
289 2 0 1 1 0 0 1
+1 2
-1 2 0 0 1 0 0 1
+1 2 0 1
cfi=(11) ./elf/./elf/dl-tunables.c
cfn=(28) __tunable_get_val
calls=1 +97 
* 24 4 1 2 1 0 2 1 0 3 2
+2 3 1
-1 1 0 1
+2 2 2

fl=(233)
fn=(858)
26 5 0 3 1 0 0 1
+17 1
-17 6 0 4
+20 13 1 0 1 1 0 1 0 0 2 1
+3 2 1 1 0 1 0 0 0 0 0 0 1 1
cob=(2)
cfi=(234)
cfn=(860)
calls=1 +28 
* 44 12 6 7 0 0 7 0 0 9 3
+2 1 1 0 1 1 0 1
+3 2 0 0 0 0 0 0 0 0 1
+2 5 2 0 0 1 0 0 0 0 1
+7 3 0 1
-2 1 0 1
+2 1 0 1
cfi=(48) ./elf/./elf/dl-audit.c
cfn=(484) _dl_audit_activity_nsid
calls=1 -22 
* 11 3 0 2 1 0 0 0 0 2
+5 15 1 0 1 0 0 1 0 0 2 1
+5 1 1
-5 1 0 0 1 0 0 1
+5 3 0 0 0 0 0 0 0 0 1 1
+2 8 4 0 0 4 0 0 0 0 4
+2 8 0 0 0 0 0 0 0 0 4
+2 8 0 4
+1 4 0 4 0 0 4
+1 4
+4 4 0 4 1 0 3 1
-12 12 4 0 0 1 0 0 0 0 4 3
+14 6 0 0 0 0 0 0 0 0 2
+1 4 0 0 0 0 0 0 0 0 1 1
+6 6 0 2 1 0 0 1
cfi=(13)
cfn=(232)
calls=1 298 
* 317 84 54 17 6 0 1 0 0 53 25
+9 2 1 1 0 0 0 0 0 0 0 0 1 1
cob=(2)
cfi=(235)
cfn=(862)
calls=1 367 
* 34 8 5 4 0 0 4 0 0 8 4
+5 6 1 0 0 0 0 0 0 0 1
+2 1 1
+2 2 1 0 0 0 0 0 0 0 1 1
-2 3 3
+2 6 3 0 0 0 0 0 0 0 3 3
+2 16 0 12 1 0 0 1
cfi=(236) ./elf/./elf/dl-call_fini.c
cfn=(864) _dl_call_fini
calls=4 -90 
* 328 98 56 21 19 1 14 1 1 50 15 6 6
+3 8 0 4
cfi=(48)
cfn=(890) _dl_audit_objclose
calls=4 -20 
* 20 8 0 1 0 0 1 0 0 4
-9 8 8 0 1 0 0 1
+14 4 0 4
-14 12 0 0 0 0 0 0 0 0 4 3
+18 3 0 1
cfi=(48)
cfn=(484)
calls=1 -85 
* 11 3 0 0 0 0 0 0 0 2
* 2 1
+6 4 2 1 0 0 0 0 0 0 1
+2 1
-2 2 0 0 0 0 0 0 0 0 1 1
+6 2 1 0 0 0 0 0 0 0 1
+7 8 7
-77 2 0 1 1 0 0 1

fl=(53) ./io/../sysdeps/unix/sysv/linux/open64_nocancel.c
fn=(172) __open_nocancel
28 12 0 6 1 0 0 1
+3 6
-3 12 0 6
+3 36 0 0 0 0 0 0 0 0 12
+8 42 0 0 0 0 0 0 0 0 6 3
+2 6 6
-2 9 0 3 1 0 0 1
+2 6 6

fl=(65) ./io/../sysdeps/unix/sysv/linux/stat64.c
fn=(210) stat
28 6
+1 12
cfi=(66) ./io/../sysdeps/unix/sysv/linux/fstatat64.c
cfn=(212) fstatat
calls=3 146 
* 28 3 2 1 0 0 1 0 0 3 3

fl=(7) ./elf/./elf/dl-minimal.c
fn=(134) strsep
239 2 0 0 1 0 0 1
+3 4 2 0 0 1 0 0 1 0 2
+2 2 2
+1 4 0 0 0 0 0 0 0 0 2 1
+4 3 1 0 0 0 0 0 0 0 1
-2 2
+4 28
+5 84 28 0 0 0 0 0 0 0 28 3
-2 56 28 0 0 0 0 0 0 0 28 6
+13 1 0 1
+4 4 2
-22 14 14 0 1 0 0 1
+15 14
-15 30 0 0 0 0 0 0 0 0 14 4

fn=(12) __rtld_malloc_init_stubs
42 1 0 0 1 0 0 1
+1 2 0 1 1 0 1 1 0 1
+1 2 0 1
+1 2 0 1
+1 2 0 1
+1 1 1

fn=(456) lookup_malloc_symbol
61 8 0 4 1 0 0 1
+3 4
-3 12 0 8
+3 4
-3 12 0 4
+3 4
-3 4
+2 4 0 4
+1 16 4 12
cfi=(78) ./elf/./elf/dl-lookup.c
cfn=(270) _dl_lookup_symbol_x
calls=4 772 
* 2196 630 260 4 5 0 4 4 0 290 43 5 3
+4 28 16 0 1 0 0 1 0 0 4
+1 28 12 0 0 0 0 0 0 0 8
+2 4 0 4
fi=(145) ./elf/./dl-sym-post.h
-30 8 0 0 0 0 0 0 0 0 4
+12 12 4 0 0 0 0 0 0 0 4
fe=(7)
+19 24 20

fn=(452) __rtld_malloc_init_real
76 2 0 1 1 0 0 1
+10 1
fi=(144) ./elf/../sysdeps/generic/dl-hash.h
-41 1
-1 1
fe=(7)
+32 8 0 5
+11 1 0 1
-1 1 0 1 1 0 0 1
fi=(144)
-43 1
+5 3
+14 4
-17 3 1 0 0 1 0 0 1 0 1 1
+3 15
+14 20
-17 15 5 0 0 0 0 0 0 0 5 4
fe=(7)
+46 2
fi=(144)
-24 1
fe=(7)
+22 1 0 1
+2 2 0 0 1 0 0 1
fi=(144)
-19 1 0 1
fe=(7)
+19 1 0 1
cfn=(456)
calls=1 -30 
* 574 171 74 6 2 0 6 2 0 74 14 1 1
+1 3
-1 1
+1 1 0 1
cfn=(456)
calls=1 -31 
* 563 168 74 0 0 0 0 0 0 73 12 1
+1 3
-1 1
+1 1 0 1
cfn=(456)
calls=1 -32 
* 648 176 74 0 3 0 0 2 0 87 10 2 2
+1 3 0 0 1 0 0 1
-1 1
+1 1 0 1
cfn=(456)
calls=1 -33 
* 583 171 74 0 0 0 0 0 0 76 7 1
+5 1 0 1
+1 1 0 1
+1 1 0 1
+1 1 0 1
+1 8 7

fl=(16) ./elf/../sysdeps/x86/cpu-features.c
fn=(42) update_active.constprop.0
72 8 0 6 2 0 0 2
+4 1 1
+10 1 1
+9 1 1
+9 1 1
-19 1
-1 1
+29 1 1
-4 1
-24 1
+9 1
+9 1
+9 1
-28 2 1 0 1 0 0 1
+25 1
-15 1
-9 1
+9 1 1
+9 1
+9 1
-3 1
+7 1
-13 1 1
+9 1 1
+4 2 1 0 1 0 0 1
-22 1 0 1
+22 2 0 2 0 0 1 0 0 1
-13 1 0 1
+6 1 0 1
+3 1 0 1
+5 1 1
+12 1 1
-8 1
-4 1 0 1 1 0 0 1
+7 1 1
-3 4 1 2
+1 1 1
+2 1 0 1
-2 2 0 1
+1 3 1 1 1 0 0 1
+5 1
+2 1 1 0 0 1 0 0 1
-2 4 1 1
+1 1
+1 1
-1 2 1
+1 1 0 1
-1 1 0 1 1 0 0 1
+3 2 0 0 0 0 0 0 0 0 1
+1 4 0 1
+14 2 0 0 0 0 0 0 0 0 1 1
356 2 0 0 0 0 0 0 0 0 1 1
+4 3 1 0 1 0 0 1 0 0 1 1
fi=(18) ./elf/../sysdeps/unix/sysv/linux/x86/dl-hwcap2.h
25 2 1 0 0 0 0 0 0 0 1 1
fi=(19)
+5 1
-2 1
+2 3 0 0 0 0 0 0 0 0 1 1
fe=(16)
369 1 0 1
+1 8 7
151 2 0 1 1 0 0 1
+1 2 0 1
-1 5 0 3 1 0 0 1
+1 2
+2 3 0 0 0 0 0 0 0 0 1 1
+90 1 1
+1 1 1
-1 2 0 0 0 0 0 0 0 0 1 1
+17 4 0 0 1 0 0 1 0 0 1
+16 2 0 0 0 0 0 0 0 0 1 1
+5 1 1 0 1 0 0 1
-1 2 0 1
+4 4 1 1
+4 2 0 0 0 0 0 0 0 0 1
+4 3 0 0 1 0 0 1
+1 2 0 0 0 0 0 0 0 0 1
+3 1
-1 1
+9 1
-5 1
+2 1 0 1
-2 1 0 1
+5 1 0 0 0 0 0 0 0 0 1 1
+51 1 0 0 1 0 0 1
fi=(19)
31 1 1
fe=(16)
356 2
fi=(19)
32 3 0 0 0 0 0 0 0 0 1
+4 3 0 0 0 0 0 0 0 0 1 1
fe=(16)
158 4 0 1 1 0 0 1 0 0 1
+3 1
+3 2 0 0 0 0 0 0 0 0 1 1
+14 1 1
+2 1 1
+10 3 0 1
-12 1 0 0 1 0 0 1
+12 1 0 1
-12 1
+2 2
-2 1 0 1
+2 1
+8 1 1
-8 1 0 1
+6 3
+2 1 1
-2 1 0 1
+2 3 0 1 1 0 0 1
+7 5 0 1 0 0 0 0 0 0 1 1
fi=(19)
39 2 0 0 1 0 0 1 0 0 1
+1 4 1 0 1 0 0 1 0 0 1
-2 1
+7 4 0 0 0 0 0 0 0 0 1
+2 1
+1 2 0 0 0 0 0 0 0 0 1
+3 5 1 0 1 0 0 1 0 0 1
+2 4 0 0 0 0 0 0 0 0 1
+1 2 0 0 0 0 0 0 0 0 1
+1 2 0 0 0 0 0 0 0 0 1
+3 1
-1 1
+1 3 0 0 0 0 0 0 0 0 1 1
fe=(16)
171 1 0 1 1 0 1 1 0 1
-5 2 0 1
+4 1

fn=(36) init_cpu_features.constprop.0
682 1 0 1 1 0 0 1
+17 1
-17 7 0 5
+3 1 0 1
+1 1 0 1 1 0 0 1
+1 1 0 1
+3 1 0 1 0 0 1 0 0 1
+9 2 0 1
+3 6 0 0 1 0 0 1 0 0 3 1
1001 3 1 0 1 0 0 1 0 0 1
+1 2 0 1
+3 2 0 0 0 0 0 0 0 0 1
+1 2 0 1
+6 1 0 1
+1 1 0 1
+1 1 0 1
+1 1 0 1 1 0 0 1
fi=(20) ./elf/../sysdeps/x86/dl-cacheinfo.h
792 1 0 1
+1 1 0 1
+2 1 0 1
+14 2 0 0 0 0 0 0 0 0 1 1
+85 1 1 0 1 0 0 1
+1 1 1
+15 1
-5 1 0 1
+5 1
-10 1 0 1 0 0 1 0 0 1
-6 1 0 1 0 0 1 0 0 1
+2 1 1
+14 1
-15 1 0 1
+2 1 1 0 1 0 0 1
-1 1 0 1
+2 1 1
-1 1 0 1
+2 1 1
-1 1 0 1
+1 1 0 1
+2 1 0 1
+1 1 0 1
+1 1 0 1 1 0 0 1
+1 1 0 1
+35 2 0 0 0 0 0 0 0 0 1
-15 3 1
+8 2
+27 6 0 0 1 0 0 1
+9 2 0 0 0 0 0 0 0 0 1 1
+19 2 1
+8 6 0 1 1 0 0 1
cfi=(11)
cfn=(28)
calls=1 387 
* 23 4 1 0 1 0 0 1 0 3 1
* 1 1
+2 2 0 0 0 0 0 0 0 0 1 1
+3 4 0 1
cfi=(11)
cfn=(28)
calls=1 387 
* 23 4 1 0 1 0 0 1 0 3 1
* 1 1
+2 2 0 0 0 0 0 0 0 0 1 1
+3 4 0 1 1 0 0 1
cfi=(11)
cfn=(28)
calls=1 387 
* 23 4 1 0 1 0 0 1 0 3 1
* 1 1
+1 5 0 1 0 0 0 0 0 0 1
+16 2 0 1 1 0 0 1
-12 5 0 2
cfi=(11)
cfn=(28)
calls=1 387 
* 23 4 1 0 1 0 0 1 0 3 1
* 1 1
+1 3 1 0 0 0 0 0 0 0 1 1
+6 3 0 1
+3 1 0 0 1 0 0 1
-3 2 0 1
cfi=(11)
cfn=(28)
calls=1 387 
* 23 4 1 0 1 0 0 1 0 3 1
* 1 1
+3 5 1 1
-3 1 0 1
+3 5 1 4 1 0 0 1
cfi=(11)
cfn=(58) __GI___tunable_set_val
calls=1 153 
* 62 9 6 5 0 0 5 0 0 9 4
+1 10 2 5 1 0 0 1
cfi=(11)
cfn=(58)
calls=1 153 
* 62 9 6 0 0 0 0 0 0 9 4
+1 11 2 5 1 0 0 1
cfi=(11)
cfn=(58)
calls=1 153 
* 62 9 6 0 0 0 0 0 0 9 1
+3 10 1 5
cfi=(11)
cfn=(58)
calls=1 153 
* 62 9 6 0 0 0 0 0 0 9
+2 10 1 5 1 0 0 1
cfi=(11)
cfn=(58)
calls=1 153 
* 62 9 6 0 0 0 0 0 0 9
+13 1 1
+2 1 1
fe=(16)
-23 1
fi=(20)
+21 1 1
+3 1 1 0 1 0 0 1
fe=(16)
-24 1
fi=(20)
+26 1 0 1
-5 1 1
+2 1 0 1
-2 1
+3 1 0 1
fe=(16)
-24 1
fi=(20)
+25 1 0 1
+3 1 0 1
-1 1 0 1 1 0 0 1
fe=(16)
-27 1 0 1
cfi=(11)
cfn=(28)
calls=1 387 
* 22 3 1 1 1 0 1 1 0 2 2
+3 4 0 1
cfi=(11)
cfn=(28)
calls=1 387 
* 24 4 1 0 1 0 0 1 0 3 2
+6 3 1 0 0 0 0 0 0 0 1 1
+54 1 1 0 1 0 0 1
-1 1 0 1
+1 1 0 0 0 0 0 0 0 0 1 1
+45 4 0 1
cfi=(11)
cfn=(28)
calls=1 387 
* 22 3 1 0 1 0 0 1 0 2 2
+2 4 0 1
cfi=(11)
cfn=(28)
calls=1 387 
* 22 3 1 0 1 0 0 1 0 2 2
+6 4 0 1
cfi=(11)
cfn=(28)
calls=1 387 
* 24 4 1 0 1 0 0 1 0 3 2
+7 8 7
fi=(20)
974 12 0 0 2 0 0 2
fe=(16)
+68 1 1
-1 2
+1 3 0 0 1 0 0 1 0 0 1 1
+44 3 1 0 0 0 0 0 0 0 1 1
+27 2 0 1
-10 2 0 0 1 0 0 1 0 0 1
+1 2 0 0 0 0 0 0 0 0 1
+2 3 0 0 0 0 0 0 0 0 1
+1 2 1 0 0 0 0 0 0 0 1
+2 3 0 0 0 0 0 0 0 0 1
+1 2
fi=(20)
811 2 0 1 1 0 0 1
cfn=(50) handle_intel.constprop.0
calls=1 255 
* 455 49 19 13 6 0 13 6 0 116 24
+1 1
-1 1 0 1
+1 1 0 1 1 0 0 1
cfn=(50)
calls=1 255 
* 503 49 19 0 0 0 0 0 0 128 24
+1 1
-1 1
+1 1 0 1
cfn=(50)
calls=1 255 
* 530 49 19 0 0 0 0 0 0 136 20
+4 1
-4 1 0 1
+1 2 0 2
+3 1 0 1
cfn=(50)
calls=1 255 
* 476 49 19 0 0 0 0 0 0 120 11
+2 1
-2 1 0 1
+2 1 0 1
cfn=(50)
calls=1 255 
* 468 49 19 1 0 0 1 0 0 122 9
+3 1
-3 1 0 1 1 0 0 1
+1 2 1 1
+2 1 0 1
cfn=(50)
calls=1 255 
* 446 49 19 0 0 0 0 0 0 117 11
+2 1
-2 1 0 1
+2 1 0 1
cfn=(50)
calls=1 255 
* 447 49 19 0 0 0 0 0 0 118 9
+3 1
-2 1 0 1
-1 1 0 1
+3 1 0 1
cfn=(50)
calls=1 255 
* 494 49 19 0 0 0 0 0 0 129 15
+2 1 0 0 1 0 0 1
-2 1 0 1
+2 1 0 1
cfn=(50)
calls=1 255 
* 495 49 19 0 0 0 0 0 0 130 9
+1 1 1
+2 1
-3 1 0 1
+1 1 0 1
+2 1 0 1
cfn=(50)
calls=1 255 
* 521 49 19 0 0 0 0 0 0 137 12
+2 1
-2 1 0 1
+2 1 0 1
cfn=(50)
calls=1 255 
* 522 49 19 0 0 0 0 0 0 138 10
+2 1 0 0 1 0 0 1
-2 1
+2 1 0 1
cfn=(50)
calls=1 255 
* 523 49 19 0 0 0 0 0 0 137 18
+2 4 1
-2 1 0 1
+2 1 0 1
cfn=(56) get_common_cache_info.constprop.0
calls=1 571 
* 223 25 21 14 0 0 14 0 0 40 13
+93 1 1
-6 3 3 0 1 0 0 1
+6 1
-6 2 1 1
+6 2
-6 2 1 1
+6 2 1
-1 2
fe=(16)
708 6 0 1 2 0 0 2
cfn=(38) get_common_indices.constprop.0
calls=1 398 
* 74 10 23 6 0 3 6 0 3 8 1
376 3
+1 2 0 0 0 0 0 0 0 0 1
+1 6 0 4
+5 2 0 0 1 0 0 1 0 0 1 1
713 1 0 1
cfn=(42)
calls=1 72 
* 222 39 42 21 1 2 21 1 2 27 13
+2 1 1
+2 1 1
1015 1 1
715 2 0 0 0 0 0 0 0 0 1 1
878 2 1 0 1 0 0 1 0 0 1
+7 2 1 0 0 0 0 0 0 0 1
+2 2 0 1
+4 2 0 0 0 0 0 0 0 0 1
+6 2 1 0 0 0 0 0 0 0 1 1
+2 1 0 0 1 0 0 1
706 2 0 1
-3 1
384 6 0 4 1 0 0 1
+5 2 0 0 0 0 0 0 0 0 1
+1 7 0 4 1 0 0 1
717 1 1 0 1 0 0 1
fi=(20)
987 1 1
-48 1 1
fe=(16)
717 1
fi=(20)
987 2 0 1
fe=(16)
717 6 1 1 1 1 0 1 1 0 1
+4 7 1 0 0 1 0 0 1 0 1 0 1 1
+78 1 0 1 1 0 0 1
-25 3 2 0 0 0 0 0 0 0 1 1
+92 2 0 0 0 0 0 0 0 0 1
+3 2 0 1
fi=(20)
+38 1 1
fe=(16)
-37 1 0 0 1 0 0 1
-89 2 0 1 1 0 0 1
+51 2 0 0 0 0 0 0 0 0 1 1

fn=(38)
398 3 0 2 1 0 0 1
+4 4 0 0 0 0 0 0 0 0 1
+3 3 0 1
+5 2
-5 1 0 1
+5 1
-5 1 0 1
+4 1 0 1
+1 1 0 1
+1 4 0 1 1 0 0 1
+1 4 0 1
+1 3 0 1
+1 2 1 0 0 0 0 0 0 0 1
+7 2 1 0 0 0 0 0 0 0 1
+2 5
+5 1 0 0 1 0 0 1
-5 1 0 1 0 0 1 0 0 1
+5 1
-5 1 0 1
+5 1
-5 2 0 2
+5 1
+7 1 1
-7 4 0 4 1 0 1 1 0 1
+7 1 0 0 0 0 0 0 0 0 1
+1 3
+6 1 1
-6 4 0 4 0 0 1 0 0 1
+6 1 0 0 0 0 0 0 0 0 1 1
fi=(17) ./elf/../sysdeps/unix/sysv/linux/x86/dl-minsigstacksize.h
24 2 1 0 2 0 0 2 0 0 1
+3 2 1 0 0 0 0 0 0 0 1
+1 2 1 0 0 0 0 0 0 0 1
+37 3
+7 1
+2 1 0 1
fe=(16)
457 3 3

fl=(32)
fn=(94)
98 194 0 0 1 0 0 1
+33 194
+1 194
+2 194
+1 194
+21 194
+1 194 0 0 0 0 0 0 0 0 194 36
+1 160
+1 160 0 0 0 0 0 0 0 0 160 12
+1 149 149 0 0 13 0 0 13
+1 149 149 0 1 5 0 1 5
+1 149 149
+1 149 149
+17 149
+1 149
+1 149
+1 149
+1 149
+1 149
+1 149 0 0 0 0 0 0 0 0 149 46
+5 11
+1 33
+9 11
+1 11
+1 11
+1 11
+1 11
+1 11
+1 11
+1 11 0 0 0 0 0 0 0 0 11 2
-7 45 0 0 1 0 0 1
+1 45
+1 45
+1 45
+1 45
+1 45
+1 45
+1 45 0 0 0 0 0 0 0 0 45 8
+1 51 0 0 0 0 0 0 0 0 51 24
+1 25
+1 25
+1 25
+2 25
+1 25
+1 25
+1 25 25
+1 25
+1 25 0 0 0 0 0 0 0 0 0 0 25 23
-5 26
+1 26
+1 26
+1 26 26 0 0 2 0 0 2
+1 26
+1 26 0 0 0 0 0 0 0 0 0 0 26 19
+10 5 5 0 1 1 0 1 1
+1 5
+1 5
+2 5 5 0 0 1 0 0 1
+6 5
+1 5
+1 5
+1 5
+1 5
+5 5 0 0 0 0 0 0 0 0 5 3
+2 2
+1 2
+1 4
+8 2 2 0 2 1 0 1 1
+1 2 2
+3 2
+1 2
+1 2
+1 2
+1 2
+1 2 0 0 0 0 0 0 0 0 2 2
+31 6 0 0 1 0 0 1
+1 6 6
+1 6 6 0 0 1 0 0 1
+1 6
+1 6
+2 6
+1 6
+1 6 0 0 1 0 0 1
+1 6
+1 6
+1 6
+1 6 0 0 0 0 0 0 0 0 6
+1 6 6
+3 6
+1 6
+1 6
+6 6
+1 6
+1 12
+4 6 0 0 1 0 0 1
+1 6 0 0 0 0 0 0 0 0 6
+3 6 6
+1 6 6
+1 6
+2 6
+1 6
+1 6
+4 6
+1 6
+1 6
+1 6
+1 6
+1 6 0 0 1 0 0 1 0 0 6 1
661 1 0 0 1 0 0 1
+1 1 1
+1 1 1
+1 1
+1 1
+2 1
+1 1
+1 1 0 0 1 0 0 1
+1 1
+1 1
+1 1
+1 1 0 0 0 0 0 0 0 0 1 1
780 1 0 0 1 0 0 1
+1 1 1
+1 1 1
+1 1
+1 1
+2 1
+1 1
+1 1 0 0 1 0 0 1
+1 1
+1 1
+1 1
+1 1 0 0 0 0 0 0 0 0 1
899 3 0 0 1 0 0 1
+1 3 3 0 0 1 0 0 1
+1 3 3 0 0 2 0 0 2
+1 3
+1 3
+2 3
+1 3
+1 3 0 0 1 0 0 1
+1 3
+1 3
+1 3
+1 3 0 0 0 0 0 0 0 0 3
+1 2 2
+4 2
+1 2
+1 2
+6 2
+1 2
+1 4
+4 2 0 0 1 0 0 1
+1 2 0 0 0 0 0 0 0 0 2
+3 2 2 0 0 2 0 0 2
+1 2 2
+1 2
+2 2
+1 2
+1 2
+4 2
+1 2
+1 2
+1 2
+1 2
+1 2 0 0 1 0 0 1 0 0 2 1
+7 1
+1 1
+2 1
+1 1 0 0 0 0 0 0 0 0 1
+2 1 1
+1 1 1
+1 1
+2 1
+1 1
+1 1
+4 1
+1 1
+1 1
+1 1
+1 1 0 0 1 0 0 1
+1 1 0 0 0 0 0 0 0 0 1 1
+41 3 0 0 1 0 0 1
+1 3 3 0 0 1 0 0 1
+1 3 3 0 0 1 0 0 1
+1 3
+1 3
+2 3
+1 3
+1 3 0 0 1 0 0 1
+1 3
+1 3
+1 3
+1 3 0 0 0 0 0 0 0 0 3 1
+1 3 3
+4 3
+1 3
+1 3
+6 3
+1 3
+1 6
+4 3 0 0 1 0 0 1
+1 3 0 0 0 0 0 0 0 0 3
+3 3 3 0 0 1 0 0 1
+1 3 3
+1 3
+2 3
+1 3
+1 3
+4 3
+1 3
+1 3
+1 3
+1 3
+1 3 0 0 1 0 0 1 0 0 3 1
+69 3 0 0 1 0 0 1
+1 3 3
+1 3 3
+1 3
+1 3
+2 3
+1 3
+1 3 0 0 1 0 0 1
+1 3
+1 3
+1 3
+1 3 0 0 0 0 0 0 0 0 3 2
1256 5 0 0 1 0 0 1
+1 5 5
+1 5 5
+1 5
+1 5
+2 5
+1 5
+1 5 0 0 1 0 0 1
+1 5
+1 5
+1 5
+1 5 0 0 0 0 0 0 0 0 5 5
1375 2 0 0 2 0 0 1
+1 2 2
+1 2 2
+1 2
+1 2
+2 2
+1 2
+1 2 0 0 1 0 0 1
+1 2
+1 2
+1 2
+1 2 0 0 0 0 0 0 0 0 2 2
1494 6 0 0 1 0 0 1
+1 6 6 0 0 1 0 0 1
+1 6 6 0 0 2 0 0 2
+1 6
+1 6
+2 6
+1 6
+1 6 0 0 1 0 0 1
+1 6
+1 6
+1 6
+1 6 0 0 0 0 0 0 0 0 6 2
+1 4 4
+4 4
+1 4
+1 4
+6 4
+1 4
+1 8
+4 4 0 0 1 0 0 1
+1 4 0 0 0 0 0 0 0 0 4
+3 4 4 0 0 2 0 0 2
+1 4 4
+1 4
+2 4
+1 4
+1 4
+4 4
+1 4
+1 4
+1 4
+1 4
+1 4 0 0 1 0 0 1 0 0 4 3
+69 5 0 0 1 0 0 1
+1 5 5 0 0 2 0 0 1
+1 5 5 0 0 1 0 0 1
+1 5
+1 5
+2 5
+1 5
+1 5 0 0 1 0 0 1
+1 5
+1 5
+1 5
+1 5 0 0 0 0 0 0 0 0 5 1
+1 4 4
+4 4
+1 4
+1 4
+6 4
+1 4
+1 8
+4 4 0 0 1 0 0 1
+1 4 0 0 0 0 0 0 0 0 4
+3 4 4
+1 4 4 0 0 1 0 0 1
+1 4
+2 4
+1 4
+1 4
+4 4
+1 4
+1 4
+1 4
+1 4
+1 4 0 0 1 0 0 1 0 0 4 2
+7 1
+1 1
+2 1
+1 1 0 0 0 0 0 0 0 0 1
+2 1 1
+1 1 1 0 0 1 0 0 1
+1 1
+2 1
+1 1
+1 1
+4 1
+1 1
+1 1
+1 1
+1 1 0 0 1 0 0 1
+1 1 0 0 0 0 0 0 0 0 1 1
+41 6 0 0 1 0 0 1
+1 6 6
+1 6 6 0 0 2 0 0 2
+1 6
+1 6
+2 6
+1 6
+1 6 0 0 1 0 0 1
+1 6
+1 6
+1 6
+1 6 0 0 0 0 0 0 0 0 6 1
+1 5 5
+4 5
+1 5
+1 5
+6 5
+1 5
+1 10
+4 5 0 0 1 0 0 1
+1 5 0 0 0 0 0 0 0 0 5
+3 5 5
+1 5 5 0 0 1 0 0 1
+1 5
+2 5
+1 5
+1 5
+4 5
+1 5
+1 5
+1 5
+1 5
+1 5 0 0 1 0 0 1 0 0 5 2
+7 1
+1 1
+2 1
+1 1 0 0 0 0 0 0 0 0 1
+2 1 1
+1 1 1
+1 1
+2 1
+1 1
+1 1
+4 1
+1 1
+1 1
+1 1
+1 1 0 0 1 0 0 1
+1 1 0 0 0 0 0 0 0 0 1 1
+41 9 0 0 1 0 0 1
+1 9 9
+1 9 9
+1 9
+1 9
+2 9
+1 9
+1 9 0 0 1 0 0 1
+1 9
+1 9
+1 9
+1 9 0 0 0 0 0 0 0 0 9 7
+1 3 3
+4 3
+1 3
+1 3
+6 3
+1 3
+1 6
+4 3 0 0 1 0 0 1
+1 3 0 0 0 0 0 0 0 0 3
+3 3 3
+1 3 3
+1 3
+2 3
+1 3
+1 3
+4 3
+1 3
+1 3
+1 3
+1 3
+1 3 0 0 1 0 0 1 0 0 3 1
+69 1 0 0 1 0 0 1
+1 1 1
+1 1 1
+1 1
+1 1
+2 1
+1 1
+1 1 0 0 1 0 0 1
+1 1
+1 1
+1 1
+1 1 0 0 0 0 0 0 0 0 1 1
2093 29
+2 29
+1 29
+1 29
+1 29 0 0 0 0 0 0 0 0 29 6
-3 27 0 0 1 0 0 1
+1 27
+1 27
+1 27 0 0 0 0 0 0 0 0 27 11
+1 50
+5 25
+6 25 25
+1 25 25
+8 25
+1 25 25
-16 169 0 0 1 0 0 1
+6 169 169
+1 169 169
+8 169
+1 169 169

fn=(244)
98 1 0 0 1 0 0 1
+27 1
+1 1 0 0 0 0 0 0 0 0 1 1
+1 1
+1 1 0 0 0 0 0 0 0 0 1
+1 1
+2 1
+1 1
+2 1 0 0 1 0 0 1
+1 1
+21 1
+1 1 0 0 0 0 0 0 0 0 1
+1 1
+1 1 0 0 0 0 0 0 0 0 1
+1 1 1
+1 1 1 0 0 1 0 0 1
+1 1 1
+1 1 1
+17 1
+1 1
+1 1
+1 1
+1 1
+1 1
+1 1 0 0 1 0 0 1 0 0 1 1
2104 1 0 0 1 0 0 1
+3 1
+1 1 0 0 0 0 0 0 0 0 1
+2 1 1
+1 1 1
+8 1
+1 1 1

fl=(41)
fn=(118)
32 15 0 0 1 0 0 1
+1 15
+1 15
+1 15
+1 15 0 0 1 0 0 1
+1 15
+1 15
+1 15
+1 15 0 0 0 0 0 0 0 0 15
+1 15 15 0 0 1 0 0 1
+1 15
+1 15
+1 15
+1 15
+1 15
+1 15
+1 15
+1 15 0 0 0 0 0 0 0 0 15 2
+1 13
+4 13
+1 13 0 0 1 0 0 1
+1 13 13
+1 13
+2 13 13
+4 2 2
+1 2
+1 2
+1 2
+1 2
+1 2
+1 2 2 0 0 1 0 0 1
+1 2
+1 2
+1 2
+1 2
+1 2 0 0 1 0 0 1
+1 2
+1 2 2
+1 2
+1 2
+1 2
+1 2
+1 2
+1 2
+1 2
+1 2
+1 2
+1 2 0 0 0 0 0 0 0 0 2 2
+52 2 0 0 1 0 0 1
+4 2
+1 2
+1 2 2
+1 2
+2 2 2

fl=(57)
fn=(182)
47 12 0 0 1 0 0 1
+3 24 0 0 0 0 0 0 0 0 12
-3 72 0 36 0 0 1 0 0 1
+6 24 0 0 0 0 0 0 0 0 12 5
+5 72 0 0 0 0 0 0 0 0 12
+2 48 48
-7 29 2 0 1 0 0 1 0 0 7 4

fl=(148) ./elf/./elf/dl-call-libc-early-init.c
fn=(466) _dl_call_libc_early_init
27 1 0 0 1 0 0 1
+2 2 0 0 0 0 0 0 0 0 1
-2 1 0 1
+6 3
-6 3 0 1
+6 1
-6 2 0 1
+6 1 0 1
cfi=(147)
cfn=(462)
calls=1 +41 
* 225 50 14 0 7 0 0 6 0 24 5 2 2
+4 2 0 0 0 0 0 0 0 0 1
+2 3 2 0 1 0 0 1 0 0 1
+2 1 1
-1 1
-1 1 1
+2 2 2
-1 1 0 0 0 0 0 0 0 0 0 0 1 1
cob=(2)
cfi=(149)
cfn=(468)
calls=1 -7 
* 353 75 38 14 17 5 14 7 5 30 12 8 1

fl=(156)
fn=(500) call_init.part.0
26 48 0 24 2 0 1 2
+17 4 4
+3 4 4
-3 8 0 4
+3 8 4 0 0 2 0 0 0 0 4 1
+5 6 3 0 0 0 0 0 0 0 3
+8 9 3 0 1 3 0 1 0 0 3 2
+1 6 2 1 0 0 0 0 0 0 0 0 1 1
cob=(3)
cfi=(154)
cfn=(502) 0x000000000483d000
calls=1 -60 
* 7 2 0 1 0 0 1 0 0 1 1
+3 3 3 0 0 1
+1 6 0 0 0 0 0 0 0 0 3 1
+6 4 4 0 0 3
+2 4 4
-2 2
+3 13 0 0 1 0 0 1 0 0 2
+1 4 1 1 0 0 0 0 0 0 0 0 1 1
cob=(2)
cfi=(161)
cfn=(520)
calls=1 545 
* 12 7 0 2 1 0 2 0 0 3 1
* 8 2 2 0 0 0 0 0 0 0 0 2 2
cob=(2)
cfi=(158)
cfn=(512)
calls=1 -28 
* 72 19 11 7 2 3 7 1 1 7 1 1 1
cob=(4)
cfi=(157)
cfn=(506)
calls=1 -74 
* 12 1 0 3 0 0 3 0 0 1 1
-1 9 0 0 0 0 0 0 0 0 3 1
+3 32 28
-29 2 0 0 1 0 0 1 0 0 1 1

fn=(498)
81 13 0 6 1 0 0 1
+1 1 1 0 0 1
+1 1 1
+3 3 1 0 0 0 0 0 0 0 1 1
+8 2 0 0 1 0 0 1 0 0 1 1
+25 1 1
+1 8 0 0 0 0 0 0 0 0 2
+1 8 8
-92 8 4 0 0 0 0 0 0 0 4
+6 12 4 0 1 0 0 1 0 0 4 4
+2 17 0 0 0 0 0 0 0 0 4 1
+83 6 0 3
cfn=(500)
calls=3 -94 
* 206 68 34 10 9 3 10 1 1 23 8 3 3
* 6 0 0 0 0 0 0 0 0 3 2
+7 8 7
-98 2 1 0 1 0 0 1 0 0 1 1
+60 2 0 1
-54 3 1 0 0 0 0 0 0 0 1 1
+2 7 0 2 1 0 1 1 0 0 1
cfn=(500)
calls=1 -11 
* 77 23 9 8 3 1 8 0 0 8 2 2 2
* 2 1

fl=(146) ./elf/../sysdeps/nptl/dl-mutex.c
fn=(460) __rtld_mutex_init
30 2 0 1 1 0 0 1
+10 3
-10 3 0 2
+10 1
-10 1 0 1
+10 1
-10 1
+7 1 1
+3 2 0 1
cfi=(147)
cfn=(462)
calls=1 +34 
* 233 53 14 7 3 0 7 3 0 27 9 2 2
+4 2 0 0 1 0 0 1 0 0 1
+1 8 3 0 0 0 0 0 0 0 2
+2 3
-2 1 0 1
+2 3 0 1
cfi=(147)
cfn=(462)
calls=1 +27 
* 223 50 14 0 4 0 0 4 0 23 4 2 2
+4 2 0 0 1 0 0 1 0 0 1
+1 7 3 1 0 0 0 0 0 0 2
+1 6 5

fl=(30) ./elf/./elf/dl-load.c
fn=(132) fillin_rpath.isra.0
468 9 0 6 2 0 0 2
+4 1
-4 8 0 6
+6 3 2 1
cfi=(7)
cfn=(134)
calls=1 239 
* 240 74 1 2 1 0 2 1 0 73 13
* 3 2 1
cfi=(7)
cfn=(134)
calls=1 239 
* 8 3 0 0 0 0 0 0 0 2 1
* 6 0 0 1 0 0 1 0 0 2 1
+7 2 1 0 0 0 0 0 0 0 1
+2 3 1 1
cfn=(136) expand_dynamic_string_token
calls=1 -98 
* 125 25 21 4 0 1 4 0 1 11 3 1 1
* 1
+4 2 0 0 0 0 0 0 0 0 1
+5 2 0 1
cfi=(22)
cfn=(62)
calls=1 57 
* 17 2 0 0 0 0 0 0 0 2
* 1
+1 2 0 0 0 0 0 0 0 0 1 1
+7 5 1 0 1 0 0 1 0 0 2 2
+9 15 5 0 0 0 0 0 0 0 5 2
+1 8 4 0 1 0 0 1 0 0 4 4
fi=(28)
50 2 2 1 1 0 0 1 0 0 0 0 1 1
cfi=(27)
cfn=(142)
calls=1 +47 
* 5 2 0 1 0 0 1 0 0 1
+1 1
fe=(30)
528 4 1 1 1 0 0 1 0 0 1 1
+4 4 2
fi=(28)
56 1 1 1 0 0 0 0 0 0 0 0 1 1
cfi=(27)
cfn=(78)
calls=1 -20 
* 30 7 7 0 0 0 0 0 0 3
* 1
fe=(30)
534 2 0 0 1 0 0 1 0 0 1
+5 1 1
+1 2
-1 1
-1 1 0 1
+2 1 0 1
cfi=(29)
cfn=(126)
calls=1 197 
* 13 3 2 0 0 1 0 0 1 2 2
+3 1 1
-3 1 0 1
+1 1 0 1
+2 1 0 0 0 0 0 0 0 0 1 1
+6 1
+1 1 1 0 1 0 0 1
-1 3 1
+1 5 0 0 0 0 0 0 0 0 2 1
+1 1 0 0 1 0 0 1
-1 1
+1 1 0 1
-1 3 0 0 0 0 0 0 0 0 1
+1 1 0 1
-1 2 0 0 0 0 0 0 0 0 1
+1 1 0 1
+2 2 1 1
+1 3 1 0 1 0 0 1 0 0 1 1
+1 1 0 1
+6 2 1 1
+1 1 0 1
+3 3 0 1
-60 2 0 1 1 0 0 1
-22 2 0 1
+88 1 0 1
+3 8 7
-24 2

fn=(204) _dl_dst_count
238 4 0 2 1 0 0 1
+3 2
-3 10 0 8 0 0 1 0 0 1
+7 2
-7 4 0 2 0 0 1 0 0 1
+3 2 0 2
cfi=(41)
cfn=(118)
calls=2 32 
* 72 9 0 0 2 0 0 2 0 5 2
+3 4 0 0 0 0 0 0 0 0 2
+20 18 14 0 1 0 0 1

fn=(106) _dl_init_paths
706 11 0 7 2 0 0 2
+14 1
-14 2 0 1
+14 2 0 1
cfi=(37) ./elf/./elf/dl-hwcaps.c
cfn=(108) _dl_important_hwcaps
calls=1 172 
* 1244 255 222 34 1 7 34 1 7 136 46 2 2
fi=(28)
56 1
fe=(30)
720 1 0 1 0 0 1 0 0 1
fi=(28)
56 1 1 1 0 0 0 0 0 0 0 0 1 1
cfi=(27)
cfn=(78)
calls=1 -20 
* 30 7 7 0 0 0 0 0 0 3
fe=(30)
725 1 0 1
+2 3 0 0 1 0 0 1 0 0 1
+8 2 1
-1 3
+5 3
fi=(28)
56 1 1 1 0 0 0 0 0 0 0 0 1 1
cfi=(27)
cfn=(78)
calls=1 -20 
* 30 7 7 0 0 0 0 0 0 3
fe=(30)
739 1 0 1 0 0 1 0 0 1
+2 4 2 0 1 0 0 1 0 0 1
+7 1 0 1
+8 1
+2 1
+12 2
-23 1 0 1
+9 1 0 1 1 0 0 1
+11 1 1
-4 1
-5 1 0 1
+3 2 0 1 0 0 1 0 0 1
+7 2 0 1
+2 2
-11 1 0 1
+11 3 0 1 1 0 0 1
-8 1 0 1
+4 1
+1 3 0 1 0 0 0 0 0 0 1
+1 16 4 4
cfi=(43)
cfn=(130)
calls=4 132 
* 56 4 8 3 0 1 3 0 1 8 7
+2 15 3 0 0 0 0 0 0 0 4 1
-14 3
+10 3
+4 9 3 3 1 0 0 1
-12 3
-2 3 0 3
+2 3 0 3 0 0 2 0 0 2
+4 3 3 0 0 1 0 0 1
-3 3 0 3
+3 3 0 3 0 0 1 0 0 1
+1 3
-2 3 0 3
+5 9 3 0 0 1 0 0 1 0 3
+1 6 0 0 1 0 0 1 0 0 3 3
+3 1 0 1
+15 1
-8 1 0 1
+5 1 1
-6 1 0 1
+9 2
+2 4 1 0 1 0 0 1 0 0 1
+2 3 1 0 0 0 0 0 0 0 1 1
+36 5 2 0 1 0 0 1 0 0 2 1
+2 2 0 1 1 0 0 1
cfi=(22)
cfn=(62)
calls=1 57 
* 17 2 0 0 0 0 0 0 0 2
* 9 0 0 0 0 0 0 0 0 1 1
-19 1 1 0 1 0 0 1
-2 1 0 1
+2 2 0 0 0 0 0 0 0 0 1 1
+19 9 1 1 2 0 0 2 0 0 1 1
cfi=(29)
cfn=(82)
calls=1 210 
* 11 3 2 0 0 0 0 0 0 2 2
* 1
+5 4 1 0 0 0 0 0 0 0 1
-1 2
+2 1
+1 2
-2 4 1 0 1 0 0 1 0 0 1 1
+1 13
+1 26
-2 52 13 0 0 0 0 0 0 0 13 9
+5 1
fi=(28)
56 1 1 1 0 0 0 0 0 0 0 0 1 1
cfi=(27)
cfn=(78)
calls=1 -20 
* 30 7 7 0 0 0 0 0 0 3
fe=(30)
836 1 0 1
fi=(28)
56 1
fe=(30)
838 2 0 0 0 0 0 0 0 0 1
+6 6 1 1
cfn=(132)
calls=1 468 
* 581 152 65 19 1 2 19 1 2 118 33 3 3
+3 3 2 0 0 0 0 0 0 0 1
+6 1 0 1
+4 8 7
-35 2 0 1 1 0 0 1
+5 2 0 1 1 0 0 1

fn=(208) open_path
1812 8 0 6 1 0 1 1 0 1
+1 1 1
-1 3 0 3 1 0 2 1 0 2
+1 1 0 1
+6 2 0 0 0 0 0 0 0 0 1
+5 17 2 0 1 0 0 1 0 0 2 2
+67 2 1 0 1 0 0 1
-74 1 0 1
+7 3 0 2
+57 1
-65 1 0 1
+65 1 0 1
+10 2 0 2 1 0 0 1
-64 2 2
+8 6 1 1 0 0 0 0 0 0 1
+7 2 2
-11 1
+12 1
-1 4 1 2 1 0 1 1 0 1
cfi=(29)
cfn=(126)
calls=1 197 
* 13 3 2 1 0 0 0 0 0 2 2
+1 21 6 2 1 0 0 1 0 0 5 1
+3 6 3 0 0 0 0 0 0 0 3
+5 21 12 3 1 0 0 1
cfi=(29)
cfn=(126)
calls=3 197 
* 39 7 4 0 0 0 0 0 0 8 2
* 12 6 3
cfi=(29)
cfn=(126)
calls=3 197 
* 39 9 6 0 0 0 0 0 0 6 6
+3 6
+6 9 3 0 0 0 0 0 0 0 3
+3 21 9 3 1 0 0 1
cfn=(170) open_verify.constprop.0
calls=3 1572 
* 168 30 36 2 0 2 2 0 2 15 5
* 3
+2 9 3 0 0 0 0 0 0 0 3
+2 6 0 0 0 0 0 0 0 0 3 2
+93 9 7 0 1 0 0 1
-88 6 0 0 1 0 0 1 0 0 3
+1 21 9 0 0 0 0 0 0 0 3 2
+6 3 3 0 1 0 0 1
+2 6 3
-2 6 0 3
+2 3 0 3
cfi=(65)
cfn=(210)
calls=3 28 
* 46 3 2 1 0 0 1 0 0 3 3
* 3
+3 3
-3 6 0 0 0 0 0 0 0 0 3 2
+1 2 1
+9 8 1 2
+2 1
-2 2 0 2 1 0 0 1
+2 3 1
+44 8 2 1 1 0 1 1 0 1 3
+6 2 1 1
-2 1 0 1
+2 2 1 0 0 0 0 0 0 0 1
+3 3 2 0 0 0 0 0 0 0 1
1822 2
+2 2 0 1 1 0 1 1 0 1

fn=(176) _dl_map_object_from_fd
944 20 0 12 1 0 0 1
+15 2 2
-15 4 0 4 1 0 1 1 0 1
+15 2
-15 4 0 4 0 0 1 0 0 1
+15 4 0 2 0 0 0 0 0 0 2 2
+77 8 2 2 1 0 0 1 0 0 2
+10 4 2 0 0 0 0 0 0 0 2
+7 14 10 2
cfi=(26)
cfn=(72)
calls=2 59 
* 861 176 125 10 2 20 9 2 20 118 43 6 1
* 2 0 0 1 0 0 1
+1 4 0 0 0 0 0 0 0 0 2
+11 2 2
+5 2 2
-4 2 2
-1 2 0 2 0 0 1 0 0 1
+2 2 2
+2 2
-2 2 0 2
+2 4
+1 6 2 0 1 0 0 1 0 0 2 1
+1 2 0 1
+19 2 1
-2 1 0 1
+2 12 1 0 1 0 0 1 0 0 1 1
-2 1 0 1
+2 28 0 4 1 0 0 1 0 0 3 1
+10 2 2
-10 2
+10 6 0 0 0 0 0 0 0 0 2
+27 2 2
-33 2
-3 2
+2 2 0 2
-1 2 0 2
+35 2
+9 2 0 0 1 0 0 1
-50 2 0 2
+41 2 0 2
+9 2
-36 2 2
+63 10 0 8
-62 86 0 0 1 0 0 1 0 0 43 9
+26 56 24 0 0 2 0 0 2 0 8
+8 16 8 0 1 0 0 1
+1 8
-1 8
+1 32
+1 8 8
-1 8 0 8 0 0 1 0 0 1
+1 8
+2 8 8
-2 8
+2 8 0 8
+2 8 8 0 0 1 0 0 1
-4 8
+1 8 0 8
+3 8
-4 8 0 8 1 0 0 1
+4 40
+2 16 0 8 0 0 2 0 0 2
+13 16 0 0 0 0 0 0 0 0 8 2
+1 30 12 6
+5 6
+1 54 12 6 0 0 1 0 0 1
-28 12
-35 18 0 0 0 0 0 0 0 0 6
+62 2
+1 18 4 2
-28 4
-35 51 0 0 0 0 0 0 0 0 17
+1 127 25 0 2 9 0 2 9 0 63 21
1213 2 2 0 0 1 0 0 1
1100 2
1213 4 2 2 0 0 1 0 0 1
1100 6 0 0 0 0 0 0 0 0 2
1218 14 10 0 1 0 0 1 0 0 2
+10 6
+1 2
-1 2
+1 2 0 2
-1 6 0 0 1 0 0 1 0 0 2 2
+1 6
-1 6
+1 6 0 6
-1 18 0 0 0 0 0 0 0 0 6 4
1066 4 0 2
1235 4 0 0 0 0 0 0 0 0 2
+10 8 4 0 0 0 0 0 0 0 4
+7 8 4 0 1 0 0 1
fi=(59) ./elf/./dl-map-segments.h
28 2 2
fe=(30)
1252 6 2 2
fi=(59)
28 4 0 0 0 0 0 0 0 0 2
+1 16 6 4 1 0 0 1
cfi=(57)
cfn=(182)
calls=2 +18 
* 56 10 6 0 0 1 0 0 1 10 4
+73 4 2
-1 2 0 2
-72 2
+73 2 0 0 0 0 0 0 0 0 2
+3 4 2
+1 2
+2 2 2 0 1 0 0 1
-3 2 0 2
+1 2 0 2
+2 2 0 0 0 0 0 0 0 0 2 2
+17 2 0 2 1 0 0 1
-44 2 2
fi=(60) ./elf/./dl-load.h
+10 16 8 0 0 0 0 0 0 0 8 1
fi=(59)
+58 32 16 0 0 0 0 0 0 0 8 7
+6 2 2 0 1 0 0 1
+2 2 2
-2 2
+1 2
+2 4
-1 4
+3 4
+5 4 0 0 0 0 0 0 0 0 2
+3 6 2 0 0 0 0 0 0 0 2
+8 12 0 4
cfi=(43)
cfn=(130)
calls=2 -44 
* 287 2 150 1 0 38 1 0 38 41 13
* 2 2
+6 4 0 0 0 0 0 0 0 0 2 1
+12 8 0 0 1 0 0 1
-59 48 8 0 1 0 0 1 0 0 8 2
+2 24 12 0 0 0 0 0 0 0 6
+2 48 24 6
cfi=(57)
cfn=(182)
calls=6 -92 
* 126 24 18 0 0 0 0 0 0 18
* 12 0 0 0 0 0 0 0 0 6 2
fe=(30)
1264 2 0 0 1 0 0 1
fi=(56) ./elf/../sysdeps/posix/dl-fileid.h
37 4 0 2 0 0 1 0 0 1
cfi=(55) ./io/../sysdeps/unix/sysv/linux/fstat64.c
cfn=(178) fstat
calls=2 -7 
* 12 2 0 2 0 0 2 0 0 2
* 4 0 0 0 0 0 0 0 0 2
fe=(30)
989 4 2 0 1 0 0 1
fi=(56)
40 6 6
fe=(30)
989 2
fi=(56)
40 2 0 2
fe=(30)
989 23 7 0 0 0 0 0 0 0 7 4
+1 10 5 0 1 0 0 1 0 0 5
fi=(56)
49 12 6 0 0 1 0 0 1 0 6 5
fe=(30)
1519 18 14 0 1 0 0 1
1074 13 0 0 1 0 0 1 0 0 2 2
+1 2 1
-1 1
+1 1
-1 1 0 1
+1 1 0 1 0 0 1 0 0 1
cfi=(70)
cfn=(224)
calls=1 25 
* 7 1 0 0 0 0 0 0 0 1
* 2 0 0 0 0 0 0 0 0 1 1
+46 2 1 1
+1 1
-15 4 2 0 1 2 0 1 2 0 2
+7 2 2
+2 2 2 0 1 0 0 1
-2 2 0 2
+1 2 2
+1 2
-1 4 0 2
+1 16 2 2
+60 3 1 0 1 1 0 1 1 0 1
+5 1 1
-1 2
+5 1
-5 2 0 1 0 0 1 0 0 1
-66 1 1
+71 4 0 1
+1 1 1 0 1 0 0 1
+3 1 0 1
-3 1 0 1
+8 4 1 0 0 0 0 0 0 0 1 1
+15 4 2 2 1 0 0 1
+1 2
1008 4 2 0 1 0 0 1 0 0 2 2
1268 8 4 0 1 0 0 1 0 0 2
+1 6 2 2
fi=(61) ./elf/./elf/get-dynamic-info.h
39 4 0 0 0 0 0 0 0 0 2
+6 2 2 0 0 2 0 0 2
-2 2
+11 2 0 0 1 0 0 1
+1 2
-10 4 0 0 0 0 0 0 0 0 2 2
+8 3
+15 3 0 3 0 0 1 0 0 1
-23 12 3 0 0 1 0 0 1 0 3
+23 44 0 44 0 0 11 0 0 11
-23 176 44 0 0 10 0 0 10 0 44 2
+4 94 0 0 0 0 0 0 0 0 47 23
+3 13
-1 26 0 0 1 0 0 1 0 0 13 3
+3 40 0 0 0 0 0 0 0 0 10 4
+1 32
+1 10 0 0 1 0 0 1 0 0 2 2
+16 8 2 0 0 0 0 0 0 0 4
+12 7 2 1 1 0 0 1 0 0 2 1
+1 8 2 2 0 0 0 0 0 0 2
+1 8 2 2 0 0 0 0 0 0 2
+1 8 2 2 0 0 0 0 0 0 2 1
+1 7 2 1 0 1 0 0 1 0 2 1
+1 7 2 1 1 1 0 1 1 0 2 1
+1 7 2 1 0 1 0 0 1 0 2 1
+1 8 2 2 0 0 0 0 0 0 2
+12 2 2
+7 2 2
-7 14 2 2 1 0 0 1 0 0 4
+7 5 0 0 0 0 0 0 0 0 2 1
+5 2 1 0 0 0 0 0 0 0 1
+7 2 1 0 0 0 0 0 0 0 1
+1 6 4 0 1 0 0 1 0 0 2
+6 6 2 0 0 0 0 0 0 0 2 1
+1 3 2 0 0 0 0 0 0 0 1
+17 6 2 0 0 0 0 0 0 0 2 1
+5 2 1 1
+2 2 0 0 0 0 0 0 0 0 1 1
+2 2 0 0 0 0 0 0 0 0 1 1
+2 2 0 0 0 0 0 0 0 0 1 1
+4 6 2 0 1 0 0 1 0 0 2
+2 6 2 2 1 0 0 1
+1 4 0 0 0 0 0 0 0 0 2
+9 4 2 0 0 0 0 0 0 0 2
+6 4 0 0 0 0 0 0 0 0 2 1
+4 4 2 0 0 0 0 0 0 0 2 2
fe=(30)
1275 4
+1 4 0 0 1 0 0 1 0 0 2 2
+2 4 0 0 0 0 0 0 0 0 2 2
+10 6 2 0 0 0 0 0 0 0 2
+19 6 2 2
+2 12 4 0 1 0 0 1 0 0 2
+52 6 2 0 0 1 0 0 1 0 2 1
+1 2 1 1
+6 18 4 0 1 0 0 1 0 0 2
+1 42 0 0 0 0 0 0 0 0 21 10
+6 8 0 2
cfn=(88) _dl_process_pt_gnu_property
calls=2 868 
* 154 30 6 1 3 0 0 3 0 34 3
-7 52 2 0 0 0 0 0 0 0 25 2
+1 25 25 0 1 21 0 1 21
+6 25
-6 50 0 0 0 0 0 0 0 0 25 10
fi=(31) ./elf/../sysdeps/x86/dl-prop.h
149 8 4 0 0 0 0 0 0 0 4 4
fe=(30)
1380 4 2 2 1 0 0 1
cfi=(62) ./io/../sysdeps/unix/sysv/linux/close_nocancel.c
cfn=(194) __GI___close_nocancel
calls=2 25 
* 12 2 0 1 0 0 1 0 0 2
* 4 0 0 0 0 0 0 0 0 2
+13 4 2 0 1 0 0 1 0 0 2
+2 8 4 2
+2 4 2 0 0 0 0 0 0 0 2
+16 4 0 2
cfi=(8) ./elf/./elf/dl-setup_hash.c
cfn=(14) _dl_setup_hash
calls=2 25 
* 54 16 12 0 1 0 0 1 0 6
+4 4 2 0 0 0 0 0 0 0 2
+1 4 2 0 1 0 0 1 0 0 2 2
+17 4 2 0 0 0 0 0 0 0 2 1
+1 1 0 1
+3 1 1
+5 1 1
-5 1 0 1
+5 1 0 0 0 0 0 0 0 0 1
-5 1 1
+5 1 1
-5 1 0 1
+5 1 0 0 0 0 0 0 0 0 1
+5 4 2 0 0 0 0 0 0 0 2
+12 16 6 0 1 0 0 1 0 0 2 2
+10 4 2 0 0 0 0 0 0 0 2 1
+1 4 1 0 0 0 0 0 0 0 1
+5 2 0 1
cfi=(46) ./elf/../elf/dl-tls.c
cfn=(226) _dl_assign_tls_modid
calls=1 125 
* 12 4 3 2 0 0 2 0 0 1
+7 6 2 2 1 0 0 1
cfi=(26)
cfn=(84)
calls=2 31 
* 106 25 20 0 0 1 0 0 1 7 3 4
+3 4 2 0 0 0 0 0 0 0 2
+4 4 2 2
cfi=(45) ./elf/./elf/dl-debug.c
cfn=(196) _dl_debug_update
calls=2 38 
* 14 4 0 1 0 0 1 0 0 4 2
* 2
+1 6 2 0 0 0 0 0 0 0 2 2
+22 14 6 0 1 0 0 1 0 0 2
+1 6 2 2 1 0 0 1
cfi=(48)
cfn=(198) _dl_audit_objopen
calls=2 77 
* 10 4 0 1 0 0 1 0 0 2
* 2
fi=(60)
92 4 2 0 1 0 0 1 0 0 1
+2 1 1
-1 1 1
+1 1
-1 1
+1 1
-1 1 0 0 1 0 0 1
+1 1
-1 2 0 0 0 0 0 0 0 0 1
+3 4 0 1
fi=(61)
-37 8 0 0 1 0 0 1 0 0 2
+3 8 0 0 0 0 0 0 0 0 2
+2 8
181 3 1 1
-22 2 0 1
fe=(30)
1510 4 0 0 1 0 0 1 0 0 2 2
1074 2 0 1 1 0 0 1
fi=(59)
186 8 1 1 2 0 0 2
cfi=(57)
cfn=(182)
calls=1 47 
* 21 4 3 0 0 0 0 0 0 3
+3 2 0 0 0 0 0 0 0 0 1 1
fe=(30)
1462 6 2 0 1 0 0 1 0 0 2 1
+2 1 1
-1 5 3 0 0 0 0 0 0 0 1 1
+1 1
-1 1
+1 1
-1 1 0 1
cfi=(32)
cfn=(94)
calls=1 98 
* 25 7 0 0 2 0 0 2 0 3
* 2 0 0 1 0 0 1 0 0 1
+2 5 1 1

fn=(136)
385 18 0 12 1 0 0 1
241 4
385 2
241 2 0 2
cfi=(41)
cfn=(118)
calls=2 32 
* 72 9 0 2 0 0 2 0 0 5 2
+3 4 0 0 0 0 0 0 0 0 2 1
410 2
-11 2
+11 12 12 0 1 0 0 1
-11 2
cfi=(44) ./string/./string/strdup.c
cfn=(138) strdup
calls=2 40 
* 180 37 30 4 0 2 4 0 2 19 5 2 1

fn=(166) _dl_map_object
1967 36 0 27 2 0 5 2 0 5
+8 6 0 0 0 0 0 0 0 0 3
+1 12 3 0 0 1 0 0 1 0 3
+3 51 9 6 1 0 0 1 0 0 9 2
+5 49 14 0 1 0 0 1 0 0 7
+2 21 0 7 0 0 2 0 0 2
cfi=(52)
cfn=(168)
calls=7 68 
* 779 176 38 11 1 1 11 1 1 99 48 6 3
* 14 0 0 0 0 0 0 0 0 7 1
+4 12 6 0 0 0 0 0 0 0 6
+1 18 6 0 0 0 0 0 0 0 6 4
+4 2 2 0 1 0 0 1
-1 10 6 0 0 0 0 0 0 0 2 2
+1 2
+1 2
-1 2
+1 4 0 2
cfi=(32)
cfn=(94)
calls=2 98 
* 50 14 0 0 0 0 0 0 0 6 2
* 4 0 0 0 0 0 0 0 0 2 2
2270 29 23 0 1 0 0 1
2011 6 2 2
-1 4 2 0 0 0 0 0 0 0 2 2
+9 2 2 0 1 0 0 1
-50 2 0 2
+50 4 0 0 0 0 0 0 0 0 2
+17 4
-2 2 0 2
+2 2 0 2
cfi=(41)
cfn=(118)
calls=2 32 
* 48 6 0 0 0 0 0 0 0 4
* 4 0 0 0 0 0 0 0 0 2 1
2202 2 0 0 1 0 0 1 0 0 1
-1 3 0 1
cfn=(136)
calls=1 385 
* 175 33 23 4 0 1 4 0 1 15 5 1
+6 1
-7 1 0 1
+1 1
+2 2 0 0 0 0 0 0 0 0 1
+4 7 0 2 1 0 0 1
cfn=(170)
calls=1 1572 
* 106 22 15 9 1 2 9 1 2 18 4
+3 2 1
-3 1
+3 1 0 0 0 0 0 0 0 0 1
+12 4 1
+45 1 1
+1 5 1 0 1 0 0 1
-1 1 0 1
+1 8 2 5
cfn=(176)
calls=1 944 
* 1940 410 216 72 31 27 70 31 27 358 113 5 1
-1 1 1
+1 5 1
-1 1 0 1
+1 8 2 5
cfn=(176)
calls=1 944 
* 2374 427 383 10 32 56 10 32 56 450 122 5
* 6
2040 2 0 1 1 0 0 1
cfi=(22)
cfn=(62)
calls=1 57 
* 17 2 0 0 0 0 0 0 0 2
* 2 0 1 1 0 0 1
+2 2 1 0 0 0 0 0 0 0 1
+7 4 1 0 0 0 0 0 0 0 2 1
+51 13 2 4 1 0 0 1
cfn=(208)
calls=1 1812 
* 580 135 95 19 0 8 18 0 8 69 27
+6 1
-6 1
+6 2 0 0 1 0 0 1 0 0 1 1
2222 4 1
+46 2 1
682 1 1 0 1 0 0 1
2107 1
682 2 0 0 1 0 0 1 0 0 1 1
2135 2 0 1 1 0 0 1
cfi=(67) ./elf/./elf/dl-cache.c
cfn=(214) _dl_load_cache_lookup
calls=1 403 
* 1546 250 73 27 20 1 27 20 1 334 53 1
* 1
+2 2 0 0 0 0 0 0 0 0 1
+4 2 0 0 0 0 0 0 0 0 1
+31 1
-23 2 1 0 0 0 0 0 0 0 1
+23 7 0 2 1 0 0 1
cfn=(170)
calls=1 1572 
* 137 24 17 5 1 1 5 1 1 23 7
+4 2 1
-4 1
+4 1 0 0 0 0 0 0 0 0 1
+1 1 0 1
+17 2 1 0 0 0 0 0 0 0 1 1
2074 5 2 0 2 0 0 2 0 0 1
682 1 1
2075 1
682 3 0 0 0 0 0 0 0 0 1 1
2099 2 1 0 1 0 0 1 0 0 1
+1 2 0 0 0 0 0 0 0 0 1 1
-47 1 1 0 1 0 0 1
+1 1 0 1
696 5 0 3 1 0 0 1
2058 3 1 0 1 0 0 1 0 0 1 1
682 1 1 0 1 0 0 1
2059 1
682 2 0 0 0 0 0 0 0 0 1 1
2073 5 4 0 2 0 0 2 0 0 1
+1 2 0 0 0 0 0 0 0 0 1 1
+41 1 0 1 1 0 0 1
+14 2 1 0 0 0 0 0 0 0 1
+2 3 1 0 0 0 0 0 0 0 1 1
-47 2 0 0 1 0 0 1 0 0 1 1

fn=(88)
868 3 0 0 1 0 0 1
+8 3 3
-8 6
+8 3 0 0 0 0 0 0 0 0 3
-6 3 3
+12 6 0 0 0 0 0 0 0 0 3
-13 3 3
+13 3
-13 3 3
+13 6
+3 9 3 0 1 2 0 1 2 0 3
+1 6 3 0 0 1 0 0 1 0 3
+1 6 3 0 0 0 0 0 0 0 3
+3 9 3 0 0 0 0 0 0 0 3
+1 9 0 0 1 0 0 1 0 0 3
+4 3
+1 6
+22 3
+2 3
-2 6
+2 9 0 0 0 0 0 0 0 0 3 1
-20 10 5 0 1 0 0 1
+1 5 5
+3 10 0 0 0 0 0 0 0 0 5
+3 5
+1 20 0 0 0 0 0 0 0 0 5
fi=(31)
95 20 0 0 2 0 0 1 0 0 5
+7 10 0 0 0 0 0 0 0 0 5
+16 5 5 0 0 1 0 0 1
-3 10 0 0 0 0 0 0 0 0 5 3
254 6 0 0 0 0 0 0 0 0 3
+1 3 0 3
+2 12 3 3
+3 3
-8 4 0 0 1 0 0 1 0 0 2
+5 2 2
-4 2 0 2
+4 6 0 2
+3 2 2
-2 1 1
fe=(30)

fn=(170)
1572 50 0 30 1 0 1 1 0 1
+32 5 5
-32 10 0 10
+32 10 0 0 0 0 0 0 0 0 5
+19 20 0 5 0 0 2 0 0 2
cfi=(53)
cfn=(172)
calls=5 28 
* 109 10 13 2 0 0 2 0 0 15 3
* 5
+2 10 0 0 1 0 0 1 0 0 5 2
+8 2 0 2
+1 4
+5 2
-5 2 0 2 0 0 1 0 0 1
+5 10 0 2
cfi=(54) ./io/../sysdeps/unix/sysv/linux/read_nocancel.c
cfn=(174) __read_nocancel
calls=2 25 
* 12 2 0 1 0 0 1 0 0 2
+2 4 0 0 1 0 0 1 0 0 2 1
+2 4 2 2
+2 4 0 0 0 0 0 0 0 0 2
+6 4 0 0 0 0 0 0 0 0 2
+17 26 8 0 2 1 0 2 1 0 8 3
+81 4 2 0 0 0 0 0 0 0 2 1
+5 4 2 0 1 0 0 1 0 0 2
+6 8 2 0 0 0 0 0 0 0 2 1
+6 4 2 0 0 0 0 0 0 0 2
+6 2 2 0 0 1 0 0 1
+1 2 2
-1 6
+1 6 0 0 1 0 0 1 0 0 2 1
+26 45 35
-22 13 0 0 1 0 0 1 0 0 2 2
+1 2
-1 1 0 0 1 0 0 1
+1 1 0 1 0 0 1 0 0 1
cfi=(70)
cfn=(224)
calls=1 25 
* 7 1 0 0 0 0 0 0 0 1
* 2 0 0 0 0 0 0 0 0 1 1
1668 3 1 0 2 0 0 2 0 0 1 1
-59 6 0 0 1 0 0 1
1777 2 0 1 1 0 0 1

fl=(50) ./elf/./elf/dl-catch.c
fn=(158) _dl_catch_error
254 6 0 3 1 0 0 1
+2 1
-2 6 0 1
+2 1 0 1
cfn=(160) _dl_catch_exception
calls=1 -52 
* 2728 580 320 108 35 36 106 35 36 450 147 9 3
+1 2 1 1
+1 1 1
+1 1 1
-1 1 0 1
+1 1 0 1
+2 6 5 0 1 0 0 1

fn=(160)
204 18 0 9 1 0 2 1 0 2
58 3 3 0 0 1 0 0 1
204 6 0 6 0 0 1 0 0 1
+3 6 0 0 0 0 0 0 0 0 3
+22 3
-1 3 0 3 1 0 1 1 0 1
+1 3 0 3
58 6 0 0 0 0 0 0 0 0 3 3
235 9 0 3
cfi=(51)
cfn=(162)
calls=3 31 
* 72 15 27 2 0 1 2 0 1
* 9 0 0 1 0 0 1 0 0 3
+2 9 6 3 0 0 0 0 0 0 0 0 3 2
cfi=(64) ./elf/./elf/dl-deps.c
cfn=(206) openaux
calls=2 61 
* 5622 1066 656 86 53 71 85 53 71 1007 260 10 2
cfi=(2)
cfn=(164) map_doit
calls=1 641 
* 2662 565 297 102 34 34 100 34 34 446 146 8 2
69 3 3
+1 3 3
-1 3 0 0 0 0 0 0 0 0 3
+1 3 0 3
239 12 3 6
-25 3
+34 9 9
59 6 3 3 1 0 0 1
+11 9 0 3

fn=(236) _dl_receive_error
186 2 0 1 1 0 0 1
58 1 1
186 4 0 1
+2 1 1
-2 1 0 1
58 1 0 0 1 0 0 1 0 0 1
+1 1 1
+11 1 0 1
192 1 0 1
+2 1 0 1 0 0 0 0 0 0 0 0 1 1
cfi=(2)
cfn=(238) version_check_doit
calls=1 674 
* 4380 1340 370 39 36 24 39 36 24 790 152 12 5
69 2 1 0 0 0 0 0 0 0 1
+1 1 0 1
198 1 1
-1 1 0 1
+1 3 3

fl=(37)
fn=(108)
172 6 0 3 1 0 0 1
+3 1
-3 3 0 2
+3 1
-3 5 0 4 1 0 2 1 0 2
+2 1 0 1
cfi=(38)
cfn=(110)
calls=1 29 
* 49 6 0 3 0 0 3 0 0 12 2
+1 1
fi=(40) ./elf/./dl-hwcaps.h
43 1 0 1
fe=(37)
174 1 0 1
fi=(40)
45 2 0 1
+32 1 0 1
+1 1 0 1
+1 1
fe=(37)
-27 2 0 1 1 0 0 1
cfi=(39)
cfn=(114)
calls=1 -1 
* 23 8 6 2 0 1 2 0 1 1
* 2 0 0 0 0 0 0 0 0 1
fi=(40)
-9 1
+2 1 0 1
-2 1 0 1
+34 2 1 1
+1 2 1 1
+1 1 0 0 1 0 0 1
fe=(37)
-24 2 2
-1 2
+1 2
+1 2
+1 2
-5 4 0 2
cfi=(39)
cfn=(114)
calls=2 -1 
* 130 28 19 1 0 0 1 0 0 14 7
* 2 0 1
cfi=(39)
cfn=(114)
calls=1 -1 
* 125 22 15 6 1 0 6 1 0 15 4
* 6 0 0 0 0 0 0 0 0 3 2
+48 4 0 2
fi=(28)
-44 2 1 1 0 0 0 0 0 0 0 0 1 1
cfi=(27)
cfn=(78)
calls=1 -20 
* 30 7 7 0 0 0 0 0 0 3
fe=(37)
+46 2 1 0 1 0 0 1
-2 1 0 1 0 0 1 0 0 1
+2 1 0 0 0 0 0 0 0 0 1
+3 1 0 1
+3 1
fi=(40)
-65 1 0 1
+2 1 0 1
fe=(37)
+67 1 0 1
fi=(40)
-66 1
fe=(37)
+66 2 0 1 1 0 0 1
cfi=(39)
cfn=(120)
calls=1 -87 
* 13 5 3 2 0 0 2 0 0 1 1
* 2 0 0 0 0 0 0 0 0 1
fi=(40)
-69 1
+2 1 0 1
-2 1 0 1
+34 2 1 1
+1 2 1 1 1 0 0 1
+1 1
fe=(37)
+48 10 4 2 0 0 1 0 0 1
+1 4 2 2
+1 2
+1 2
-1 2 0 2
-4 4 0 2
cfi=(39)
cfn=(114)
calls=2 -74 
* 130 28 19 0 0 0 0 0 0 14 7
* 2 0 1
cfi=(39)
cfn=(114)
calls=1 -74 
* 125 22 15 0 0 0 0 0 0 15 4
* 6 0 0 0 0 0 0 0 0 3 2
+8 3 1 0 1 0 0 1 0 0 1
+9 5 1 1 0 0 0 0 0 0 1
+3 8 1 5 1 0 0 1
-2 6 0 1
+14 1 0 0 0 0 0 0 0 0 1 1
+4 1 1
+1 1 1
+1 1 0 1
-20 3
+19 1 0 1
+1 1 0 1
-20 2 0 0 0 0 0 0 0 0 1 1
+8 2 2 0 1 0 0 1
+4 2 2
-4 3
+4 2 0 1 1 0 0 1
cfi=(42) ./string/../sysdeps/x86_64/multiarch/../multiarch/memcmp-sse2.S
cfn=(122) bcmp
calls=1 -96 
* 19 5 0 2 0 0 2 0 0 4 2
+1 3 1 0 0 0 0 0 0 0 1 1
-14 8 6 0 0 0 0 0 0 0 1
+47 1 1
-4 2 0 1 1 0 0 1
+4 2 0 1 0 0 1 0 0 1
-3 1
+7 1 1
-7 2
+7 1
fi=(28)
56 1 1 1 0 0 0 0 0 0 0 0 1 1
cfi=(27)
cfn=(78)
calls=1 -20 
* 30 7 7 0 0 0 0 0 0 3
* 1
fe=(37)
194 2 0 0 0 0 0 0 0 0 1
+8 1 1
fi=(40)
43 1 0 1 1 0 0 1
fe=(37)
201 1
80 1
fi=(40)
-35 1 0 1
fe=(37)
+35 1
202 1 1
fi=(40)
77 1 0 1
+1 1 0 1
fe=(37)
202 3 0 1
fi=(40)
79 1 0 0 1 0 0 1
fe=(37)
-2 2 0 1 1 0 0 1
cfi=(39)
cfn=(114)
calls=1 -26 
* 23 8 6 0 0 0 0 0 0 1
* 2 0 0 0 0 0 0 0 0 1
fi=(40)
-34 1
+2 1 0 1
fe=(37)
+35 2
fi=(40)
-37 1 0 1
+34 2 1 1
+1 2 1 1
+1 3 0 2
fe=(37)
+1 4 2
+7 2
-7 8 2 6 0 0 1 0 0 1
cfi=(29)
cfn=(126)
calls=2 197 
* 26 6 4 1 0 0 1 0 0 4 4
+4 2 0 2
+2 2 2
+2 2
-2 4 0 2
-9 4 0 2
cfi=(39)
cfn=(114)
calls=2 -26 
* 130 28 19 0 0 0 0 0 0 14 4
* 2 0 1 1 0 0 1
cfi=(39)
cfn=(114)
calls=1 -26 
* 125 22 15 0 0 0 0 0 0 15 2
* 6 0 0 0 0 0 0 0 0 3 2
213 2 2 0 1 0 0 1
-5 1 0 1
+1 1 0 1
-1 1 1
+5 1 0 1
+3 9 7

fl=(20)
fn=(52) intel_check_word.constprop.0
123 48 0 0 1 0 0 1 0 0 24
-4 72 0 24
+10 24 0 0 1 0 0 1
-10 96 0 48
+10 48
-10 24 0 24
+10 24
-10 24
+10 24
+2 48 0 0 0 0 0 0 0 0 24
+71 48 24
fi=(21) ./elf/../bits/stdlib-bsearch.h
32 24
fe=(20)
202 120 24 0 1 0 0 1
-71 96 0 0 0 0 0 0 0 0 48 2
+2 60
+2 120 0 0 0 0 0 0 0 0 60
+8 120 0 0 1 0 0 1 0 0 60 2
+51 96 0 0 0 0 0 0 0 0 48 6
+22 48
fi=(21)
28 48
-1 96
+2 216 0 0 0 0 0 0 0 0 108 14
+2 168
+1 84
fe=(20)
+78 168 84 0 1 2 0 1 2 0 84
+3 324 0 0 0 0 0 0 0 0 324 41
fi=(21)
-78 264
-6 528 0 0 0 0 0 0 0 0 264 24
+2 480
+1 240
fe=(20)
+78 480 240 0 0 4 0 0 4 0 240 5
+15 12
246 144 120
fi=(21)
37 120 0 0 1 0 0 1
fe=(20)
155 36
+3 36 0 0 0 0 0 0 0 0 12
-6 12
+3 39 0 0 1 0 0 1 0 0 12 5
+9 18 0 0 0 0 0 0 0 0 9
+23 21
-32 63
+3 63 0 0 0 0 0 0 0 0 21 1
+4 58
+2 116 0 0 0 0 0 0 0 0 29 2
+3 84 0 0 0 0 0 0 0 0 22 13
+1 48 0 0 0 0 0 0 0 0 24 9
+1 48 0 0 0 0 0 0 0 0 24 8
+1 30 0 0 0 0 0 0 0 0 15 9
+2 11 0 0 1 0 0 1
+2 22 0 0 0 0 0 0 0 0 11 4
+6 14 0 0 1 0 0 1 0 0 7 3
+3 8 0 0 0 0 0 0 0 0 4
+1 12
-20 15 0 0 1 0 0 1 0 0 6 2
+12 4
+2 4
+1 4
-2 4
-1 4
+2 8
-2 4 0 0 1 0 0 1
+3 4
-2 12
+2 12
+11 2
-9 12

fn=(50)
255 24 12 0 1 0 0 1 0 0 12
-5 12 0 12
+17 12
-17 96 0 60
+11 12 0 12
+1 12 0 12
+5 36 0 12
+4 24 0 0 0 0 0 0 0 0 12 10
+34 96 84
-29 12 0 0 1 0 0 1
+3 24
-3 12
+3 36 0 12
cfn=(52)
calls=12 123 
* 4092 408 48 6 6 0 6 6 0 1236 92
+2 24 0 0 0 0 0 0 0 0 12
+3 60 0 12 1 0 0 1
cfn=(52)
calls=12 123 
* 1272 84 48 5 0 0 5 0 0 244 58
+2 24 0 0 0 0 0 0 0 0 12 12

fn=(56)
571 11 0 6 1 0 0 1
+17 1 1
+1 1 1 0 1 0 0 1
+9 1 1
-12 1 1
+2 1 0 1
+2 1 1
+8 1 0 1
-11 1 1
+3 1 0 1
+11 2 0 0 0 0 0 0 0 0 1
-5 3 0 1
+17 1
+5 3 1 0 1 0 0 1 0 0 1
+4 2 0 0 0 0 0 0 0 0 1 1
770 5 1 0 0 0 0 0 0 0 2
+1 5 0 1
+4 2 1 0 1 0 0 1 0 0 1 1
+8 1 1
-1 1 0 1
+1 1 0 1
+1 1 0 1
+1 7 7
627 5 1 0 1 0 0 1 0 0 1 1
+3 6 0 3 0 0 0 0 0 0 1 1
-32 5 2 1 1 0 0 1
+75 4 0 0 0 0 0 0 0 0 2
+8 5
+2 2 0 0 0 0 0 0 0 0 1
-2 1
+6 3 0 0 1 0 0 1
+3 1
+1 5 1 0 0 0 0 0 0 0 2
-4 4 0 0 0 0 0 0 0 0 1
+21 2 0 0 0 0 0 0 0 0 1 1
-21 4
+2 1
+2 4 0 0 0 0 0 0 0 0 2
-4 1
+6 4 0 0 1 0 0 1 0 0 2 1
+3 2 0 0 0 0 0 0 0 0 1
+5 1
+2 2 0 0 1 0 0 1
+1 1
+1 1
-2 2
+1 1
-19 4 0 0 0 0 0 0 0 0 2 1
+46 2 0 0 0 0 0 0 0 0 1
+1 1
+1 2 0 0 0 0 0 0 0 0 1
+1 1
+25 3
630 3 0 2 1 0 0 1
+10 6 0 0 0 0 0 0 0 0 3 2
+14 2 0 0 0 0 0 0 0 0 1
+4 1
+3 1
+1 1
-4 2
+3 3 0 1
+6 4 0 0 0 0 0 0 0 0 2 1
-37 12
+7 6 0 0 0 0 0 0 0 0 3
-7 3 0 0 1 0 0 1
+7 2 0 0 0 0 0 0 0 0 1
+3 20 0 0 0 0 0 0 0 0 4 3
+5 2 0 0 1 0 0 1 0 0 1
+4 1
+1 1
-1 2
+1 1
+61 2 0 0 1 0 0 1 0 0 1
+7 1
+2 2
-16 1
+22 1
-6 2
+1 1
+5 1
-30 5 4 0 1 0 0 1

fl=(42)
fn=(122)
59 1 0 0 1 0 0 1
+12 1
+1 1 0 0 0 0 0 0 0 0 1
+22 1
+1 1 0 0 0 0 0 0 0 0 1 1
+45 1 1 0 1 0 0 1
+1 1 1
+2 1
+1 1 0 0 0 0 0 0 0 0 1
+2 1 1
+1 1 1
+2 1
+1 1 0 0 0 0 0 0 0 0 1 1
+47 1
+1 1
+1 1
+1 1
+1 1
+1 1 1

fl=(78)
fn=(270)
772 660 0 440 1 0 0 1
+3 110
-3 330 0 220
+3 110
-3 440 0 330 1 0 1 1 0 1
fi=(79) ./elf/../sysdeps/generic/dl-new-hash.h
74 110 110 0 0 75 0 0 75
+3 220 0 0 0 0 0 0 0 0 110 1
-8 110
+1 220
+10 110 110
+1 220 0 0 0 0 0 0 0 0 110 4
-1 681 681 0 0 12 0 0 12
+1 1362 0 0 0 0 0 0 0 0 681 54
+20 740
-2 740
+6 740
-3 1480
+2 740 0 0 1 0 0 1
-30 740 740 0 0 11 0 0 11
+3 1480 0 0 0 0 0 0 0 0 740 83
fe=(78)
774 110
+1 110
+3 110 0 110
-4 110 0 110
+1 110 0 110
+7 422 101 0 0 0 0 0 0 0 211 9
+5 110 110
-2 110 110
+2 110 110 0 0 1
-2 110 0 0 1 0 0 1 0 0 110
+6 1575 7 330 0 0 0 0 0 0 117 2
+1 1540 770 770 1 0 2 1 0 2
cfn=(274) do_lookup_x
calls=110 347 
* 39593 13037 4484 55 238 5 53 225 5 5624 485 33 29
* 330 0 0 1 0 0 1 0 0 110 2
+28 110 110
-23 330 220
+23 110
-23 220 0 0 0 0 0 0 0 0 110 2
+24 602 99 0 0 0 0 0 0 0 202 77
+7 103 103
-7 103
+35 412 103 0 1 0 0 1 0 0 103
+34 412 103
-20 309 103 0 0 1 0 0 1 0 103 1
+3 206 103 0 0 0 0 0 0 0 103
-57 110 0 110
+76 990 770 0 1 0 0 1
fi=(79)
87 51 0 0 1 0 0 1
+1 51
+1 102
+1 51
fe=(78)
871 2 0 1 1 0 0 1
-72 42 7 0 1 0 0 1 0 0 14 2
+18 21 0 0 1 0 0 1
+11 28 0 0 1 0 0 1

fn=(276) check_match
70 1575 210 630 1 26 0 1 23
+3 626 210 0 1 11 0 1 9 0 105 4
+13 103
-13 103
+13 103
-13 103
+13 309 0 0 0 0 0 0 0 0 103
+3 374 84 42 0 0 0 0 0 0 103 12
cfi=(32)
cfn=(94)
calls=42 +9 
* 2191 351 0 27 25 0 27 25 0 242 73 27 25
* 84 0 0 0 0 0 0 0 0 42 1
+4 103 103 0 1 0 0 1
+1 206 0 0 0 0 0 0 0 0 103 2
+2 202 0 0 0 0 0 0 0 0 101
+19 202 202 0 0 3 0 0 3
+1 808 303 0 1 3 0 1 0 0 101 11
+45 103
+1 840 735
-18 4 0 0 0 0 0 0 0 0 2
+2 4 4 0 0 2 0 0 2
+1 2
-1 4
+1 6
-1 4 0 0 0 0 0 0 0 0 2 2
-29 303 202 101 2 1 1 2 0 1
cfi=(32)
cfn=(94)
calls=101 -19 
* 2784 716 0 6 3 0 4 2 0 329 39 6 4
* 202 0 0 0 0 0 0 0 0 101 9
-44 8 0 0 0 0 0 0 0 0 4
+5 4

fn=(274)
347 990 0 770 2 0 1 2 0 1
+1 110 110
-1 440 220 220 0 0 1 0 0 1
+6 110
-6 110 0 110
+65 110
-58 110 110
+11 110 110
+50 110 0 110
-3 220 0 110
+3 220
-50 110
+50 440 110 110 1 0 0 1
-19 1065 355 0 0 0 0 0 0 0 355
+8 355 355
-4 355 0 355
+1 355 0 355
+3 1420 710 0 0 0 0 0 0 0 355 6
+1 710 710 0 1 0 0 1
+3 355 355
-3 355
+4 710 0 0 0 0 0 0 0 0 355
+4 710 710
-2 355 355 0 0 54 0 0 53
+5 1420 710
+3 2485 355 0 0 0 0 0 0 0 355 108
+99 759 0 0 0 0 0 0 0 0 253 7
358 712 712 0 1 0 0 1
+3 712 0 0 0 0 0 0 0 0 356
+4 718 3 0 0 0 0 0 0 0 359 65
+21 710 355 0 1 0 0 1 0 0 355 14
+4 710 355 0 0 0 0 0 0 0 355 12
+71 824 618 0 1 0 0 1
fi=(4) ./elf/../sysdeps/generic/ldsodefs.h
139 206 103
+1 309
fe=(78)
476 206 0 0 1 0 0 1 0 0 103
fi=(80) ./elf/../sysdeps/generic/dl-protected.h
29 412 0 0 0 0 0 0 0 0 206
fe=(78)
483 788 103 0 0 0 0 0 0 0 291 10
+16 206 103 103
+1 103 0 103
+22 103
-21 103
+21 721 721
-99 315 105 0 1 0 0 1
-1 210 210 0 0 41 0 0 41
+2 210 0 0 0 0 0 0 0 0 105
+2 105 105
+6 420 105 210 1 0 0 1
-6 105
+6 735 0 525
+7 396 0 0 0 0 0 0 0 0 132 2
-10 1175 235 0 1 69 0 1 67 0 235 95
+2 105
+1 315 105
-1 105 105
+1 210 210 105 0 0 1 0 0 1
-1 105
+1 105 0 105
+1 105
-1 105 0 105
+1 105
-1 735 315 315 1 0 1 1 0 1
cfn=(276)
calls=105 70 
* 11360 3120 773 39 74 1 37 64 1 1338 153 33 29
+4 315 0 0 0 0 0 0 0 0 105 9
+3 4 2
+31 16 14 0 2 0 0 2 0 0 2 2
+52 7
-1 7
+1 49 49 0 1 0 0 1
-35 27 9 0 1 0 0 1 0 0 9 2

fl=(2)
fn=(2)
517 16 0 8 2 0 1 2 0 1
85 1
547 4 0 1 0 0 1 0 0 1
85 1
543 1 0 1 0 0 1 0 0 1
fi=(6) ./elf/../sysdeps/x86_64/dl-machine.h
55 1
fe=(2)
+30 1
546 1 0 0 1 0 0 1
85 1 0 1 0 0 1 0 0 1
fi=(3) ./elf/./get-dynamic-info.h
-40 1 1 0 0 1 0 0 1
fe=(2)
546 1 0 1 0 0 1 0 0 1
fi=(3)
45 2 0 0 0 0 0 0 0 0 1 1
+23 18 0 18 0 0 7 0 0 7
-23 72 18 0 0 4 0 0 4 0 18 1
+4 36 0 0 0 0 0 0 0 0 18 12
+3 5 0 0 1 0 0 1
-1 10 0 0 0 0 0 0 0 0 5
+3 20 0 0 0 0 0 0 0 0 5 1
+1 16
+1 5 0 0 0 0 0 0 0 0 1 1
fi=(4)
+23 1 1 0 1 0 0 1
fi=(3)
+31 1 1 0 0 1 0 0 1
-38 3 0 0 0 0 0 0 0 0 1
+12 4 1 1 0 0 0 0 0 0 1
+1 3 1 0 0 0 0 0 0 0 1 1
+1 4 1 1 1 0 0 1 0 0 1
+1 4 1 1 0 0 0 0 0 0 1
+1 5 1 1 0 0 0 0 0 0 1
+1 3 1 0 1 0 0 1 0 0 1 1
+1 4 1 1 0 0 0 0 0 0 1
+1 4 1 1 0 0 0 0 0 0 1
+12 7 2 0 0 0 0 0 0 0 2 1
+7 2 0 0 0 0 0 0 0 0 1 1
-51 4 0 0 1 0 0 1 0 0 1 1
+64 3 2 0 2 0 0 2 0 0 1
+6 3 1 0 0 0 0 0 0 0 1
+1 3 2 0 0 0 0 0 0 0 1
+3 2 1 0 0 0 0 0 0 0 1
+1 3 1 0 0 0 0 0 0 0 1
+5 5 2 0 1 0 0 1 0 0 2
+3 5 2 0 0 0 0 0 0 0 2
fe=(2)
563 154 6 11 2 1 4 2 1 4 51 21
fi=(4)
79 1 1
fe=(2)
563 1 1
fi=(4)
79 2
fe=(2)
563 27 4 5 3 0 1 3 0 1 4 2
fi=(6)
287 3 0 1
fi=(5) ./elf/./elf/do-rel.h
49 1 1
fe=(2)
563 1 1
fi=(5)
50 1 1
-1 2
+4 1 1
-3 1
+3 4 1 0 1 0 0 1
+3 2 0 0 0 0 0 0 0 0 1 1
-7 1 1
fe=(2)
563 1 1
fi=(5)
50 1 1
-1 2
+4 1 1
-3 1
+3 4 1
+3 2 0 0 0 0 0 0 0 0 1 1
+7 3 3 0 1 1 0 1 1
+2 3 3
-2 6
fi=(6)
278 3
fi=(5)
64 6
fi=(6)
278 6 0 0 0 0 0 0 0 0 3
+9 24 9 0 0 3 0 0 3 0 3
+3 6 3
+1 6 0 0 0 0 0 0 0 0 3 3
+26 8 0 0 0 0 0 0 0 0 4 3
+6 2 0 2 0 0 1 0 0 1
fi=(5)
61 13 0 0 1 0 0 1 0 0 5 3
fe=(2)
563 6 0 0 0 0 0 0 0 0 2 1
fi=(5)
51 1 1
fi=(4)
+28 2 1
fi=(3)
-17 4 0 0 1 0 0 1 0 0 1
+2 4
fe=(2)
565 1 0 1
+13 1 0 1 1 0 1 1 0 1
cfi=(7)
cfn=(12)
calls=1 42 
* 10 1 4 2 0 1 2 0 1
458 2 0 1
85 1
476 2
85 3 0 1
476 1 0 1
cfi=(8)
cfn=(14)
calls=1 25 
* 27 8 6 3 1 1 3 1 1 3
+2 1 1
+16 2 1 0 1 0 0 1
-17 1 0 1
+11 1 0 1
-10 1 0 1 0 0 1 0 0 1
+16 1 0 1
cfi=(9) ./elf/../sysdeps/unix/sysv/linux/dl-sysdep.c
cfn=(16) _dl_sysdep_start
calls=1 102 
* 163134 36707 13436 954 940 502 948 831 495 32988 3766 294 145
* 1 0 0 1
+2 2 1 0 0 0 0 0 0 0 1
+89 9 7 0 1 1 0 1
fi=(3)
103 3 0 1 2 0 0 2
fe=(2)

fn=(66) dl_main
1346 2 0 1 1 0 0 1
197 1
1346 11 0 8 1 0 1 1 0 1
199 1 0 1
302 1 0 1
+1 1 0 1
197 1 0 1
+99 3 0 3 1 0 0 1
1357 1 0 1 0 0 1 0 0 1
cfi=(24)
cfn=(68) __tls_pre_init_tp
calls=1 53 
* 17 1 5 3 0 1 3 0 1
2749 1 1
2538 1 1
2749 2 0 0 0 0 0 0 0 0 1
2598 1 0 1 0 0 1 0 0 1
+2 2
+15 1
-13 2 0 1 1 0 0 1
cfi=(25)
cfn=(70)
calls=1 28 
* 51 18 1 1 0 0 1 0 0 16 8
* 4 0 2
cfi=(25)
cfn=(70)
calls=2 28 
* 399 136 1 0 0 0 0 0 0 132 17
* 9 0 0 0 0 0 0 0 0 3 1
+4 6 2 0 0 0 0 0 0 0 2
-2 2
+2 6 0 0 0 0 0 0 0 0 2
+1 2
-1 6 2 0 0 0 0 0 0 0 2
+1 17
-1 89 17 0 0 0 0 0 0 0 36 10
+9 12 2 0 1 2 0 1 2 0 2 0 2 2
2727 3 1 0 0 0 0 0 0 0 1 1
1373 1 1
+1 2 1 0 1 0 0 1
-1 2 1 1
+1 2 1 0 0 0 0 0 0 0 1 1
2687 3 1 0 1 0 0 1 0 0 1 1
-47 2 1 0 1 0 0 1 0 0 1
+10 2 1 0 0 0 0 0 0 0 1 1
1637 9 0 2 1 0 0 1
cfi=(26)
cfn=(72)
calls=1 59 
* 210 31 55 22 4 11 22 4 11 30 16 2 2
* 1 0 1
+2 2 0 0 0 0 0 0 0 0 1
+1 3 0 1 1 0 0 1
+6 1
-5 2 1 1
+1 3 2 1
+4 1 0 1
cfi=(26)
cfn=(84)
calls=1 31 
* 42 10 9 3 0 0 3 0 0 1 1 2 2
+1 2 1 0 0 0 0 0 0 0 1
1116 1 1 0 1 0 0 1
-1 1 1
1351 1
1143 1
-21 2 2 0 0 1 0 0 1
+21 2
-19 1 0 1
+1 1 0 1
-3 1 0 1 0 0 1 0 0 1
+21 2 0 0 1 0 0 1 0 0 1
+57 1 1
-82 1 0 1
+25 1
-3 1
+4 1
+19 1
+37 4
-56 102 22 0 1 6 0 1 6 0 31 4 9 5
+56 4 4 0 0 1 0 0 1
-1 4 4
+1 8
-1 4
+2 8 4 0 0 0 0 0 0 0 4 2
+1 1 0 1
+2 12 4 0 0 0 0 0 0 0 4
+1 14 0 0 0 0 0 0 0 0 7 3
+4 8 4 0 0 3 0 0 3
+1 8 4 0 0 0 0 0 0 0 4
+1 4 0 4
+4 12
-72 27 0 0 2 0 0 2 0 0 9 7
1253 2 1
+1 22 0 0 0 0 0 0 0 0 11 7
+6 4 0 1
cfi=(30)
cfn=(88)
calls=1 868 
* 90 17 4 6 1 0 6 1 0 20 1
-7 26 0 0 0 0 0 0 0 0 13 1
+1 13 13
+6 13
-6 26 0 0 0 0 0 0 0 0 13 6
fi=(31)
235 4 4 0 1 0 0 1
+1 2 2
-87 4 2 0 0 0 0 0 0 0 2 2
fe=(2)
1148 1 0 0 1 0 0 1
-5 1
+5 2 1 1
-5 2 0 0 0 0 0 0 0 0 1 1
+30 1 1
-9 2 2 0 0 1 0 0 1
+2 1 0 1
-3 1 0 1
+10 2 0 0 1 0 0 1 0 0 1
+18 2 0 1
-38 2 2
-10 1
+10 1 0 1
+1 9 2 1 1 0 0 1
-11 2 0 0 0 0 0 0 0 0 1 1
+1 14 0 0 0 0 0 0 0 0 7 3
1247 1 1 0 0 1 0 0 1
1143 1 0 0 1 0 0 1
1247 2 1 1
1143 3 0 0 0 0 0 0 0 0 1
1266 4 2 0 0 1 0 0 1 0 1 1
+3 3 2 0 1 0 0 1 0 0 1 1
+2 3 1 0 0 0 0 0 0 0 1
1672 3 1 0 1 0 0 1 0 0 1
+2 2 1
-1 1 1
+1 1 1
+1 3 3
-2 2 0 1
cfi=(32)
cfn=(94)
calls=1 98 
* 25 7 0 3 1 0 3 1 0 3 1
* 2 0 0 0 0 0 0 0 0 1
+7 1 0 1 1 0 1 1 0 1
+3 1 1
-5 1 0 1
+3 1 0 1
+2 1 0 0 0 0 0 0 0 0 1
+1 2 0 1
+4 2 1 0 0 0 0 0 0 0 1
+2 2 0 0 1 0 0 1 0 0 1
fi=(3)
39 4 2 0 0 0 0 0 0 0 1
+4 1
+2 1 1 0 0 1 0 0 1
+9 1
+1 1
-10 2 0 0 0 0 0 0 0 0 1 1
+23 26 0 26 0 0 8 0 0 8
-23 104 26 0 0 7 0 0 7 0 26 1
+4 52 0 0 1 0 0 1 0 0 26 12
+3 6
-1 12 0 0 0 0 0 0 0 0 6
+3 24 0 0 0 0 0 0 0 0 6 1
+1 20
fe=(2)
1243 1 1 0 1 0 0 1
1143 1
1243 1 0 1 0 0 1 0 0 1
1143 2 0 0 0 0 0 0 0 0 1 1
fi=(3)
72 4 2 0 0 0 0 0 0 0 1 1
+43 2 1 0 1 0 0 1 0 0 1
+7 3 2 0 0 0 0 0 0 0 1
+1 4 3 0 1 0 0 1 0 0 1
+6 3 1 0 0 0 0 0 0 0 1 1
+18 4 2 0 0 0 0 0 0 0 1
+5 2 1 1 1 0 1 1 0 1
+2 2 0 0 0 0 0 0 0 0 1 1
+2 2 0 0 0 0 0 0 0 0 1 1
+2 2 0 0 0 0 0 0 0 0 1
+1 2 1 1
+3 4 2 0 1 0 0 1 0 0 1
+2 3 1 1
+1 2 0 0 0 0 0 0 0 0 1 1
+9 2 1 0 0 0 0 0 0 0 1
+6 2 0 0 0 0 0 0 0 0 1
+1 3 2 1 1 0 0 1
+3 3 2 0 0 0 0 0 0 0 1 1
fe=(2)
1698 4 2 0 0 0 0 0 0 0 1 1
+7 2 1 1 1 0 0 1
cfi=(8)
cfn=(14)
calls=1 25 
* 27 8 6 0 1 0 0 1 0 3
+3 2 1 0 1 0 0 1 0 0 1
fi=(33) ./elf/./setup-vdso.h
24 2 1 0 0 0 0 0 0 0 1 1
fi=(36) ./elf/./dl-main.h
+85 2 2 0 1 0 0 1
fi=(35) ./elf/../sysdeps/unix/sysv/linux/dl-vdso-setup.h
-64 1 0 1
fi=(36)
+64 3 2 1
cfi=(30)
cfn=(106)
calls=1 706 
* 2322 492 376 73 4 16 73 4 16 312 107 8 8
fe=(2)
1733 3 1 1 1 0 0 1
cfi=(45)
cfn=(144) _dl_debug_initialize
calls=1 56 
* 34 7 5 4 2 0 4 2 0 5 3
+7 1 1
-5 1 0 1
-2 1
+7 1 0 0 0 0 0 0 0 0 1 1
+4 1 1
+1 1 1
+2 1 0 1
-3 3 0 1
+1 2 1 1 1 0 0 1
+3 1 0 1
+11 1 1 0 0 1 0 0 1
-13 1 0 1
+13 1 0 0 0 0 0 0 0 0 1
+1 2 1 0 0 0 0 0 0 0 1
+5 1 1
-3 2 1 0 1 0 0 1
+2 1 0 1
+1 2 0 1
+5 3
+1 5 1 0 0 1 0 0 1 0 1 1
-1 2 0 0 1 0 0 1 0 0 1 1
224 1 1
+1 1 1
-1 1 1
+1 3 2 0 0 0 0 0 0 0 1 1
+1 2 0 0 1 0 0 1 0 0 1 1
1788 2 1 0 1 0 0 1 0 0 1
+5 1 1
-1 1
1352 1 0 1
1793 1 0 0 0 0 0 0 0 0 1
+24 1 0 1 1 0 0 1
cfi=(46)
cfn=(146) _dl_count_modids
calls=1 192 
* 6 3 0 1 0 0 1 0 0 1
* 1 0 1
fi=(47) ./elf/../sysdeps/generic/dl-debug.h
29 4 2 0 0 0 0 0 0 0 1
+1 1 0 1
fe=(2)
1823 1 0 1
+1 1 0 1
cfi=(45)
cfn=(150) _dl_debug_state
calls=1 116 
* 2 1 0 1 0 0 1
+1 1
+4 3 1 1
cfi=(48)
cfn=(152) _dl_audit_activity_map
calls=1 29 
* 17 8 5 2 0 0 2 0 0 1 1
+5 3 2 0 1 0 0 1 0 0 1
+2 1
+2 2 1 0 0 0 0 0 0 0 1 1
+9 2 1 0 0 0 0 0 0 0 1
+16 4 0 1
cfi=(63)
cfn=(200)
calls=1 25 
* 9 1 1 0 0 0 0 0 0 1 1
* 2 0 0 1 0 0 1 0 0 1
+76 4 2 0 0 0 0 0 0 0 1 1
+16 3 1 0 0 0 0 0 0 0 1 1
85 1
1965 1
85 2
1965 1
85 1
1965 5 2 0 1 0 0 1
85 1 0 1
1965 2 0 1
cfi=(64)
cfn=(202) _dl_map_object_deps
calls=1 143 
* 7367 1419 926 135 56 84 134 56 84 1331 346 15 5
92 1
+9 1 1
1971 1 1
92 2
+9 2 0 1
1971 2 0 0 1 0 0 1 0 0 1
+1 6 2 1
-1 4 0 0 0 0 0 0 0 0 1 1
+1 6 3 3
-1 12 0 0 0 0 0 0 0 0 3 2
+4 3 2 1
+1 2 0 0 1 0 0 1 0 0 1
+1 1 0 1
+2 14 1 0 0 0 0 0 0 0 3
+1 6 3 0 0 0 0 0 0 0 3 2
+46 1 1
-42 2 0 0 1 0 0 1 0 0 1
+8 3 1 1
+1 2 0 0 0 0 0 0 0 0 1
+2 1
+2 3 0 0 0 0 0 0 0 0 1 1
+2 1 1
-4 1 0 1
+5 1 1
-1 2 0 0 1 0 0 1 0 0 1 1
+14 2 0 0 0 0 0 0 0 0 1
+1 2 1 1
+1 3 1 0 0 0 0 0 0 0 1 1
-25 1 0 1 1 0 0 1
+36 2
+2 1
-2 1
+2 2
-2 1 0 1
+1 2
+1 1
-1 2 0 1
+1 1 0 1 1 0 0 1
cfi=(50)
cfn=(236)
calls=1 186 
* 4402 1348 378 41 36 24 41 36 24 792 152 13 6
+10 1 1
+1 1 1
-1 1 0 1
+1 1 0 0 0 0 0 0 0 0 1 1
+3 2 0 0 0 0 0 0 0 0 1
837 1 1
fi=(249) ./elf/../sysdeps/unix/sysv/linux/dl-osinfo.h
39 2 1
fe=(2)
839 1 0 1
fi=(249)
52 1 1
fe=(2)
848 1 0 1 1 0 0 1
+7 1 0 1
-5 1 0 1
2047 3 1 0 0 0 0 0 0 0 1
2246 2 1
+4 1 1
-4 1 0 1
+10 1 1 0 1 0 0 1
-6 1 0 1
+6 1 0 1
-6 1 0 1
+9 2 1 0 0 0 0 0 0 0 1
+8 2 2
fi=(31)
36 2 2
+1 3 0 0 1 0 0 1 0 0 1
+3 3 3
+13 6 1
-13 3 3
+9 6 3 0 0 0 0 0 0 0 3
-9 1 1
+9 16 4 0 1 0 0 1 0 0 8 1
+4 12 3 0 0 0 0 0 0 0 3
-16 12 0 0 0 0 0 0 0 0 4 3
+34 1 1
fe=(2)
2279 1
fi=(31)
71 1 0 1
cfi=(76)
cfn=(260) _dl_cet_check
calls=1 361 
* 55 11 14 4 0 0 4 0 0 8 1
fe=(2)
2282 1 1
-3 2 1 0 1 0 0 1
+5 1 1
-2 2 0 1
+2 2 0 0 0 0 0 0 0 0 1
+1 6 1 1
cfi=(77) ./elf/./elf/dl-reloc.c
cfn=(262) _dl_relocate_object
calls=1 207 
* 67909 16884 7531 206 449 225 206 439 225 11974 1077 163 75
85 2
2292 1 1 0 0 1
85 2 0 0 1 0 0 1
2292 1 1
+1 17 2 1 0 1 0 0 0 0 4 1
+2 8 8 0 1 0 0 1
+5 8 8 0 0 2
+2 8 0 0 0 0 0 0 0 0 4 1
+6 4 0 4
+2 8 0 0 0 0 0 0 0 0 4 1
+1 24 6 3 0 1
cfi=(77)
cfn=(262)
calls=3 207 
* 16289 4637 1880 26 98 9 24 69 6 2372 289 38 16
+4 10 5 0 1 2 0 1 0 0 5 3
+1 2
-23 1
+23 1 0 1
cfi=(46)
cfn=(438) _dl_add_to_slotinfo
calls=1 1017 
* 28 10 7 3 0 0 3 0 0 2 1
-23 3 1 0 0 0 0 0 0 0 1 1
92 3 0 0 1 0 0 1
+1 1
2325 1 1
93 1 0 1
2325 1 0 0 0 0 0 0 0 0 1
+4 4 2 0 0 0 0 0 0 0 2
+2 1 0 1
+7 4 1 1 1 0 0 1
cfi=(46)
cfn=(442) _dl_allocate_tls_init
calls=1 523 
* 149 37 28 6 5 2 6 0 2 19 3 2 2
+3 2 1 0 0 0 0 0 0 0 1
+4 3 2 0 1 0 0 1 0 0 1
+2 2 1 0 0 0 0 0 0 0 1 1
+33 3 1 1
cfi=(148)
cfn=(466)
calls=1 27 
* 603 131 56 16 24 5 16 13 5 57 17 11 4
+7 1 0 1
cfi=(9)
cfn=(482) _dl_sysdep_start_cleanup
calls=1 147 
* 2 1 0 1 0 0 1
+3 3 0 1
cfi=(48)
cfn=(484)
calls=1 41 
* 11 3 0 2 0 0 2 0 0 2
+4 2 0 1
cfi=(45)
cfn=(196)
calls=1 38 
* 7 2 0 0 1 0 0 0 0 2 1
+1 1 0 1 0 0 1
-1 1
+2 1 0 1
cfi=(45)
cfn=(150)
calls=1 116 
* 2 1
+1 1
+4 1 0 1
cfi=(67)
cfn=(486) _dl_unload_cache
calls=1 525 
* 19 5 4 2 1 0 2 0 0 2 1
+5 8 7 0 0 1
2304 1 0 1 1 0 0 1
+1 1 1
-3 2 0 0 0 0 0 0 0 0 1 1
226 2 0 0 0 0 0 0 0 0 1
-2 1 1
+1 1
1773 1 1 0 1 1 0 1 1
+6 1 1 0 0 1 0 0 1
-6 2 1 1 1 0 1 1 0 1
+6 1 0 0 0 0 0 0 0 0 1 1
fi=(3)
56 5 0 0 1 0 0 1 0 0 1
+3 4 0 0 0 0 0 0 0 0 1 1
fi=(34) ./elf/../sysdeps/unix/sysv/linux/dl-vdso.h
-19 2 1 0 1 0 0 1
+1 5 0 2 0 0 0 0 0 0 1
fi=(35)
-11 1 0 1
+3 1 0 1 1 0 0 1
+3 1 0 1
+3 1 0 1
fi=(34)
+16 2
fi=(3)
+17 3 2 0 1 0 0 1 0 0 1
+12 3 1 0 0 0 0 0 0 0 1 1
+1 5 2 1 1 0 0 1 0 0 1
+1 5 2 1 0 0 0 0 0 0 1
+1 5 2 1 0 0 0 0 0 0 1
+1 4 2 0 0 0 0 0 0 0 1 1
+1 5 2 1 1 0 0 1 0 0 1
+1 5 2 1 0 0 0 0 0 0 1
+1 5 2 1 1 0 0 1 0 0 1
+12 2 2
+7 1 1
-7 7 1 1 0 0 0 0 0 0 2 1
+7 2 0 0 0 0 0 0 0 0 1 1
fe=(2)
1743 4 2 1 1 0 0 1
2357 1 0 1 1 0 0 1
cfi=(142)
cfn=(444)
calls=1 561 
* 581 146 51 16 42 3 16 9 2 142 40 1 1
+5 3 1 1
cfi=(7)
cfn=(452)
calls=1 76 
* 2479 699 314 10 6 0 10 5 0 316 48 5 3
+3 1 0 1
cfi=(146)
cfn=(460)
calls=1 30 
* 503 115 36 10 7 0 10 7 0 56 13 4 4
85 1
2371 1 0 1
+1 3 2 0 1 0 0 1
85 3
2372 2 0 1
cfi=(77)
cfn=(262)
calls=1 207 
* 1613 485 195 1 9 2 1 0 0 239 33 3 2
92 3
+9 3 0 1
2687 2 1 0 1 0 0 1 0 0 1
+2 1
+1 1
-1 1 0 1
+1 1 0 1
+1 1
2040 2 0 1 1 0 0 1
cfn=(246) init_tls
calls=1 734 
* 831 107 389 21 4 39 21 4 39 349 30 5 3
* 2 0 1
2650 2 1 0 1 0 0 1 0 0 1
+2 2 0 1
+1 1
fi=(3)
62 4 0 0 1 0 0 1 0 0 1
+2 4
fe=(2)
1943 10 0 0 1 0 0 1 0 0 1 1
85 1 0 0 1 0 0 1
1842 2 2 0 1 0 0 1
85 3
1842 2 0 1
cfn=(154) handle_preload_list
calls=1 869 
* 3098 729 370 122 37 43 120 37 43 483 163 9 3
* 1
92 3
+9 3 0 1
1943 6 0 1 1 0 0 1 0 0 1
+1 1
-1 1
+4 3 0 1
+1 1 1 0 1 0 0 1
+1 2 0 0 0 0 0 0 0 0 1
+1 2 0 0 0 0 0 0 0 0 1
-7 2

fn=(164)
641 2 0 1 1 0 0 1
+2 1
-2 4 0 1
+2 1 1
+1 2 2
-1 2
+1 3 0 1
cfi=(30)
cfn=(166)
calls=1 1967 
* 2643 559 293 101 34 34 99 34 34 446 146 8 2
* 1 0 1
+2 3 3

fn=(238)
674 2 0 1 1 0 0 1
+2 1
-2 4 0 1 1 0 0 1
+2 3 2 1
cfi=(73)
cfn=(240)
calls=1 392 
* 4365 1335 367 37 36 24 37 36 24 789 151 12 5
* 2 0 0 0 0 0 0 0 0 1 1
+4 3 3

fn=(154)
869 11 0 7 2 0 1 2 0 1
+5 1 1
-5 2 0 2 0 0 1 0 0 1
+5 2 0 0 0 0 0 0 0 0 1
-4 3
+7 3 0 1 1 0 0 1
cfi=(49) ./string/../string/strcspn.c
cfn=(156) strcspn
calls=1 32 
* 254 120 21 5 2 4 5 2 4 23 13
* 1
+1 3 0 0 0 0 0 0 0 0 1 1
+9 1
183 1 1
889 2 1
183 2 0 0 0 0 0 0 0 0 1
891 2 1 0 1 0 0 1 0 0 1
-80 1 1
+5 1
-6 1
-4 1 0 1 0 0 1 0 0 1
+10 2
-6 1 0 1
+4 1 1
+2 2 0 0 1 0 0 1
-5 1 0 1
+1 1 0 1
+4 1 0 1
cfi=(50)
cfn=(158)
calls=1 254 
* 2754 588 328 110 35 36 108 35 36 450 147 9 3
+1 3 1 0 0 0 0 0 0 0 1
+8 3 1
+67 1
-18 2 1 0 0 0 0 0 0 0 1
+21 9 7
-15 4 0 1 1 0 0 1
cfi=(29)
cfn=(82)
calls=1 210 
* 19 5 4 1 0 0 1 0 0 4 2
+1 2 0 1

fn=(246)
734 1 0 1 1 0 0 1
+6 1 1
-6 3 0 2
+2 2 1 1
+4 2 0 0 0 0 0 0 0 0 1
+11 1
fi=(28)
44 1
fe=(2)
746 1
+4 1
fi=(28)
44 1 1 1 0 0 0 0 0 0 0 0 1 1
cfi=(27)
cfn=(74)
calls=1 +36 
* 41 8 7 0 0 0 0 0 0 4 1 1
fe=(2)
761 1 1 0 1 1 0 1 1
-12 1 0 1
+6 1
-9 1 0 1
+11 1 0 1
+4 1 0 0 0 0 0 0 0 0 1
+2 3 1 0 0 0 0 0 0 0 1
-1 2
+3 8 4 0 1 0 0 1 0 0 4 3
+4 1
+2 1
-2 2 0 1
-5 1 1
-1 2 0 0 0 0 0 0 0 0 1 1
+10 3 1 0 0 0 0 0 0 0 1
+3 2 0 1
cfi=(46)
cfn=(248) _dl_tls_static_surplus_init
calls=1 97 
* 86 15 10 2 2 0 2 2 0 7 2
+3 1 0 1
cfi=(46)
cfn=(250) _dl_determine_tlsoffset
calls=1 216 
* 79 18 12 6 0 0 6 0 0 7 3
+7 1 0 1
cfi=(46)
cfn=(252) _dl_allocate_tls_storage
calls=1 417 
* 469 33 326 4 0 39 4 0 39 312 14 3 2
* 1 0 0 1 0 0 1
+1 2 0 0 0 0 0 0 0 0 1
+6 1 1
fi=(74) ./elf/../sysdeps/generic/dl-call_tls_init_tp.h
31 2
fe=(2)
793 1 0 1
fi=(74)
31 6 0 2 0 0 0 0 0 0 1
+2 1 0 1
cfi=(24)
cfn=(256) __tls_init_tp
calls=1 +35 
* 79 14 17 4 1 0 4 1 0 5 4
fe=(2)
800 1
-3 1 0 1
+3 4 4
-36 3 3 0 1 0 0 1
-1 7 0 0 0 0 0 0 0 0 3 2

fl=(62)
fn=(194)
25 3 0 0 1 0 0 1
+1 12 0 0 0 0 0 0 0 0 3
+1 3 3

fl=(236)
fn=(864)
24 32 0 16 1 0 0 1
+4 8 4 0 0 0 0 0 0 0 4
+6 4 4 0 0 4
-2 4 0 4 1 0 0 1
+3 8 0 0 0 0 0 0 0 0 4 2
+3 2 2 0 0 2
+1 2 2 0 0 1
-1 2 2
+1 4 2
+3 8 0 0 0 0 0 0 0 0 2
+1 2 2 2 0 2 0 0 0 0 0 0 2 2
cob=(4)
cfi=(157)
cfn=(892)
calls=1 -43 
* 98 26 17 5 2 0 1 0 0 17 5 1 1
cob=(5)
cfi=(162)
cfn=(866)
calls=1 -43 
* 98 26 17 11 3 1 8 1 1 17 6 1 1
-1 8 0 0 0 0 0 0 0 0 2
+5 4 4 0 1 4 0 1
+1 8 0 0 0 0 0 0 0 0 4 2
+1 4 4 0 0 1
+1 10 8
-1 2 0 0 0 0 0 0 0 0 0 0 2 2
cob=(3)
cfi=(154)
cfn=(908) 0x000000000483d294
calls=1 -49 
* 4 1 0 1 0 0 1
cob=(3)
cfi=(154)
cfn=(888) 0x000000000010a648
calls=1 -49 
* 4 1 0 1 0 0 1
+1 12 10

fl=(54)
fn=(174)
25 2 0 0 1 0 0 1
+1 8 0 0 0 0 0 0 0 0 2
+1 2 2

fl=(48)
fn=(152)
29 2 0 1
+2 1 1
-2 5 0 4 1 0 0 1
+1 1 1
+1 2 0 0 0 0 0 0 0 0 1 1
+6 6 6 0 1 0 0 1

fn=(484)
41 3 0 0 2 0 0 1
+4 12 3
+1 3 3 0 0 1
+1 15 3 0 2 0 0 1 0 0 6

fn=(544) _dl_audit_preinit
118 1 0 0 1 0 0 1
+1 4 2 0 0 0 0 0 0 0 1

fn=(890)
97 4 0 0 1 0 0 1
+1 16 8 0 0 0 0 0 0 0 4

fn=(198)
77 2 0 0 1 0 0 1
+1 8 4 0 0 0 0 0 0 0 2

fl=(76)
fn=(260)
361 8 0 4 1 0 0 1
-76 1 1
-10 2 0 0 0 0 0 0 0 0 1
+2 2 1
-1 1 0 1
+6 1 1
+3 1 0 1
+8 1 0 0 1 0 0 1
-11 1
+1 1
-1 1
+1 1
-1 1 0 1
+1 1 0 1
+10 4 1 0 0 0 0 0 0 0 2
+3 1 0 1
+4 2 0 0 0 0 0 0 0 0 1
+2 2
-1 1 0 1
+2 2 0 0 1 0 0 1 0 0 1
+2 2
-1 2 0 1
+4 1 0 1
+2 1 0 1
+3 2 0 0 0 0 0 0 0 0 1
145 2 1 0 0 0 0 0 0 0 1
+12 2 1 0 0 0 0 0 0 0 1 1
+16 1 0 0 1 0 0 1
+6 1 0 1
363 6 5

fn=(494)
331 1 0 0 1 0 0 1
+3 2 0 0 0 0 0 0 0 0 1
+16 1 1

fl=(15) ./elf/../sysdeps/x86/dl-get-cpu-features.c
fn=(34) _dl_x86_init_cpu_features
37 1 0 0 1 0 0 1
+2 3 1 0 0 0 0 0 0 0 1 1
+2 1
cfi=(16)
cfn=(36)
calls=1 682 
* 7344 808 485 103 19 8 103 19 8 1709 238 1 1

fn=(464) __x86_cpu_features
71 1 0 0 1 0 0 1
-32 3 1 0 0 0 0 0 0 0 1
+32 2 1

fl=(11)
fn=(22) __GI___tunables_init
261 8 0 5 2 0 0 2
+22 1
-22 1 0 1
128 1
283 1
-22 1
+6 4 1 0 0 0 0 0 0 0 1
42 355 71 0 1 0 0 1 0 0 142 1
+6 70 70 0 0 20 0 0 20
-3 70
+3 7791 1053 0 0 17 0 0 17 0 2246 84
+4 140 0 0 0 0 0 0 0 0 70
+4 140 0 0 1 0 0 1
fi=(12) ./elf/./elf/dl-tunables.h
160 70
fe=(11)
56 140
fi=(12)
161 44 0 0 0 0 0 0 0 0 22
-1 202 114 0 0 1 0 0 1 0 22
+1 254 0 0 0 0 0 0 0 0 92 23
-1 140
fe=(11)
281 11480 0 0 0 0 0 0 0 0 2870 70
+6 20790 5740 0 1 41 0 1 41 0 5740 775
fi=(12)
160 700 700
+1 1400 0 0 0 0 0 0 0 0 700 40
-1 53 53
+1 212 0 0 0 0 0 0 0 0 106 13
-1 265 53 0 1 0 0 1 0 0 53 6
fe=(11)
304 8 7 0 1 0 0 1

fn=(28)
387 37 0 0 1 0 0 1
+3 74
-3 37
+3 296 37 0 0 36 0 0 31 0 37 3
+9 34 34 0 0 12
-9 68 0 0 1 0 0 1 0 0 34 15
+19 22 0 22
+7 222 37 0 0 4 0 0 0 0 37 32
+2 37 37
-19 15 0 15
+1 15
+9 6 0 0 1 0 0 1

fn=(58)
153 15 0 0 1 0 0 1
-81 40 5 0 1 0 0 1 0 0 5
+81 15 0 10
-81 10 0 0 0 0 0 0 0 0 5
+10 5 5
fi=(250) ./elf/./dl-tunable-types.h
+2 5
fe=(11)
+9 40 10 0 1 0 0 1 0 0 5
+1 25 10 0 0 0 0 0 0 0 5
fi=(12)
+47 10 0 0 0 0 0 0 0 0 5 3
fe=(11)
-26 25 0 5 1 0 0 1
+1 5 0 5
+1 5 0 5
+1 5 0 5
+39 15 15
fi=(12)
-15 10 0 0 1 0 0 1
fe=(11)
-45 10 0 0 0 0 0 0 0 0 5 2
+3 5
fi=(12)
+51 5
fe=(11)
-51 5
+4 10 0 0 0 0 0 0 0 0 5 2
+7 10 0 0 0 0 0 0 0 0 5
+1 10 0 0 0 0 0 0 0 0 5 2
-12 25

fl=(77)
fn=(262)
207 55 0 40 1 0 0 1
+1 10 5 0 0 0 0 0 0 0 5 1
+12 4
+4 16 0 4 1 0 0 1
-4 4
+6 12 0 0 0 0 0 0 0 0 4
+3 4 4
-1 4 4
+1 8 0 0 0 0 0 0 0 0 4 4
+22 20 8 0 2 0 0 2 0 0 4 4
+4 4 0 0 0 0 0 0 0 0 2
+7 6 2 0 0 1 0 0 0 0 2
fi=(6)
81 8 2 0 0 0 0 0 0 0 2 2
fi=(4)
-2 4 4 0 1 0 0 1
fe=(77)
301 8 4
fi=(4)
79 8
fe=(77)
301 9833 38 1067 3 7 195 3 5 195 3459 400
fi=(4)
79 1 1
fe=(77)
301 1 1
fi=(4)
79 2
fe=(77)
301 154 34 24 3 10 0 3 0 0 22 8
-80 8
fi=(6)
393 8 0 8 1 0 0 1
fe=(77)
190 4
+31 4 0 4
-31 4 0 4
fi=(6)
393 12 0 4
fi=(5)
49 4 4
fe=(77)
301 4 4
fi=(5)
50 4 4
+30 4 4
-31 8 0 0 1 0 0 1
+4 4 4
-3 4
+3 4
-3 4 0 4
+3 12 4
+27 8 0 0 0 0 0 0 0 0 4 4
-31 4 4
fe=(77)
301 4 4
fi=(5)
50 4 4
+30 4 4
-31 8
+4 4 4
-3 4
+3 4
-3 4 0 4
+3 12 4
+27 8 0 0 0 0 0 0 0 0 4 4
fe=(77)
301 24 8 0 1 0 0 1 0 0 8 4
fi=(5)
51 4 4
fi=(4)
+28 20 12
fi=(6)
730 8 0 0 0 0 0 0 0 0 4 1
+4 6 3 0 1 0 0 1 0 0 3
fe=(77)
304 20 8 0 0 0 0 0 0 0 8
+24 4 0 4
+3 8 0 0 0 0 0 0 0 0 4
+17 12 4 0 0 4 0 0 0 0 4 2
+2 40 35 0 0 1
-98 8 4 0 1 2 0 1 0 0 4 2
+3 4 0 0 0 0 0 0 0 0 2
+7 2 2
-9 2
+9 4 0 0 1 0 0 1 0 0 2
fi=(6)
81 4
fi=(5)
+33 24 0 0 1 0 0 1 0 0 8 2
+9 14 0 0 0 0 0 0 0 0 6 4
+1 2 2 0 0 2 0 0 1
fi=(6)
498 2 2
fi=(5)
124 2
fi=(6)
498 4 0 0 0 0 0 0 0 0 2
fi=(5)
124 4 4 0 0 1 0 0 1
fi=(6)
498 4 4 0 0 1 0 0 1
fi=(5)
124 4
fi=(6)
498 8 0 0 0 0 0 0 0 0 4
+5 12 0 0 0 0 0 0 0 0 6
+1 6 6
fi=(5)
123 6
fi=(6)
504 6
-5 6 0 6 0 0 4 0 0 1
fi=(5)
123 12 0 0 0 0 0 0 0 0 6 4
+3 24 8 0 1 3 0 1 0 0 8 1
+3 24 12 6 0 2 0 0 0 0 6
+2 21 9 0 1 0 0 1 0 0 6 3
fe=(77)
+59 6
fi=(5)
73 3 0 3
fe=(77)
190 3 0 3
fi=(5)
72 3
fe=(77)
190 27 0 15 1 0 0 1 0 0 3
fi=(5)
-57 6 6 0 0 1
+1 3 3
+1 3 3
-2 3
+2 3 3
+3 3 0 0 1 0 0 1
-5 3
+2 3 0 3
-2 3 3 0 0 1 0 0 1
+1 6
+2 3
-2 3 0 3
+2 9 3
+2 6 0 0 0 0 0 0 0 0 3
-5 332 332 0 0 59 0 0 58
+1 166 166
+1 166 166
-2 166
+2 166 166
+3 166
-5 166
+2 166 0 166
-2 166 166 0 0 40 0 0 40
+1 332
+2 166
-2 166 0 166
+2 498 166
+2 332 0 0 0 0 0 0 0 0 166 6
+9 122 0 122
fi=(6)
267 244 0 0 1 0 0 1 0 0 122
+7 244 0 0 0 0 0 0 0 0 122
+4 244 0 0 0 0 0 0 0 0 122
fe=(77)
170 488 122 0 0 71 0 0 71 0 122 4
fi=(4)
-30 321 107
fe=(77)
+31 214 0 0 1 0 0 1 0 0 107
+3 214 107 0 0 1 0 0 0 0 107 12
+8 200 0 0 0 0 0 0 0 0 100
-8 891 0 0 0 0 0 0 0 0 199 2
+12 196 196 0 1 0 0 1
-3 98 0 98
+1 98 0 98
+2 396 200 0 0 0 0 0 0 0 98 60
-3 2 0 2
+1 2 0 2
+2 108 4 0 0 0 0 0 0 0 2 2
+1 100
-1 100
+2 200 0 0 0 0 0 0 0 0 100
-1 400 100 100 1 1 0 1
+3 600 200 300
cfi=(78)
cfn=(270)
calls=100 772 
* 54993 16133 6432 58 317 8 56 305 8 7729 614 27 25
+3 100 100
+1 200 100
-4 100
+4 500 200 100 1 0 0 1
fi=(6)
+93 425 104 0 0 0 0 0 0 0 107 2
+3 104 104
-3 327 119 0 0 0 0 0 0 0 104 1
+3 119
-3 119 119
+5 240 0 0 0 0 0 0 0 0 120 6
+25 732 122 0 1 2 0 1 2 0 122 0 122 18
423 24 16 8 0 0 2 0 0 2
fi=(5)
150 24 8 0 1 0 0 1 0 0 8
fi=(6)
423 194 97 97 0 0 17 0 0 16
fi=(5)
150 326 98 0 0 0 0 0 0 0 114 8
-19 685 175 0 0 0 0 0 0 0 169 19
+33 12 6 0 1 0 0 1 0 0 3 1
+1 64 4 4 0 0 0 0 0 0 18
+1 189 63 0 1 0 0 1 0 0 63 7
+3 94 47
+4 47 47
-1 47 47
-3 47 47
+2 94 47
+2 47
-2 94 0 47
fe=(77)
-1 188 47 0 1 0 0 1 0 0 47 19
fi=(6)
287 47 47 0 1 0 0 1
+3 47
-3 47 47
+4 94 0 0 0 0 0 0 0 0 47 14
476 94 94 0 1 0 0 1
+2 47 0 47 0 0 0 0 0 0 0 0 47 47
cfi=(15)
cfn=(464)
calls=1 71 
* 6 2 0 1 0 0 1 0 0 1
cob=(2)
cfi=(139)
cfn=(432)
calls=1 31 
* 21 4 0 2 0 0 2 0 0 5 1
cob=(2)
cfi=(138)
cfn=(428)
calls=1 33 
* 22 4 0 3 0 0 3 0 0 6 2
cob=(2)
cfi=(137)
cfn=(424)
calls=1 31 
* 18 4 0 2 0 0 2 0 0 3 1
cob=(2)
cfi=(136)
cfn=(422)
calls=1 29 
* 7 3 0 2 0 0 2
cob=(2)
cfi=(134)
cfn=(418)
calls=1 29 
* 23 4 0 2 0 0 2 0 0 4 1
cob=(2)
cfi=(133)
cfn=(414)
calls=1 29 
* 22 4 0 4 0 0 4 0 0 6 2
cob=(2)
cfi=(132)
cfn=(410)
calls=1 33 
* 17 4 0 1 0 0 1 0 0 5 1
cob=(2)
cfi=(131)
cfn=(406)
calls=1 29 
* 22 4 0 1 0 0 1 0 0 6 2
cob=(2)
cfi=(129)
cfn=(402)
calls=1 29 
* 24 5 0 2 0 0 2 0 0 6
cob=(2)
cfi=(128)
cfn=(398)
calls=1 29 
* 19 4 0 2 0 0 2 0 0 4 2
cob=(2)
cfi=(127)
cfn=(394)
calls=1 29 
* 25 5 0 2 0 0 2 0 0 5 1
cob=(2)
cfi=(100)
cfn=(390)
calls=1 31 
* 18 4 0 1 0 0 1 0 0 3 1
cob=(2)
cfi=(126)
cfn=(386)
calls=1 31 
* 21 4 0 2 0 0 2 0 0 5 1
cob=(2)
cfi=(125)
cfn=(382)
calls=1 29 
* 17 4 0 2 0 0 2 0 0 5 1
cob=(2)
cfi=(123)
cfn=(378)
calls=2 31 
* 20 8 0 2 0 0 2 0 0 4 2
cob=(2)
cfi=(121)
cfn=(374)
calls=1 29 
* 24 5 0 3 0 0 3 0 0 6
cob=(2)
cfi=(120)
cfn=(370)
calls=1 31 
* 25 5 0 2 0 0 2 0 0 5
cob=(2)
cfi=(119)
cfn=(366)
calls=1 31 
* 21 4 0 3 0 0 3 0 0 5 1
cob=(2)
cfi=(117)
cfn=(362)
calls=1 29 
* 17 4 0 2 0 0 2 0 0 5 1
cob=(2)
cfi=(116)
cfn=(360)
calls=1 60 
* 16 4 0 3 0 0 3 0 0 4 1
cob=(2)
cfi=(115)
cfn=(358)
calls=1 29 
* 7 3 0 1 0 0 1
cob=(2)
cfi=(113)
cfn=(354)
calls=1 31 
* 21 4 0 3 0 0 3 0 0 5 1
cob=(2)
cfi=(112)
cfn=(352)
calls=1 67 
* 21 4 0 3 0 0 3 0 0 5 1
cob=(2)
cfi=(110)
cfn=(348)
calls=2 31 
* 46 8 0 3 0 0 3 0 0 8 2
cob=(2)
cfi=(108)
cfn=(344)
calls=1 31 
* 19 4 0 2 0 0 2 0 0 4
cob=(2)
cfi=(107)
cfn=(340)
calls=1 30 
* 25 5 0 2 0 0 2 0 0 5 1
cob=(2)
cfi=(106)
cfn=(336)
calls=1 28 
* 25 5 0 1 0 0 1 0 0 5 1
cob=(2)
cfi=(104)
cfn=(332)
calls=1 29 
* 24 4 0 1 0 0 1 0 0 6
cob=(2)
cfi=(103)
cfn=(330)
calls=1 65 
* 19 4 0 2 0 0 2 0 0 5 1
cob=(2)
cfi=(100)
cfn=(324)
calls=2 31 
* 50 10 0 3 0 0 3 0 0 10 2
cob=(2)
cfi=(98)
cfn=(320)
calls=1 29 
* 22 4 0 4 0 0 4 0 0 6 2
cob=(2)
cfi=(96)
cfn=(316)
calls=1 31 
* 18 4 0 1 0 0 1 0 0 3 1
cob=(2)
cfi=(95)
cfn=(312)
calls=1 29 
* 25 5 0 2 0 0 2 0 0 5 2
cob=(2)
cfi=(94)
cfn=(308)
calls=1 29 
* 22 4 0 5 0 0 5 0 0 6 1
cob=(2)
cfi=(92)
cfn=(304)
calls=1 29 
* 22 4 0 5 0 0 5 0 0 6 2
cob=(2)
cfi=(91)
cfn=(300)
calls=1 29 
* 19 4 0 3 0 0 3 0 0 5 1
cob=(2)
cfi=(89)
cfn=(296)
calls=1 29 
* 24 4 0 2 0 0 2 0 0 6
cob=(2)
cfi=(87)
cfn=(292)
calls=1 30 
* 19 4 0 3 0 0 3 0 0 5 1
cob=(2)
cfi=(86)
cfn=(290)
calls=1 79 
* 19 4 0 3 0 0 3 0 0 5 1
cob=(2)
cfi=(85)
cfn=(288)
calls=1 29 
* 7 3 0 2 1 0 2
cob=(2)
cfi=(83)
cfn=(284)
calls=2 31 
* 50 10 0 2 0 0 2 0 0 10 2
cob=(2)
cfi=(81)
cfn=(280)
calls=1 86 
* 28 9 8 4 2 2 4 0 2 3 1
fi=(5)
165 47
fi=(6)
479 47 0 47 0 0 1
fi=(5)
165 100 2 0 0 0 0 0 0 0 47 19
-14 87 29 0 2 1 0 2 0 0 29 3
fi=(6)
460 3 1 0 1 0 0 1 0 0 1
+5 2 2 0 1 0 0 1
-1 3 1 1
+1 2
-1 1 0 1
cfi=(29)
cfn=(82)
calls=1 210 
* 11 3 2 0 0 0 0 0 0 2 2
+2 5 3 0 0 0 0 0 0 0 1
+1 2 0 0 1 0 0 1 0 0 1 1
-67 48 16 0 1 0 0 1 0 0 16
+2 64 16 0 0 0 0 0 0 0 16
+4 16 16
+9 16 16
-9 32 16 0 1 3 0 1 3
+9 16 0 16 0 0 5 0 0 5
fi=(5)
150 32 16
fi=(6)
320 29 0 29
+3 29
-36 75 15 0 1 0 0 1 0 0 15 2
fi=(5)
141 47 47
+1 47 0 47 1 0 0 1
-1 141 0 47
+2 47
fi=(6)
287 235 47 0 1 0 0 1 0 0 47 17
fe=(77)
175 63 7 0 2 0 0 2 0 0 28 2
+3 7 7
-1 7 0 7
+19 7 7 0 1 0 0 1
-18 14 0 7
fi=(6)
295 2 0 0 1 0 0 1 0 0 1
+1 3 1 0 0 0 0 0 0 0 1 1
+11 2 0 2 1 0 0 1
+7 1 0 1 0 0 0 0 0 0 0 0 1 1
cob=(2)
cfi=(141)
cfn=(440)
calls=1 38 
* 7 3 0 2 0 0 2 0 0 1 1
* 4 2 0 1 0 0 1
fe=(77)
+42 20 12 0 1 0 0 1
+3 4
-3 4
+3 4
+4 8 0 0 1 0 0 1 0 0 4
+1 16 0 4
cfi=(140) ./misc/../sysdeps/unix/syscall-template.S
cfn=(436) mprotect
calls=4 117 
* 24 4 0 2 0 0 2 0 0 4 1
* 8 0 0 0 0 0 0 0 0 4 3
-63 6 0 2 1 0 0 1
fi=(5)
180 7 3 0 1 0 0 1 0 0 2 1
fe=(77)
+10 2
fi=(5)
73 1 0 1 1 0 0 1
fe=(77)
190 3 0 2
fi=(6)
436 7 0 4 0 0 0 0 0 0 1
fi=(5)
182 2 2 0 1 0 0 1
+1 2 2
-1 1
+3 1
-3 4 0 1
+3 2 0 0 0 0 0 0 0 0 1
-3 10 10 0 0 2 0 0 2
+1 10 10
-1 5
+3 5
-3 20 0 5
+3 10 0 0 0 0 0 0 0 0 5
+8 6 0 6
fi=(6)
+74 12 0 0 1 0 0 1 0 0 6
+7 12 0 0 0 0 0 0 0 0 6
+4 12 0 0 0 0 0 0 0 0 6
fe=(77)
170 24 6 0 0 2 0 0 2 0 6
fi=(4)
-30 18 6
fe=(77)
+31 12 0 0 0 0 0 0 0 0 6
+3 12 6 0 1 1 0 1 0 0 6
+8 12 0 0 0 0 0 0 0 0 6
-8 54 0 0 0 0 0 0 0 0 12
+12 12 12 0 1 0 0 1
-3 6 0 6
+1 6 0 6
+2 36 12 6 0 0 0 0 0 0 6 2
+4 24 6 6
-4 6
+4 18 6 12 1 0 0 1
cfi=(78)
cfn=(270)
calls=6 772 
* 2969 844 323 6 16 0 6 15 0 429 65 1 1
+3 6 6
+1 12 6
-4 6
+4 30 12 6
fi=(6)
+93 20 2 0 0 0 0 0 0 0 6 2
+3 2 2 0 1 0 0 1
-3 6 2 0 0 0 0 0 0 0 2
+3 2
-3 2 2
+5 4 0 0 0 0 0 0 0 0 2 1
+25 36 6 0 0 1 0 0 1 0 6 0 6 1
423 6 0 6 1 0 2 1 0 2
fi=(5)
196 18 6 0 0 0 0 0 0 0 6
-16 24 6 0 0 0 0 0 0 0 6 4
+31 7 4 0 1 0 0 1 0 0 1 1
fe=(77)
-33 7 0 0 1 0 0 1
-3 21 0 0 0 0 0 0 0 0 7

fl=(24)
fn=(86)
42 8
+2 16 8

fn=(256)
68 2 0 1
fi=(251) ./elf/../include/list.h
-24 1
fe=(24)
+24 3 0 1
fi=(251)
-25 1 1
fe=(24)
+26 1 1
+3 1
fi=(251)
-29 1 0 1 1 0 0 1
+1 1 0 1
+1 1 0 1
+2 1 0 1
fe=(24)
+28 4 0 1
+1 2 0 1
+1 1 0 1 1 0 0 1
+5 2 1 1
+5 1
+6 1
-3 1 0 1
+3 1
-6 3 0 1
+6 1
+12 4 0 1 1 0 0 1
cfi=(11)
cfn=(28)
calls=1 387 
* 24 4 1 0 1 0 0 1 0 3 2
fi=(75) ./elf/../sysdeps/unix/sysv/linux/rseq-internal.h
-73 3 1 0 0 0 0 0 0 0 1 1
+8 1 0 1
fe=(24)
+81 3 2 1
+7 2 1 1
+1 3 3
fi=(75)
-95 7 0 0 1 0 0 1
+3 2 0 0 0 0 0 0 0 0 1 1
fe=(24)

fn=(68)
53 3 0 0 1 0 0 1
+3 8 0 2 1 0 1 1 0 1
+5 1
-5 1
+5 1 0 1
+1 1 0 1 1 0 0 1
-6 1 0 1
+8 1 1

fl=(8)
fn=(14)
25 4 0 0 1 0 0 1
+3 4 4
-3 4
+3 8 0 0 1 0 0 1 0 0 4
+3 12 8 0 0 0 0 0 0 0 4
+1 8 4 4 0 3 1 0 3 1
+2 4 4
-1 4 4
+3 12 0 0 0 0 0 0 0 0 4
+1 4 0 4
+1 8 4
+7 4
-5 4 0 4
-2 4 0 4 1 0 0 1
+3 8
+2 4 0 4
+2 8 0 4
+5 4 4

fl=(66)
fn=(212)
146 6
-55 6
+70 7 0 0 0 0 0 0 0 0 3 3
+1 1 1
-2 4 0 2 1 0 0 1
+1 4 2

fl=(46)
fn=(248)
97 2 0 1 1 0 0 1
+3 1
-3 3 0 2
+3 1
-3 1
+3 1
-3 1 0 1
+3 1
-3 1
+3 1 0 1
cfi=(11)
cfn=(28)
calls=1 387 
* 23 4 1 0 1 0 0 1 0 3 1
* 1 1
+1 4 0 1
cfi=(11)
cfn=(28)
calls=1 387 
* 23 4 1 0 1 0 0 1 0 3 1
+1 1
+2 1 0 0 1 0 0 1
-3 1 1
+1 2
+2 3 0 0 0 0 0 0 0 0 1
+3 1
+2 1 0 1
-26 3
+28 3 0 1
+1 6 5

fn=(250)
216 9 0 6 1 0 0 1
+6 4 1 1 0 0 0 0 0 0 1
+3 2 1 0 0 0 0 0 0 0 1
+36 3 1 0 1 0 0 1 0 0 1
+2 1 1
-2 1
-2 1
-40 1
-1 1
-1 1
+46 2 0 1
+23 3
+3 1
-3 5
+2 2 0 0 0 0 0 0 0 0 1 1
+6 1
-33 2 1
+20 1 0 1
-20 5 1 0 0 0 0 0 0 0 1 1
+2 2 1 0 1 0 0 1 0 0 1
+3 1 1
-1 1 1 0 1 0 0 1
+5 2 1
-5 1
+1 1
-1 1
+3 2
+2 3 0 0 0 0 0 0 0 0 1 1
+32 2 1 0 1 0 0 1
-1 1 0 1
+53 1 0 1
-52 5 0 0 1 0 0 1
+2 2 0 1
+51 8 7

fn=(438)
1017 8 0 4 1 0 0 1
+9 1 1
-9 1 0 1
+6 1 1
+4 1
+4 3 1 0 1 0 0 1 0 0 1
+34 2 0 0 0 0 0 0 0 0 1 1
+3 2 0 1
+1 3 1 1
+3 6 6 0 1 0 0 1

fn=(226)
125 1 0 0 1 0 0 1
+16 1 1
-13 1 1
-3 3 0 1
+3 1 0 0 0 0 0 0 0 0 1
+55 1 0 1 1 0 0 1
-2 1
+5 1 0 1
+1 2 2

fn=(252)
417 7 0 4 2 0 0 2
+2 1 1
+11 1 1
+1 1
fi=(28)
56 1 1 1 0 0 0 0 0 0 0 0 1 1
cfi=(27)
cfn=(78)
calls=1 -20 
* 85 15 13 0 0 0 0 0 0 10 3
fe=(46)
432 2 0 0 0 0 0 0 0 0 1
+8 3
fi=(28)
44 1
fe=(46)
440 2
+5 1
-5 1
+1 1 0 0 1 0 0 1
+4 304 0 297 0 0 37 0 0 37 296 10
+19 1 0 1 0 0 1 0 0 1
-99 1 1
+4 1 0 0 1 0 0 1
+1 1
fi=(28)
44 1 1 1 0 0 0 0 0 0 0 0 1 1
cfi=(27)
cfn=(74)
calls=1 +36 
* 41 8 7 0 0 0 0 0 0 4 1 1
fe=(46)
371 2 0 0 0 0 0 0 0 0 1
+3 1 0 1 0 0 1 0 0 1
+6 2 0 1
+90 7 5

fn=(442)
523 11 0 8 1 0 0 1
+1 2 0 0 0 0 0 0 0 0 1
+4 1 1 0 0 1
+6 1 0 0 1 0 0 1
-6 1 0 1
+6 1 1 1 0 1 0 0 0 0 0 0 1 1
cfi=(24)
cfn=(86)
calls=1 42 
* 3 1
+3 3 2 0 0 1 0 0 0 0 1
+12 1 1
-18 1
+42 3
-19 12 1 1 1 0 0 1 0 0 1
+9 3 1
+1 2 0 0 0 0 0 0 0 0 1
+6 3 2 0 1 0 0 1 0 0 1
+3 1 1
-2 1
+2 1 1 0 0 1
-2 1
+2 4 1
+4 1 1
-4 1 0 1
+4 1
-1 2 0 0 0 0 0 0 0 0 1
+4 2 0 0 1 0 0 1 0 0 1
+1 4 2 0 0 0 0 0 0 0 1
+2 2 0 0 0 0 0 0 0 0 1
+1 2 1
+17 1 1
-8 1 0 1
+8 1 0 0 0 0 0 0 0 0 1 1
+2 4 1 2
cfi=(29)
cfn=(126)
calls=1 197 
* 13 3 2 0 1 1 0 0 1 2
* 6 1 1
cfi=(43)
cfn=(130)
calls=1 132 
* 25 1 8 0 0 1 0 0 1 4 1
-49 1 1
+55 1 1
-55 4 0 0 0 0 0 0 0 0 1
+6 5 0 0 1 0 0 1 0 0 2 1
+55 2 1 1 0 0 0 0 0 0 0 0 1 1
cfi=(24)
cfn=(86)
calls=1 42 
* 3 1
+3 2 1 1
+3 9 8

fn=(146)
192 1 0 0 1 0 0 1
+2 2 1 0 0 0 0 0 0 0 1
+1 1 1
+15 2 1

fl=(58)
fn=(184)
33 2 0 0 1 0 0 1
+2 7 3 0 0 0 0 0 0 0 2 1
-2 4 0 2
+7 1
-7 2 0 1
+7 1
-7 2 0 1
+7 1
-7 1 0 0 1 0 0 1
+7 1 0 1 0 0 1 0 0 1
cfi=(11)
cfn=(28)
calls=1 387 
* 24 4 1 0 0 0 0 0 0 3 2
* 3 1 0 0 0 0 0 0 0 1 1
+7 1 0 1 1 0 0 1
+2 6 5

fl=(140)
fn=(488) munmap
117 5 0 0 0 0 0 0 0 0 1
+5 1 1

fn=(436)
117 20 0 0 2 0 0 2 0 0 4 1
+5 4 4

fl=(44)
fn=(138)
40 18 0 9 1 0 0 1
+1 3 0 3
cfi=(22)
cfn=(62)
calls=3 +16 
* 87 12 0 2 0 0 2 0 0 8 2
* 3
fi=(252) ./string/../include/rtld-malloc.h
+15 6 3 3 0 0 0 0 0 0 0 0 3 1
cfi=(27)
cfn=(78)
calls=3 -20 
* 90 21 21 0 0 0 0 0 0 9
fe=(44)
-12 6 0 0 1 0 0 1 0 0 3
+3 9
+1 9 9
-1 3
cfi=(29)
cfn=(82)
calls=3 210 
* 41 11 8 0 0 2 0 0 2 8 4

fl=(55)
fn=(178)
30 3 0 0 1 0 0 1
+9 12 0 0 1 0 0 1 0 0 3
+33 3 3

fl=(67)
fn=(222) _dl_cache_libcmp
357 10 0 0 1 0 0 1
+1 10 10
+32 10 10 0 0 8 0 0 8
-33 10
+1 26 0 0 1 0 0 1 0 0 13 2
+2 58
+2 58
-2 116 0 0 0 0 0 0 0 0 58 4
+20 110 0 0 0 0 0 0 0 0 55
+2 110 0 0 0 0 0 0 0 0 55 7
-12 48 48
+2 48 48
+14 48
+1 48
-29 96 0 0 0 0 0 0 0 0 48 7
+32 9 3
-28 6 0 0 1 0 0 1 0 0 3
+6 3
+2 3 3
-2 3
+1 3
-1 3
+1 3
-1 3
+2 9 0 0 0 0 0 0 0 0 3 2
+2 3 3
-3 3
+3 9 0 0 0 0 0 0 0 0 3 2
+2 6 0 0 0 0 0 0 0 0 3 2
+9 21 7 0 1 0 0 1

fn=(214)
403 10 0 7 1 0 0 1
+2 2 1 0 0 0 0 0 0 0 1
+3 3 1 0 1 0 0 1 0 0 1 1
+74 1 1
205 1 1
482 2 0 0 0 0 0 0 0 0 1
+3 3 1 1
fi=(69) ./elf/../sysdeps/x86/dl-procinfo.h
39 2 0 0 1 0 0 1 0 0 1
+3 3 0 1
cfi=(32)
cfn=(94)
calls=1 +56 
* 25 7 0 0 1 0 0 1 0 3
* 4 0 1 0 0 1 0 0 1 1 1
fe=(67)
208 6 0 2 1 0 0 1
cfi=(11)
cfn=(28)
calls=1 387 
* 23 4 1 0 1 0 0 1 0 3 1
* 1 1
+12 1
-10 1 1
-2 1 0 1 1 0 0 1
+12 2 0 0 0 0 0 0 0 0 1
-7 5 0 1
+9 5
+1 1
-32 2
+36 1 1 0 1 0 0 1
-4 1 1 0 0 1 0 0 1
+4 2 0 0 0 0 0 0 0 0 1
-5 30
+1 6
-32 12
+36 6 6
-4 6 6 0 0 6 0 0 6
+4 12 0 0 0 0 0 0 0 0 6
+4 21 7 7
cfn=(222)
calls=7 357 
* 528 79 0 4 7 0 4 7 0 143 18
+1 14 0 0 0 0 0 0 0 0 7 1
346 6 0 0 0 0 0 0 0 0 6 3
+3 1
220 2 0 0 0 0 0 0 0 0 1 1
347 5 0 0 1 0 0 1
220 12 1 0 0 0 0 0 0 0 5 2
+2 10 2 3 1 0 0 1
+20 6 3 0 0 1 0 0 1
+3 6 0 0 0 0 0 0 0 0 3
+2 12 0 3
cfn=(222)
calls=3 357 
* 365 53 0 0 1 0 0 1 0 98 8
* 6 0 0 0 0 0 0 0 0 3 1
+2 2
-9 6 0 0 0 0 0 0 0 0 3 3
-30 3 2
+1 1 0 0 1 0 0 1
fi=(253) ./elf/../sysdeps/x86/dl-isa-level.h
28 2 1 1
fe=(67)
210 2 0 1
fi=(253)
28 1 1
fe=(67)
210 1 0 1
+1 1
-1 3 0 1
+76 3 0 0 1 0 0 1
fi=(253)
28 3 0 1
fe=(67)
342 4 0 1 0 0 0 0 0 0 1
-83 4 2 0 0 0 0 0 0 0 2 2
+10 6 4 0 1 0 0 1 0 0 2 1
+1 4 1 0 0 0 0 0 0 0 1
+16 1
fi=(68) ./elf/../sysdeps/generic/dl-cache.h
125 1 1 0 1 0 0 1
fe=(67)
286 3 0 0 0 0 0 0 0 0 1
+9 2 1 0 0 0 0 0 0 0 1
+3 2 1 0 0 0 0 0 0 0 1
+3 1
+1 3 1 0 1 0 0 1 0 0 1 1
+28 2 0 1
500 2 1 0 0 0 0 0 0 0 1
+12 2 1 1
cfi=(22)
cfn=(62)
calls=1 57 
* 35 5 0 0 1 0 0 1 0 3 1
+1 1
-1 1
+1 12 0 1 1 0 0 1 0 0 2 1
+1 1
-1 1
+1 1 1 0 1 0 0 1
-1 1
+1 1 0 1
cfi=(29)
cfn=(82)
calls=1 210 
* 11 3 2 0 0 0 0 0 0 2
* 1
+1 1 0 1
cfi=(44)
cfn=(138)
calls=1 40 
* 95 19 14 0 0 0 0 0 0 9 1 1
+1 8 7
411 4 0 1 1 0 0 1
cfi=(52)
cfn=(216) _dl_sysdep_read_whole_file
calls=1 36 
* 103 15 15 3 0 0 3 0 0 12 4
* 1
+8 5 1 0 1 0 0 1 0 0 2
+1 8 3 0 1 1 0 1 1 0 2 1
+3 3
+1 1 1
-1 3 0 0 1 0 0 1 0 0 1
fi=(68)
194 1 1
+1 5 0 0 0 0 0 0 0 0 2 1
fe=(67)
431 1 0 1 1 0 0 1
+1 2 0 1

fn=(486)
525 1 0 0 1 0 0 1
+1 4 1 0 0 1 0 0 0 0 1 1
-1 1 0 1
+3 1 1
-3 1
+3 1 0 1
cfi=(140)
cfn=(488)
calls=1 117 
* 6 1 0 0 0 0 0 0 0 1
+7 1 1 0 1 0 0 1
-6 1 0 1
+4 1 0 1
+2 1 1

fl=(49)
fn=(156)
32 6 0 2 1 0 0 1
+1 3 1 0 0 1 0 0 1 0 1
+1 2 1 0 0 0 0 0 0 0 1
+5 6 0 4 0 0 2 0 0 2
+1 4 0 4 1 0 1 1 0 1
+1 4 0 4 0 0 1 0 0 1
+1 4 0 4
+2 1
+3 3 1 1 1 0 0 1
+1 2 0 0 0 0 0 0 0 0 1 1
-1 6 2 2
+1 4 0 0 0 0 0 0 0 0 2 1
+3 4 2 0 0 0 0 0 0 0 1
+1 4 2 0 0 0 0 0 0 0 1
+1 4 2 0 1 0 0 1 0 0 1
+1 4 2 0 0 0 0 0 0 0 1
+2 3
+6 1 1
-1 1
+1 1 1
+2 2 2
-1 2 2 0 1 0 0 1
+2 1 1
+2 6 1 0 0 0 0 0 0 0 1 1
-5 12 12 0 0 1 0 0 1
-1 12
+1 12 12
+2 24 24
-1 24 24
+2 12 12
+2 72 12 0 0 0 0 0 0 0 12 9
+2 1
+1 3 0 0 0 0 0 0 0 0 1 1
+1 2 2
-1 1
+1 1 1

fl=(22)
fn=(62)
57 15 0 0 1 0 0 1
+44 15
+1 15
+1 15
+1 15
+1 15
+1 15
+1 15
+2 15
+2 15 0 0 0 0 0 0 0 0 15
+31 15 15 0 0 2 0 0 2
+1 15
+1 15
+1 15
+1 15 0 0 0 0 0 0 0 0 15 5
+1 9
+2 9 9
+4 6 0 0 1 0 0 1
+1 6 6
+1 6 6
+1 6 6
+1 6
+1 6
+1 6
+1 6
+1 6
+1 6
+1 6
+1 6
+5 48 6 0 1 0 0 1 0 0 6

fl=(45)
fn=(150)
116 2 0 0 1 0 0 1
+1 2 2

fn=(144)
56 3 0 0 1 0 0 1
+3 2 0 0 0 0 0 0 0 0 1
+4 1 1 0 0 1 0 0 1
+22 1 1
+10 1 1
-32 2 0 0 0 0 0 0 0 0 1
+1 1 0 1
+21 2 0 0 0 0 0 0 0 0 1 1
+5 2 1 0 1 1 0 1 1
+1 1
+4 1 1
-4 1 0 1
-1 1 0 1
+2 1 0 1
+3 1 0 0 0 0 0 0 0 0 1 1
+4 2 0 0 0 0 0 0 0 0 1 1
+8 2 1
-50 1 0 0 1 0 0 1
+4 2
+35 6 1 1 1 0 0 1

fn=(196)
38 3
+3 3
-1 6 0 0 0 0 0 0 0 0 3 3
+4 6 3 0 1 1 0 1 0 0 3
+4 3 3

fl=(9)
fn=(482)
147 1 0 0 1 0 0 1
+1 1 1

fn=(18) _dl_sysdep_parse_arguments
78 1 0 1 1 0 0 1
+2 1
-2 6 0 3
+1 1 1 0 0 1 0 0 1
+1 1 0 1
-1 1 0 1 0 0 1 0 0 1
+2 2
+2 1 1 0 1 0 0 1
-2 1 0 1 0 0 1 0 0 1
+2 2 0 0 0 0 0 0 0 0 1
-1 1
+1 2 1 0 0 0 0 0 0 0 1 1
-1 69
+1 138 69 0 0 9 0 0 9 0 69 9
+7 56 0 52 0 0 7 0 0 7 52 10
fi=(10) ./elf/../sysdeps/unix/sysv/linux/dl-parse_auxv.h
-49 1 1
fe=(9)
+45 1
fi=(10)
-54 1
fe=(9)
+54 1 0 1 1 0 1 1 0 1
fi=(10)
-54 1 0 1
+1 1 0 1
+1 1 0 1
+7 3 0 0 0 0 0 0 0 0 1
+1 44 0 0 0 0 0 0 0 0 22
+1 22 22 0 0 5 0 0 5
-2 22 0 0 1 0 0 1
+2 22 0 22
-2 67 23 0 0 0 0 0 0 0 22 6
fe=(9)
+52 3 3
+1 1 1
+1 2 2 0 1 0 0 1
fi=(10)
-49 1 1
+1 1 1
fe=(9)
+46 1
fi=(10)
-45 1 1
+3 1 1
+1 1 1
+1 1 1
+1 1 1
+2 1 1
-5 1 0 1 1 0 0 1
-4 1 0 1
+1 1 0 1
+4 1 0 1 0 0 1 0 0 1
+1 1 0 1
+3 1 0 1
-7 1 0 1
-4 1 0 1
+1 1 0 1
+8 1 0 1 1 0 0 1
fe=(9)
+40 1 0 1
-1 1 0 1
+2 1 0 1
+1 6 5

fn=(16)
102 5 0 2 1 0 0 1
+4 1
-4 1
+1 1 0 1
+3 1 0 1 0 0 1 0 0 1
cfn=(18)
calls=1 -28 
* 504 137 98 7 15 11 7 15 11 168 26
+4 2 1 1
cfi=(11)
cfn=(22)
calls=1 261 
* 44341 7862 6 7 79 0 7 79 0 12064 1012
+3 1 0 1
cfi=(13)
cfn=(26)
calls=1 289 
* 38 7 4 4 1 0 4 1 0 3 2
+2 2 0 1
cfi=(14) ./elf/../sysdeps/unix/sysv/linux/brk.c
cfn=(30) brk
calls=1 -79 
* 8 1 1 1 0 1 1 0 1 1
fi=(6)
220 1 0 1
cfi=(15)
cfn=(34)
calls=1 37 
* 7349 809 485 104 19 8 104 19 8 1710 239 1 1
fe=(9)
-98 3 1 0 1 0 0 1 0 0 1
+1 1 0 1
cfi=(22)
cfn=(62)
calls=1 -66 
* 17 2 0 1 1 0 1 1 0 2
* 1 0 1
+2 2 0 1
cfi=(23)
cfn=(64)
calls=1 -88 
* 16 5 3 2 0 0 2 0 0 2 1
* 3 0 0 0 0 0 0 0 0 1
+12 3 1 0 0 0 0 0 0 0 1
+3 5 3 1 1 0 0 1 0 0 0 0 1 1
cfi=(2)
cfn=(66)
calls=1 1346 
* 110824 27874 12827 824 824 481 819 716 474 19035 2486 292 143
+3 4 4 0 1 1

fl=(52)
fn=(168)
68 98 0 42 1 0 1 1 0 1
+1 28 14 14 0 0 1 0 0 1
cfi=(32)
cfn=(94)
calls=14 +29 
* 450 93 0 8 1 0 8 1 0 52 21 5 5
* 28 0 0 0 0 0 0 0 0 14
+3 14 14
+2 28 0 0 0 0 0 0 0 0 14 9
+6 15 15
-6 30 0 0 0 0 0 0 0 0 15 10
+1 54 18 18 1 0 0 1
cfi=(32)
cfn=(94)
calls=18 +23 
* 602 125 0 1 0 0 1 0 0 70 24 5
* 36 0 0 0 0 0 0 0 0 18 9
+8 3 3
-13 3
+13 20 20
-1 11
+1 33 33

fn=(216)
36 2 0 1 1 0 0 1
+3 1
-3 7 0 3
+3 1
-3 2 0 1
+3 1 0 1
cfi=(53)
cfn=(172)
calls=1 -11 
* 20 2 2 0 0 0 0 0 0 3
+1 2 0 0 1 0 0 1 0 0 1 1
+23 8 6
-21 4 0 1
cfi=(55)
cfn=(178)
calls=1 -12 
* 6 1 0 0 0 0 0 0 0 1
* 2 0 0 0 0 0 0 0 0 1
+2 2 1 1
+3 2 0 0 1 0 0 1 0 0 1 1
+13 2 0 1
cfi=(62)
cfn=(194)
calls=1 -35 
* 6 1 0 0 0 0 0 0 0 1
* 1
-11 6 0 1
cfi=(57)
cfn=(182)
calls=1 -2 
* 26 4 3 0 0 0 0 0 0 4 2
* 2

fl=(14)
fn=(30)
36 1 0 0 1 0 0 1
fi=(254) ./elf/../sysdeps/unix/sysv/linux/brk_call.h
-12 2
fe=(14)
+13 1 0 1 0 0 1 0 0 1
+1 2 0 0 0 0 0 0 0 0 1
+6 1
+1 1 1

fl=(64)
fn=(202)
143 4 0 1 1 0 0 1
+1 2
-1 1
+1 1
-1 2 0 2
+1 1
-1 1 0 1
+1 1
-1 4 0 3 0 0 1 0 0 1
+1 3 0 0 1 0 0 1
-1 1 0 1
+1 7 0 0 0 0 0 0 0 0 2 2
-8 1 1 0 1 0 0 1
+8 2
-8 1
-6 1
-2 1 0 1 0 0 1 0 0 1
+16 1
-8 1
-7 1 0 1
+1 1 0 1
+6 1 0 1
+24 4 0 0 1 0 0 1 0 0 1
-28 3 0 1
-2 1
+31 1 1
-33 2 0 1
+2 2
+30 2
-30 1
-1 4 0 1 1 0 0 1
+7 4 1 1
+24 3 0 0 0 0 0 0 0 0 1
+28 3 1 1
-6 1 1
+46 1
fi=(72) ./elf/../include/scratch_buffer.h
77 1
fe=(64)
+87 1 0 1 1 0 0 1
fi=(72)
-87 1 0 1 0 0 1 0 0 1
+1 1 0 1
fe=(64)
184 1 0 1
+44 4 0 4
-31 1 1 0 1 0 0 1
-4 1 0 1
+4 5 3 0 0 0 0 0 0 0 1 1
-4 3 0 3
+4 6 0 0 0 0 0 0 0 0 3 3
+11 12 6 0 0 1 0 0 1 0 6 2
-18 2
+18 4 2 0 0 0 0 0 0 0 2 1
417 8 0 0 1 0 0 1 0 0 4 2
+2 2
+3 2
-3 6 0 4
+3 2
-3 2 0 2
fi=(28)
56 2 2 2 0 0 0 0 0 0 0 0 2 1
cfi=(27)
cfn=(78)
calls=2 -20 
* 60 14 14 0 0 0 0 0 0 6
fe=(64)
423 6 4 0 1 0 0 1
fi=(28)
56 2
fe=(64)
423 2 0 0 0 0 0 0 0 0 2
+6 2 0 2 0 0 1 0 0 1
+1 10 0 4
cfi=(29)
cfn=(82)
calls=2 210 
* 22 6 4 0 0 0 0 0 0 4 2
+1 10 0 2
cfi=(29)
cfn=(82)
calls=2 210 
* 22 6 4 0 0 1 0 0 1 4 2
+3 2 0 2
+1 4 2 2
+4 12 4 0 1 0 0 1 0 0 4 4
188 6 3
442 9 3 0 0 0 0 0 0 0 3 3
-1 4 4
+1 8 0 0 0 0 0 0 0 0 4 3
183 6 4
+27 8 6 0 1 0 0 1 0 0 2 2
+7 2 2
+4 2 2
-6 2 0 2 1 0 0 1
+1 2 0 2 0 0 1 0 0 1
+1 2 0 2
+1 4 2 2
+3 6 2 0 0 0 0 0 0 0 2
-2 2 0 2
-29 10 0 6 1 0 0 1
+32 112 0 0 0 0 0 0 0 0 56 6
+6 8 4 2
cfi=(30)
cfn=(204)
calls=2 +10 
* 118 23 14 2 2 2 2 2 2 7 2
* 6 0 0 0 0 0 0 0 0 2 2
+4 4 0 0 1 0 0 1
-2 2 0 2
+2 4 0 2
cfi=(50)
cfn=(160)
calls=2 -28 
* 5754 1096 702 86 53 74 85 53 74 1015 262 12 3
+1 4 2 0 0 0 0 0 0 0 2
+9 2 2
+2 4 2 0 1 0 0 1 0 0 2
+5 10 0 2 0 0 0 0 0 0 2 2
+6 2 2
+2 2 0 2
-8 4 0 0 1 0 0 1
+3 2 0 2
+1 2 0 2
+1 2 0 2
+1 2 0 2
+4 2 2
-3 2 0 2
+3 6 0 2
+4 6 2 0 0 0 0 0 0 0 2 1
+1 3 0 1
-43 230 60 0 0 0 0 0 0 0 56 9
+7 4 0 0 1 0 0 1
+38 162 0 0 1 0 0 1 0 0 54 5
fi=(72)
85 3 1 0 1 0 0 1 0 0 1 1
fe=(64)
448 5 1 0 1 0 0 1 0 0 2
+1 1 0 1
+3 4 1 1 0 0 0 0 0 0 1 1
+11 5 1 2 1 0 0 1
fi=(28)
56 1 1 1 0 0 0 0 0 0 0 0 1 1
cfi=(27)
cfn=(78)
calls=1 -20 
* 30 7 7 0 0 0 0 0 0 3
fe=(64)
465 3 2
fi=(28)
56 1
fe=(64)
465 1 0 0 0 0 0 0 0 0 1
+5 2 1 0 1 0 0 1
+1 1 0 1
-1 3 1 1
+4 3 0 0 0 0 0 0 0 0 1
-2 2
+13 3 0 3 0 0 1 0 0 1
+5 3 0 3
-16 9 3 0 0 0 0 0 0 0 3 1
+11 3
-7 3 3
+7 3
-2 6 0 0 0 0 0 0 0 0 3 3
-5 1 1 0 1 0 0 1
+7 1
-2 2 0 0 0 0 0 0 0 0 1
+2 1
-11 1
+11 1 0 1
+5 1 0 1
-16 3 1 0 0 0 0 0 0 0 1 1
+21 3 1 0 0 0 0 0 0 0 1 1
+37 2 0 0 1 0 0 1 0 0 1
+15 2 0 0 1 0 0 1
-14 2 0 0 0 0 0 0 0 0 1 1
+20 1 1 0 1 0 0 1
-1 4 0 1
+1 4 1 1
-1 5 1 1 1 0 0 1
cfi=(13)
cfn=(232)
calls=1 298 
* 277 71 54 13 0 0 13 0 0 40 13
+5 1 0 1
+2 1 1
+1 1 0 1
+1 2 1
-2 1 0 1
+2 1 0 0 0 0 0 0 0 0 1 1
+7 3 1 0 1 0 0 1 0 0 1 1
+3 2 0 0 0 0 0 0 0 0 1
+3 8 7
198 25 11 0 1 0 0 1 0 0 11 2
+3 2
fi=(72)
-70 8 0 4 1 0 0 1
cfi=(71) ./malloc/./malloc/scratch_buffer_set_array_size.c
cfn=(228) __libc_scratch_buffer_set_array_size
calls=2 30 
* 50 12 8 2 0 0 2 0 0 4 4
fe=(64)
+70 6 2 0 0 0 0 0 0 0 2
+4 4 2
547 4 0 3
cfi=(29)
cfn=(82)
calls=1 210 
* 11 3 2 0 0 0 0 0 0 2
* 3 2
-53 2 0 0 1 0 0 1
144 2 0 1 1 0 1 1 0 1

fn=(206)
61 12 0 4
+7 2 2 0 1 0 0 1
-4 6 6
+1 2 2
-1 14 2 2 0 0 1 0 0 1
cfi=(30)
cfn=(166)
calls=2 1967 
* 5578 1048 648 85 53 70 84 53 70 1007 260 10 2
* 2 0 2
+5 6 6

fl=(71)
fn=(228)
30 26 0 8 1 0 0 1
+4 2
+1 4 0 0 0 0 0 0 0 0 2 2
+10 4 2 0 0 0 0 0 0 0 2 2
+18 2 0 0 1 0 0 1
-17 2
+17 10 10

ob=(3)
fl=(154)
fn=(888)
0 4 1 0 1 0 0 1

fn=(614)
0 8 4 0 1 0 0 1 0 0 0 0 4 1
cob=(2)
cfi=(185)
cfn=(616)
calls=4 32 
0 1177 275 187 51 5 5 51 2 2 166 57 14 7

fn=(710)
0 6 3 0 0 0 0 0 0 0 0 0 3 3
cob=(2)
cfi=(206)
cfn=(712)
calls=3 34 
0 2009 576 358 58 13 0 54 1 0 282 72 14 3

fn=(726)
0 12 6 0 0 2 0 0 0 0 0 0 6 1
cob=(2)
cfi=(171)
cfn=(728)
calls=6 3359 
0 778 232 121 22 5 0 22 1 0 120 16

fn=(872)
0 2 1 0 0 0 0 0 0 0 0 0 1 1
cob=(2)
cfi=(237)
cfn=(874)
calls=1 30 
0 78 19 13 8 3 1 8 1 1 14 5

fn=(646)
0 8 4 0 1 0 0 1 0 0 0 0 4 1
cob=(2)
cfi=(191)
cfn=(648)
calls=4 61 
0 87 9 0 3 1 0 3 1 0 18 3

fn=(650)
0 44 22 0 0 2 0 0 0 0 0 0 22 1
cob=(2)
cfi=(192)
cfn=(652)
calls=22 255 
0 947 264 240 3 0 104 3 0 102 147 36

fn=(748)
0 20 10 0 0 2 0 0 0 0 0 0 10 1
cob=(2)
cfi=(208)
cfn=(750)
calls=10 31 
0 5292 1476 1204 49 334 267 39 1 128 620 120 36 4

fn=(776)
0 58 29 0 0 28 0 0 0 0 0 0 29 1
cob=(2)
cfi=(171)
cfn=(728)
calls=29 3359 
0 4565 1359 695 6 360 25 6 0 0 748 20

fn=(478)
0 42 21 0 1 0 0 1 0 0 0 0 21 2
cob=(1)
cfi=(11)
cfn=(28)
calls=21 387 
0 493 84 21 0 37 0 0 16 0 63 26

fn=(516)
0 2 1 0 1 0 0 1 0 0 0 0 1 1
cob=(2)
cfi=(160)
cfn=(518)
calls=1 53 
0 22 2 0 2 1 0 2 0 0 3

fn=(682)
0 58 29 0 0 0 0 0 0 0 0 0 29 1
cob=(2)
cfi=(171)
cfn=(684)
calls=29 3699 
0 161882204 1294 161875681 31 120 2529272 27 1 1969 161876167 91 28 3

fn=(766)
0 56 28 0 0 26 0 0 0 0 0 0 28 2
cob=(2)
cfi=(141)
cfn=(768)
calls=28 31 
0 168 28 0 1 0 0 1 0 0 28

fn=(798)
0 24 12 0 1 4 0 1 0 0 0 0 12 2
cob=(2)
cfi=(183)
cfn=(800)
calls=12 53 
0 228 24 0 2 2 0 2 1 0 24

fn=(908)
0 4 1 0 1 0 0 1

fn=(532)
0 7 2 0 1 0 0 1 0 0 1 1

fn=(608)
0 6 3 0 1 2 0 1 0 0 0 0 3 2
cob=(2)
cfi=(183)
cfn=(610)
calls=3 53 
0 63 9 0 4 0 0 2 0 0 9 4

fn=(770)
0 56 28 0 0 0 0 0 0 0 0 0 28 1
cob=(2)
cfi=(210)
cfn=(772)
calls=28 102 
0 336 140 112 1 0 0 1

fn=(786)
0 10 5 0 0 2 0 0 0 0 0 0 5 1
cob=(2)
cfi=(213)
cfn=(788)
calls=5 25 
0 7084 1476 1132 148 72 64 148 15 4 980 281 48 5

fn=(562)
0 12 6 0 1 2 0 1 0 0 0 0 6 1
cob=(2)
cfi=(171)
cfn=(564)
calls=6 3294 
0 2426 324 385 66 52 57 63 13 47 437 81 12

fn=(656)
0 2 1 0 1 0 0 1 0 0 0 0 1 1
cob=(2)
cfi=(193)
cfn=(658)
calls=1 24 
0 1531 330 237 82 10 10 82 6 3 261 85 7 4

fn=(502)
0 7 2 0 1 0 0 1 0 0 1 1

fn=(542)
0 2 1 0 1 0 0 1 0 0 0 0 1 1
cob=(1)
cfi=(48)
cfn=(544)
calls=1 118 
0 5 2 0 1 0 0 1 0 0 1

fn=(692)
0 2 1 0 0 0 0 0 0 0 0 0 1 1
cob=(2)
cfi=(204)
cfn=(694)
calls=1 31 
0 1776 562 518 25 128 229 25 126 229 180 39 6 4

fn=(700)
0 18 9 0 1 2 0 1 0 0 0 0 9 1
cob=(2)
cfi=(192)
cfn=(702)
calls=9 242 
0 3119 1000 981 10 434 381 6 126 254 284 33

fn=(782)
0 54 27 0 1 27 0 1 0 0 0 0 27 2
cob=(2)
cfi=(212)
cfn=(784)
calls=27 158 
0 161875491 54 161875032 3 53 2529193 3 0 1966 161875140 42

fn=(898)
0 2 1 0 1 0 0 0 0 0 0 0 1 1
cob=(2)
cfi=(237)
cfn=(874)
calls=1 30 
0 78 19 13 0 0 0 0 0 0 14 4

fn=(558)
0 6 3 0 1 2 0 1 0 0 0 0 3 1
cob=(2)
cfi=(170)
cfn=(560)
calls=3 85 
0 3198 527 655 133 65 75 107 17 51 485 101 19 4

fn=(664)
0 8 4 0 1 2 0 1 0 0 0 0 4 1
cob=(2)
cfi=(196)
cfn=(666)
calls=4 52 
0 56 8 0 1 2 0 1 1 0 8

fn=(850)
0 2 1 0 0 0 0 0 0 0 0 0 1 1
cob=(2)
cfi=(231)
cfn=(852)
calls=1 137 
0 1443 400 273 101 45 10 76 3 1 246 93 9 9

totals: 6782627765 696775532 336077428 1780 6093499 31787676 1698 14458 195211 336219357 46049 628 214
