# callgrind format
version: 1
creator: callgrind-3.22.0
pid: 1636159
cmd:  ./Image_Rescale test.ppm
part: 1


desc: I1 cache: 32768 B, 64 B, 8-way associative
desc: D1 cache: 49152 B, 64 B, 12-way associative
desc: LL cache: 25165824 B, 64 B, 12-way associative

desc: Timerange: Basic block 0 - 485439420
desc: Trigger: Program termination

positions: line
events: Ir Dr Dw I1mr D1mr D1mw ILmr DLmr DLmw Bc Bcm Bi Bim
summary: 7154384386 2388886756 1057715040 1896 2719696 13222417 1787 14653 195243 37524603 16904 99533436 288


ob=(1) /usr/lib/x86_64-linux-gnu/ld-linux-x86-64.so.2
fl=(23) ./elf/../misc/sbrk.c
fn=(64) sbrk
37 4 0 2 1 0 0 1
+3 1 1
-3 2 0 1
+21 2 0 0 0 0 0 0 0 0 1
+4 2 0 0 0 0 0 0 0 0 1 1
+16 5 4 0 1 0 0 1

fl=(73) ./elf/./elf/dl-version.c
fn=(240) _dl_check_all_versions
392 7 0 5 1 0 0 1
+4 5 0 0 0 0 0 0 0 0 1
-2 1
+4 30 5 5 1 0 0 1 0 0 5 5
cfn=(242) _dl_check_map_versions
calls=5 155 
* 8304 2467 595 40 53 32 40 53 32 1545 214 30 11
-2 5 5
+2 15
-1 5
-1 10 0 0 0 0 0 0 0 0 5 4
+5 7 6

fn=(242)
155 50 0 30
+15 15 5 0 0 0 0 0 0 0 5
+2 25 10 0 1 0 0 1 0 0 5
+2 5 5
+1 5 5
+2 10 0 0 0 0 0 0 0 0 5 2
+3 6 6
-16 6 0 3
+20 3 3 0 0 3 0 0 3
-4 3 0 0 1 0 0 1
-24 3 0 3
+28 21 0 15 0 0 0 0 0 0 3
+16 6 6 0 1 0 0 1
36 3
200 3
36 21 6 0 0 0 0 0 0 0 3 3
200 4 4
36 2
200 2
36 14 4 0 0 0 0 0 0 0 2 2
+1 16 16
-1 32 0 0 0 0 0 0 0 0 16
+2 63 0 21 1 0 0 1
cfi=(52) ./elf/./elf/dl-misc.c
cfn=(168) _dl_name_match_p
calls=21 +30 
* 2033 471 107 2 0 0 2 0 0 253 39 14 4
* 47 0 0 0 0 0 0 0 0 21 5
208 15 5 0 0 0 0 0 0 0 5
+5 5 5 0 0 2 0 0 2
fi=(269) ./elf/../sysdeps/generic/_itoa.h
76 15 5 10
fe=(73)
213 10
+4 10 10 0 1 0 0 1
+1 10 10
-1 10 0 5
+4 5 5
-3 5 5
+3 5 0 5
-3 15 10 0 0 0 0 0 0 0 5 3
-1 18 18 0 0 3 0 0 3
+1 18 18
-1 18 0 9
+4 9 9
-3 9 9
+3 9 0 9
-3 52 28 0 1 0 0 1 0 0 9 5
56 56 42 0 0 0 0 0 0 0 14 13
+8 42 14 0 0 0 0 0 0 0 14
+6 42 14 0 1 0 0 1 0 0 14
+16 14 14
+1 28 0 0 0 0 0 0 0 0 14
+2 14 14
+5 98 14 42 0 3 0 0 3 0 14
+14 464 232 0 0 6 0 0 6 0 232 14
+12 654 218 0 1 8 0 1 8 0 218
+4 218
-30 436 218 0 0 12 0 0 12 0 218 5
231 56 14
+3 42 14 0 0 0 0 0 0 0 14 5
+5 9
-24 9
110 14 14 0 1 0 0 1
+3 70 28 28 1 0 0 1
cfi=(32) ./string/../sysdeps/x86_64/multiarch/../multiarch/strcmp-sse2.S
cfn=(94) strcmp
calls=14 -15 
* 639 110 0 10 7 0 10 7 0 71 25 7 5
* 42 14 0 0 0 0 0 0 0 14
224 42 28 0 0 0 0 0 0 0 14 7
+1 3 1 1
cfi=(32)
cfn=(94)
calls=1 98 
* 71 9 0 0 2 0 0 2 0 7 2 1 1
* 2 0 0 0 0 0 0 0 0 1
+3 12 5 6 1 0 0 1
+15 15 5 0 0 0 0 0 0 0 5 3
+5 2
-50 2
+59 15 9 0 2 0 0 2 0 0 3 1
+3 6 6
+3 21 6 3
+3 12 3 0 0 0 0 0 0 0 3
+4 3
-7 12 3
+3 9 3 0 0 0 0 0 0 0 3 3
+4 59
-7 236 59 0 0 5 0 0 5
+3 180 59 3 0 2 0 0 2 0 59 20
+8 9 3 0 0 0 0 0 0 0 3
+6 8 4 4 1 0 0 1
fi=(28) ./elf/../include/rtld-malloc.h
44 4
fe=(73)
280 8
fi=(28)
44 4 4 4 0 0 0 0 0 0 0 0 4 1
cfi=(27) ./elf/./elf/dl-minimal-malloc.c
cfn=(74) __minimal_calloc
calls=4 +36 
* 164 32 28 0 0 0 0 0 0 16 3 4
fe=(73)
281 8 4
-2 4 0 4
fi=(28)
44 4 0 0 1 0 0 1
fe=(73)
281 4 0 0 0 0 0 0 0 0 4
+13 4 4
-3 4 0 4
+3 16 8 4 0 0 0 0 0 0 4
+2 8 0 0 0 0 0 0 0 0 4 1
+3 12 6 0 1 0 0 1
+4 15 5
+7 14
+1 14
-1 42 14
+1 14 0 14 0 0 6 0 0 6
+1 14 14
-2 14 0 14
+2 28 0 14
+1 42 14 14 0 0 2 0 0 2
+3 42 14 0 0 0 0 0 0 0 14 7
+5 9
-15 9 9
+2 9
-2 9
+2 9
-2 9
+2 18 0 0 0 0 0 0 0 0 9 8
-2 5 5 0 1 0 0 1
+2 5
-2 5
+2 5
-2 5
+2 10 0 0 0 0 0 0 0 0 5 4
+16 15 5 0 0 0 0 0 0 0 5 2
+5 2 0 0 1 0 0 1
-28 2
+33 6 0 0 0 0 0 0 0 0 3 1
+3 6 3
+4 62 62
+6 62 62
+1 62 62
+1 62 62
-1 186
+1 62
-1 62 0 62 0 0 16 0 0 16
+1 62 0 62
+1 62 0 62 0 0 8 0 0 8
+3 186 62 0 0 0 0 0 0 0 62 3
+4 62
-14 130 65 0 0 0 0 0 0 0 65 12
+10 9 3 0 0 0 0 0 0 0 3 3
+12 6 0 0 0 0 0 0 0 0 3 1
+1 6 3 0 1 0 0 1 0 0 3
+1 6 3 0 0 0 0 0 0 0 3 1
+1 4 2 0 0 0 0 0 0 0 2 1
+19 45 40 0 1 0 0 1
164 2 0 2 1 0 0 1
-8 2 0 2
257 5 0 0 0 0 0 0 0 0 2 1
+17 3 1 0 1 0 0 1 0 0 1 1
+60 2 0 0 0 0 0 0 0 0 1
-40 2 1
+76 4 3 0 1 0 0 1 0 0 1 1
+2 4 2 0 0 0 0 0 0 0 1
+4 2
-4 120 30 0 0 0 0 0 0 0 30 1
+1 60 0 0 1 0 0 1 0 0 30 3
+2 1 1
+1 2
-1 1
+1 1 0 1
cfi=(32)
cfn=(244) strncmp
calls=1 98 
* 32 7 0 4 0 0 4 0 0 6 2
* 2 0 0 0 0 0 0 0 0 1 1

fl=(43) ./string/../sysdeps/x86_64/multiarch/../multiarch/memset-vec-unaligned-erms.S
fn=(130) memset
132 8 0 0 1 0 0 1
+1 40
+5 8
+1 8 0 0 0 0 0 0 0 0 8 7
+3 2
+1 2 0 0 0 0 0 0 0 0 2 1
244 2 0 2 1 0 1 1 0 1
+1 2 0 2
+12 2
+3 2
+1 2 0 0 0 0 0 0 0 0 2
+12 2 0 2
+1 2 0 2 0 0 2 0 0 2
+13 2
+1 2
+2 2 0 0 0 0 0 0 0 0 2 1
+3 1
+3 2
+3 1 0 1
+1 1 0 1
+1 1 0 1
+1 1 0 1
+1 1
+1 1
+1 1 0 0 0 0 0 0 0 0 1 1
-6 34 0 34 0 0 34 0 0 34
+1 34 0 34
+1 34 0 34
+1 34 0 34
+1 34
+1 34
+1 34 0 0 0 0 0 0 0 0 34 9
+3 2 0 2 0 0 1 0 0 1
+1 2 0 2
+1 2 0 2
+1 2 0 2
+5 2 2
+34 6 0 0 1 0 0 1
+2 6
+1 6 0 0 0 0 0 0 0 0 6 5
+39 6 0 6 1 0 2 1 0 2
+1 6 0 6 0 0 1 0 0 1
+2 6 6

fl=(51) ./setjmp/../sysdeps/x86_64/setjmp.S
fn=(162) __sigsetjmp
31 6 0 0 1 0 0 1
+2 6 0 6
+9 6
+1 12 6
+1 6 0 6
+4 6 0 6
+1 6 0 6
+1 6 0 6
+1 6 0 6
+1 6
+2 12 6
+2 6 0 6 0 0 1 0 0 1
+1 6 6 0 1 0 0 1
+1 6
+2 12 6
+2 6 0 6
+8 6
+3 6
+1 6 0 6
+7 6
+1 6 6

fl=(1) ???
fn=(0) 0x000000000001f540
0 2 0 1 1 0 1 1 0 1
cfi=(2) ./elf/./elf/rtld.c
cfn=(2) _dl_start
calls=1 517 
0 197704 46498 16594 1027 1198 567 1020 1031 557 38757 4359 406 198
0 8 1 1 1 0 0 0 0 0 1 1
cfi=(76) ./elf/../sysdeps/x86_64/dl-cet.c
cfn=(580) _dl_cet_setup_features
calls=1 331 
0 4 1 0 1 0 0 1 0 0 1
0 10 2 1 1 0 0 1
cfi=(180) ./elf/./elf/dl-init.c
cfn=(584) _dl_init
calls=1 81 
0 486 148 65 27 17 4 27 1 1 65 25 7 7
0 3 0 0 0 0 0 0 0 0 0 0 1 1
cob=(6) /courses/courses/cscc85f25/groshen1/Robot-Rangers/Optimization/ImageRescaling_2021/Image_Rescale
cfi=(187) ???
cfn=(620) (below main)
calls=1 0 
0 7154186169 2388840106 1057698378 838 2718481 13221845 737 13621 194684 37485779 12519 99533022 82

fl=(27)
fn=(142) __minimal_free
97 1 0 0 1 0 0 1
+2 4 2 0 0 0 0 0 0 0 1

fn=(78) __minimal_malloc
36 232 0 116 2 0 1 2 0 1
+1 87 29 0 0 2 0 0 1 0 29 1
+11 84 28
+3 28
-3 28 0 28
+3 56 0 0 0 0 0 0 0 0 28 2
-3 2
+3 1
-3 1 0 1
+3 110 0 0 0 0 0 0 0 0 28 1
+19 29 0 29 1 0 0 1
+1 29 0 29
+2 174 145
-17 8 2
+1 4 0 0 0 0 0 0 0 0 2 2
+2 2 0 0 1 0 0 1
+1 14 0 2
cfi=(57) ./misc/../sysdeps/unix/sysv/linux/mmap64.c
cfn=(182) mmap
calls=2 -13 
* 52 8 6 2 0 0 2 0 0 8 3
* 2
+2 4 0 0 0 0 0 0 0 0 2
+2 8 0 2
cfi=(58) ./misc/../sysdeps/unix/sysv/linux/setvmaname.c
cfn=(184) __set_vma_name
calls=2 -31 
* 56 13 7 3 0 1 3 0 1 6 4
+1 6 2 0 0 0 0 0 0 0 2
+2 2
+4 2
-4 4 0 2
-24 1 1 0 1 0 0 1
-1 1
+1 1
+1 2
-2 2 0 1 1 0 0 1

fn=(74)
80 10 0 0 1 0 0 1
+4 10
-4 40
+7 10
+1 30 0 0 0 0 0 0 0 0 10 8
fi=(28)
-32 10 10 0 0 0 0 0 0 0 0 0 10 1
cfi=(27)
cfn=(78)
calls=10 -20 
* 407 87 84 11 1 2 11 1 2 41 10
fe=(27)

fl=(261) ./elf/./elf/dl-fini.c
fn=(966) _dl_fini
26 5 0 3 1 0 0 1
+17 1
-17 6 0 4
+20 13 1 0 1 1 0 1 0 0 2 1
+3 2 1 1 0 1 0 0 0 0 0 0 1 1
cob=(2) /usr/lib/x86_64-linux-gnu/libc.so.6
cfi=(262) ./nptl/./nptl/pthread_mutex_lock.c
cfn=(968) pthread_mutex_lock@@GLIBC_2.2.5
calls=1 +28 
* 44 12 6 7 0 0 7 0 0 9 3
+2 1 1 0 1 1 0 1
+3 2 0 0 0 0 0 0 0 0 1
+2 5 2 0 0 1 0 0 0 0 1
+7 3 0 1
-2 1 0 1
+2 1 0 1
cfi=(48) ./elf/./elf/dl-audit.c
cfn=(570) _dl_audit_activity_nsid
calls=1 -22 
* 11 3 0 2 1 0 0 0 0 2
+5 15 1 0 1 0 0 1 0 0 2 1
+5 1 1
-5 1 0 0 1 0 0 1
+5 3 0 0 0 0 0 0 0 0 1 1
+2 10 5 0 0 5 0 0 0 0 5
+2 10 0 0 0 0 0 0 0 0 5
+2 10 0 5
+1 5 0 5 0 0 5
+1 5
+4 5 0 5 1 0 4 1
-12 15 5 0 0 2 0 0 0 0 5 5
+14 6 0 0 0 0 0 0 0 0 2
+1 4 0 0 0 0 0 0 0 0 1 1
+6 6 0 2 1 0 0 1
cfi=(13) ./elf/./elf/dl-sort-maps.c
cfn=(232) _dl_sort_maps
calls=1 298 
* 398 108 66 18 9 0 1 0 0 71 35
+9 2 1 1 0 0 0 0 0 0 0 0 1 1
cob=(2)
cfi=(263) ./nptl/./nptl/pthread_mutex_unlock.c
cfn=(970) pthread_mutex_unlock@@GLIBC_2.2.5
calls=1 367 
* 34 8 5 4 0 0 4 0 0 8 4
+5 6 1 0 0 0 0 0 0 0 1
+2 1 1
+2 2 1 0 0 0 0 0 0 0 1 1
-2 4 4
+2 8 4 0 0 0 0 0 0 0 4 3
+2 20 0 15 1 0 0 1
cfi=(264) ./elf/./elf/dl-call_fini.c
cfn=(972) _dl_call_fini
calls=5 -90 
* 469 139 79 26 27 1 17 1 1 72 17 9 9
+3 10 0 5
cfi=(48)
cfn=(998) _dl_audit_objclose
calls=5 -20 
* 25 10 0 1 0 0 1 0 0 5
-9 10 10 0 1 0 0 1
+14 5 0 5
-14 15 0 0 0 0 0 0 0 0 5 3
+18 3 0 1
cfi=(48)
cfn=(570)
calls=1 -85 
* 11 3 0 0 0 0 0 0 0 2
* 2 1
+6 4 2 1 0 0 0 0 0 0 1
+2 1
-2 2 0 0 0 0 0 0 0 0 1 1
+6 2 1 0 0 0 0 0 0 0 1
+7 8 7
-77 2 0 1 1 0 0 1

fl=(25) ./elf/./elf/dl-environ.c
fn=(70) _dl_next_ld_env_entry
28 3 0 0 1 0 0 1
+1 3 3
+3 78 72 0 0 0 0 0 0 0 3 2
+13 68
-13 136 0 0 0 0 0 0 0 0 68
+2 140 70 0 0 0 0 0 0 0 70 20
+1 14 7 0 0 0 0 0 0 0 7 3
+5 2
-3 2
+3 2 0 2
+2 2 2

fl=(26) ./elf/./elf/dl-object.c
fn=(72) _dl_new_object
59 60 0 40 1 0 2 1 0 2
+3 8 0 0 0 0 0 0 0 0 4 1
+18 6 3
+3 3 0 3
cfi=(22) ./string/../sysdeps/x86_64/multiarch/../multiarch/strlen-sse2.S
cfn=(62) strlen
calls=3 -26 
* 69 9 0 0 0 0 0 0 0 7 1
+4 3
-4 3
+4 3
+5 3
-9 9 0 6
fi=(28)
-39 6 3 3 0 0 0 0 0 0 0 0 3
cfi=(27)
cfn=(74)
calls=3 +36 
* 224 41 34 6 0 2 6 0 2 23 11 3
fe=(26)
+39 1 0 1 1 0 0 1
fi=(28)
-39 2 1 1 0 0 1 0 0 1 0 0 1 1
cfi=(27)
cfn=(74)
calls=1 +36 
* 47 8 8 6 1 0 6 1 0 4 2 1 1
* 4
fe=(26)
+51 8 0 0 0 0 0 0 0 0 4
+5 4 4
+4 4 4 0 1 0 0 1
-6 4 0 4 0 0 4 0 0 4
+2 4
+4 4 4
-5 4 0 4 0 0 4 0 0 4
+4 4
+1 4
-1 4 0 4
+1 8 0 8
cfi=(29) ./string/../sysdeps/x86_64/multiarch/memmove-vec-unaligned-erms.S
cfn=(82) memcpy
calls=4 210 
* 55 13 9 2 1 6 2 1 6 13 8
* 4 4
+15 4 4
-15 4 0 4 0 0 1 0 0 1
+2 4 0 4 1 0 0 1
+13 8 4 0 0 0 0 0 0 0 4 3
+6 1
+2 7 2 2 0 1 0 0 1
+3 2 1 0 0 0 0 0 0 0 1
-3 21 6 6 0 3 0 0 3
+3 6 3 0 0 0 0 0 0 0 3 3
+2 4 0 4 1 0 1 1 0 1
+4 4 0 4
+3 12 0 0 0 0 0 0 0 0 5 3
+2 12 0 8 1 0 1 1 0 1 1 1
-2 8
+2 8 0 8 0 0 3 0 0 3
-2 16 0 0 0 0 0 0 0 0 8 7
+16 8
-5 4 0 4 0 0 4 0 0 4
+5 4
-6 4 0 0 1 0 0 1
+6 4 4 0 0 1 0 0 1
-6 4 0 4
+6 8 0 0 0 0 0 0 0 0 4 1
+2 6 0 3 0 0 1 0 0 1
+3 6 0 0 0 0 0 0 0 0 3
-3 6
+7 12 3 0 0 0 0 0 0 0 3
+4 9 0 0 0 0 0 0 0 0 3 1
+8 1 0 1 1 0 0 1
+13 1 1
-10 2 0 1
+10 6 4 0 0 0 0 0 0 0 1 1
-10 6 0 3 0 0 1 0 0 1
+10 9 3 0 0 0 0 0 0 0 3
+2 3 0 3
cfi=(22)
cfn=(62)
calls=3 57 
* 105 15 0 0 0 0 0 0 0 9 1
+21 3 0 0 1 0 0 1
-21 9 0 3
+17 3
-13 9 0 0 0 0 0 0 0 0 3
+50 9 6 3 1
cfi=(29)
cfn=(126) mempcpy
calls=3 -48 
* 47 11 8 0 0 1 0 0 1 8 2
* 3
+5 6
+1 6 3 0 0 0 0 0 0 0 3 3
-1 100
+1 100 50 0 0 0 0 0 0 0 50 14
+4 6
+1 3 0 3
+3 3 0 3 0 0 1 0 0 1
+4 36 28 0 1 0 0 1
131 8 0 4 1 0 4 1 0 4
-8 3
-4 6 3 0 0 0 0 0 0 0 3 3
+34 1
+7 4 0 0 1 0 0 1 0 0 1
+8 12 3 0 1 0 0 1 0 0 3 2
fi=(28)
56 6 3 3 1 0 0 1 0 0 0 0 3 1
cfi=(27)
cfn=(78)
calls=3 -20 
* 90 21 21 0 0 0 0 0 0 9
* 3
fe=(26)
200 6 0 0 0 0 0 0 0 0 3
-1 6
64 2 0 0 1 0 0 1 0 0 1 1
+2 3 1 0 1 0 0 1 0 0 1
+1 2 0 0 0 0 0 0 0 0 1
+4 6 0 2
+6 2 0 0 1 0 0 1

fn=(84) _dl_add_to_namespace_list
31 16 0 8 1 0 0 1
+2 4
-2 8 0 4
+2 4
-2 12 0 4
+2 4 4 4 0 0 1 0 0 1 0 0 4 1
cfi=(24) ./elf/../sysdeps/nptl/dl-tls_init_tp.c
cfn=(86) rtld_mutex_dummy
calls=4 +9 
* 12 4
+2 35 4 0 1 0 0 1 0 0 4 1
+3 36 9 0 0 0 0 0 0 0 9 6
+2 3 0 3
+2 3 0 3
+4 3
+4 3
-4 6 0 3
+1 6 3 3
+1 6 0 3
+3 15 12
-1 3 3 0 0 0 0 0 0 0 0 0 3
cfi=(24)
cfn=(86)
calls=3 -8 
* 9 3
-4 1
+4 1
-4 2 0 1
+1 2 1 1
+1 2 0 1
+3 5 4
-1 1 1 0 0 0 0 0 0 0 0 0 1 1
cfi=(24)
cfn=(86)
calls=1 -8 
* 3 1
-5 2 0 1 1 0 0 1

fl=(39) ./elf/./elf/dl-hwcaps_split.c
fn=(120) _dl_hwcaps_split
25 5 0 3 1 0 0 1
+1 3 1 0 0 0 0 0 0 0 1 1
+21 1 1 0 1 0 0 1
-20 1
+20 3 3

fn=(114) _dl_hwcaps_split_masked
51 110 0 66 1 0 0 1
-25 44 11 0 1 0 0 1 0 0 11 9
+36 5
-7 5
+7 35 35
-26 24 0 0 0 0 0 0 0 0 12 3
+5 27 0 9 0 0 1 0 0 1
cfi=(41) ./string/../sysdeps/x86_64/multiarch/../multiarch/strchr-sse2.S
cfn=(118) index
calls=9 -9 
* 216 27 0 3 0 0 3 0 0 18
* 9
+1 18 0 0 0 0 0 0 0 0 9 2
+3 6
+11 12 6 6
+1 18 0 6
+1 12 0 0 0 0 0 0 0 0 6 2
-2 6 3 3
+1 9 0 3
+1 6 0 0 0 0 0 0 0 0 3 2
-28 24 12 12 1 0 0 1
+4 48 12 0 0 1 0 0 1 0 12 6
+1 12 0 6
-1 30 6 0 1 0 0 1 0 0 6
+24 6 6
+9 12 0 0 0 0 0 0 0 0 6 4
-5 6 0 0 1 0 0 1
-2 6
+2 42 42
-19 6 0 3 1 0 0 1
cfi=(22)
cfn=(62)
calls=3 +14 
* 51 6 0 0 0 0 0 0 0 6
* 6

fl=(29)
fn=(82)
210 22 0 0 2 0 0 1
+1 22
+6 22
+1 22 0 0 0 0 0 0 0 0 22 9
+2 14 14
+1 14
+1 14 0 0 0 0 0 0 0 0 14 6
+2 8 8
+1 8 0 8 0 0 1 0 0 1
+1 8 0 8 0 0 1 0 0 1
+2 8 8
+80 8 0 0 1 0 0 1
+1 8 0 0 0 0 0 0 0 0 8 7
+2 1
+4 1 0 0 0 0 0 0 0 0 1
+1 1
+1 1 0 0 0 0 0 0 0 0 1
+1 1 1 0 0 1 0 0 1
+1 1 0 0 0 0 0 0 0 0 1 1
+4 1 0 1 0 0 1 0 0 1
+2 1 1
+39 7 7
+1 7 7
+1 7 0 7 0 0 4 0 0 4
+1 7 0 7 0 0 1 0 0 1
+1 7 7
+7 6 6
+1 6 6
+1 6 0 6 0 0 1 0 0 1
+1 6 0 6 0 0 1 0 0 1
+1 6 0 6 0 0 2 0 0 2
+1 6 0 6
+1 6 6
+11 6 0 0 1
+1 6 0 0 0 0 0 0 0 0 6
+2 6 6
+1 6 0 0 2 0 0 1
+1 6 0 0 0 0 0 0 0 0 6 6

fn=(126)
197 17
+1 17
+1 17
+1 17
+17 17
+1 17 0 0 0 0 0 0 0 0 17 11
+2 6 6 0 0 1
+1 6
+1 6 0 0 0 0 0 0 0 0 6 1
+2 5 5
+1 5 0 5 0 0 1 0 0 1
+1 5 0 5
+2 5 5
+80 11 0 0 1
+1 11 0 0 0 0 0 0 0 0 11 9
+2 2
+4 2 0 0 0 0 0 0 0 0 2
+1 2
+1 2 0 0 0 0 0 0 0 0 2 2
+8 2 2
+39 9 9 0 1 0 0 1
+1 9 9
+1 9 0 9 0 0 2 0 0 2
+1 9 0 9
+1 9 9
+7 1 1
+1 1 1
+1 1 0 1
+1 1 0 1
+1 1 0 1 0 0 1 0 0 1
+1 1 0 1
+1 1 1
+11 1
+1 1 0 0 0 0 0 0 0 0 1
+2 1 1
+1 1
+1 1 0 0 0 0 0 0 0 0 1 1

fl=(38) ./elf/../sysdeps/x86_64/dl-hwcaps-subdirs.c
fn=(110) _dl_hwcaps_subdirs_active
29 1 0 0 1 0 0 1
fi=(19) ./elf/../sysdeps/x86/get-isa-level.h
+2 1 1
fe=(38)
+7 1
fi=(19)
-8 4 0 0 0 0 0 0 0 0 1 1
fe=(38)
+22 1 1
fi=(19)
-20 3 1 0 0 0 0 0 0 0 1
+4 1
fe=(38)
+2 1
fi=(19)
-2 2 0 0 0 0 0 0 0 0 1
+3 4 1 0 1 0 0 1 0 0 1
+1 4 1 0 0 0 0 0 0 0 1
+5 1
fe=(38)
-7 1
fi=(19)
+7 3 0 0 0 0 0 0 0 0 1
fe=(38)
-2 1
fi=(19)
+5 2 0 0 0 0 0 0 0 0 1
+3 5 1 0 0 0 0 0 0 0 1
+2 4 0 0 1 0 0 1 0 0 1
+1 2 0 0 0 0 0 0 0 0 1
+1 2 0 0 0 0 0 0 0 0 1
+3 1
fe=(38)
-10 1
fi=(19)
+10 3 0 0 0 0 0 0 0 0 1 1
fe=(38)

fl=(63) ./io/../sysdeps/unix/sysv/linux/access.c
fn=(200) access
25 1
+2 7 0 1 0 0 0 0 0 0 1 1
+4 1 1

fl=(166) ./elf/./elf/dl-find_object.c
fn=(534) _dlfo_process_initial
474 2 0 2
+3 2
-3 6 0 2
+1 2 2
+3 4 2 0 1 0 0 1 0 0 2
+26 14 2 0 0 1 0 0 0 0 2
+1 6 2 0 0 0 0 0 0 0 2 2
+1 10 10
-1 20 0 0 0 0 0 0 0 0 10 2
+3 36 8 0 1 0 0 1 0 0 18 2
+3 32 8 0 0 0 0 0 0 0 8 4
-7 10 2 0 1 0 0 1 0 0 2
+27 2
-2 2 0 2
+2 6 6
-18 24 8 0 1 1 0 1 1 0 8 3
+3 8
-1 8 0 4
cfi=(167) ./elf/./dl-find_object.h
cfn=(532) _dl_find_object_from_map
calls=4 95 
* 247 67 16 0 39 3 0 8 3 78 15
+2 16

fn=(536) _dlfo_sort_mappings
536 1 0 0 1 0 0 1
+1 2 0 0 0 0 0 0 0 0 1
+3 4 0 0 1 0 0 1
+4 1
+1 1
-1 1 1
+1 2 0 0 0 0 0 0 0 0 1
-1 2
+1 2
-1 2 2
+1 10 0 0 0 0 0 0 0 0 2
+1 30 6 0 0 0 0 0 0 0 6 3
+3 3
-1 3
-3 18 0 0 1 0 0 1 0 0 6 3
+8 9 3
+1 6 3
-1 3 3
-13 6 3
+14 9 3 6
+1 6 0 6
-15 6 0 0 0 0 0 0 0 0 3 2
+17 1 1

fn=(530) _dl_find_object_init
561 2 0 1 1 0 0 1
+3 1 1 0 0 1
-3 3 0 2
+5 2 1 0 0 0 0 0 0 0 1 1
+13 1 0 1 1 0 0 1
cfn=(534)
calls=1 474 
* 97 25 3 4 2 0 4 1 0 26 7
+1 1 1
-1 1
+1 1
fi=(28)
56 1 1 1 0 0 0 0 0 0 0 0 1 1
cfi=(27)
cfn=(78)
calls=1 -20 
* 30 7 7 0 1 0 0 0 0 3
fe=(166)
580 1 0 1
fi=(28)
56 1
fe=(166)
582 2 0 0 0 0 0 0 0 0 1
+3 2 0 0 0 0 0 0 0 0 1
+5 1 0 1 1 0 0 1
+1 1 0 1
cfn=(534)
calls=1 474 
* 360 92 23 0 39 3 0 8 3 104 21
+3 3 1 0 0 0 0 0 0 0 1 1
+10 4 4
-37 2 0 1 1 0 0 1
cfi=(167)
cfn=(532)
calls=1 95 
* 68 18 4 3 10 1 3 0 0 22 8
* 1
+29 2 0 1 1 0 0 1
cfn=(536)
calls=1 -60 
* 128 25 12 3 0 0 3 0 0 19 8
+3 6 3 1 1 0 0 1
+2 1

fl=(13)
fn=(234) dfs_traversal.part.0
135 90 0 50 2 0 0 1
+10 10 10 0 0 4
-2 10 0 10
+2 20 0 0 0 0 0 0 0 0 10 3
+2 28 7 0 0 4 0 0 0 0 7
-7 34 17 0 0 0 0 0 0 0 17 3
+7 68 17 0 0 0 0 0 0 0 17 12
+9 20 0 0 2 0 0 1 0 0 10 5
+15 30 10 10
+1 10 0 10
+1 60 60
-17 15 5 0 1 0 0 1 0 0 5 5

fn=(232)
298 24 0 12 1
+8 2 2 0 2 1 0 1
-8 2 0 2
+8 4 0 0 0 0 0 0 0 0 2 1
+4 16 14 0 4 0 0 2
-99 2 0 0 2 0 0 1
-28 2
-2 2 0 2
+1 4 2
+29 2
-28 8 0 0 0 0 0 0 0 0 2
+1 2 2 0 2 0 0 1
-1 2
+1 2 0 2
-1 4 0 0 0 0 0 0 0 0 2 2
+1 8 8
-1 8
+1 8 0 8
-1 16 0 0 0 0 0 0 0 0 8 6
+28 30 0 2 2 0 0 1 0 0 4 2
+8 6
-3 2
+2 2 0 2
+1 4
-3 2 0 2
+5 32 0 0 2 0 0 1 0 0 8
+2 10 10
-83 50 10 10 0 0 0 0 0 0 10
cfn=(234)
calls=10 -5 
* 395 126 80 5 8 0 3 0 0 66 28
+86 30 10 0 0 0 0 0 0 0 10 8
+18 8 2 0 2 0 0 1 0 0 2 2
+32 8 2 0 2 0 0 1 0 0 4 2
+7 2 2 0 2 0 0 1
+27 2
-47 6 0 2 2 0 0 1
cfi=(29)
cfn=(82)
calls=2 -53 
* 38 10 8 3 0 0 0 0 0 8 5
* 2

fn=(26) _dl_sort_maps_init
289 2 0 1 1 0 0 1
+1 2
-1 2 0 0 1 0 0 1
+1 2 0 1
cfi=(11) ./elf/./elf/dl-tunables.c
cfn=(28) __tunable_get_val
calls=1 +97 
* 24 4 1 2 1 0 2 1 0 3 2
+2 3 1
-1 1 0 1
+2 2 2

fl=(53) ./io/../sysdeps/unix/sysv/linux/open64_nocancel.c
fn=(172) __open_nocancel
28 16 0 8 1 0 0 1
+3 8
-3 16 0 8 0 0 1 0 0 1
+3 48 0 0 0 0 0 0 0 0 16
+8 56 0 0 0 0 0 0 0 0 8 4
+2 8 8
-2 12 0 4 1 0 0 1
+2 8 8

fl=(7) ./elf/./elf/dl-minimal.c
fn=(12) __rtld_malloc_init_stubs
42 1 0 0 1 0 0 1
+1 2 0 1 1 0 1 1 0 1
+1 2 0 1
+1 2 0 1
+1 2 0 1
+1 1 1

fn=(542) lookup_malloc_symbol
61 8 0 4 1 0 0 1
+3 4
-3 12 0 8
+3 4
-3 12 0 4
+3 4
-3 4
+2 4 0 4
+1 16 4 12
cfi=(78) ./elf/./elf/dl-lookup.c
cfn=(270) _dl_lookup_symbol_x
calls=4 772 
* 2368 698 268 5 6 0 4 4 0 326 28 5 3
+4 28 16 0 1 0 0 1 0 0 4
+1 28 12 0 0 0 0 0 0 0 8
+2 4 0 4
fi=(169) ./elf/./dl-sym-post.h
-30 8 0 0 0 0 0 0 0 0 4
+12 12 4 0 0 0 0 0 0 0 4
fe=(7)
+19 24 20

fn=(538) __rtld_malloc_init_real
76 2 0 1 1 0 0 1
+10 1
fi=(168) ./elf/../sysdeps/generic/dl-hash.h
-41 1
-1 1
fe=(7)
+32 8 0 5
+11 1 0 1
-1 1 0 1 1 0 0 1
fi=(168)
-43 1
+5 3
+14 4
-17 3 1 0 0 1 0 0 1 0 1 1
+3 15
+14 20
-17 15 5 0 0 0 0 0 0 0 5 4
fe=(7)
+46 2
fi=(168)
-24 1
fe=(7)
+22 1 0 1
+2 2 0 0 1 0 0 1
fi=(168)
-19 1 0 1
fe=(7)
+19 1 0 1
cfn=(542)
calls=1 -30 
* 617 188 76 6 2 0 6 2 0 83 4 1 1
+1 3
-1 1
+1 1 0 1
cfn=(542)
calls=1 -31 
* 606 185 76 0 0 0 0 0 0 82 6 1
+1 3
-1 1
+1 1 0 1
cfn=(542)
calls=1 -32 
* 691 193 76 1 4 0 0 2 0 96 11 2 2
+1 3 0 0 1 0 0 1
-1 1
+1 1 0 1
cfn=(542)
calls=1 -33 
* 626 188 76 0 0 0 0 0 0 85 7 1
+5 1 0 1
+1 1 0 1
+1 1 0 1
+1 1 0 1
+1 8 7

fn=(134) strsep
239 2 0 0 1 0 0 1
+3 4 2 0 0 1 0 0 1 0 2
+2 2 2
+1 4 0 0 0 0 0 0 0 0 2 1
+4 3 1 0 0 0 0 0 0 0 1
-2 2
+4 28
+5 84 28 0 0 0 0 0 0 0 28 3
-2 56 28 0 0 0 0 0 0 0 28 6
+13 1 0 1
+4 4 2
-22 14 14 0 1 0 0 1
+15 14
-15 30 0 0 0 0 0 0 0 0 14 4

fl=(66) ./io/../sysdeps/unix/sysv/linux/fstatat64.c
fn=(212) fstatat
146 6
-55 6
+70 7 0 0 0 0 0 0 0 0 3 3
+1 1 1
-2 4 0 2 1 0 0 1
+1 4 2

fl=(78)
fn=(270)
772 798 0 532 1 0 0 1
+3 133
-3 399 0 266
+3 133
-3 532 0 399 1 0 2 1 0 2
fi=(79) ./elf/../sysdeps/generic/dl-new-hash.h
74 133 133 0 0 86 0 0 86
+3 266 0 0 0 0 0 0 0 0 133 2
-8 133
+1 266
+10 133 133
+1 266 0 0 0 0 0 0 0 0 133 4
-1 788 788 0 0 13 0 0 13
+1 1576 0 0 0 0 0 0 0 0 788 70
+20 857
-2 857
+6 857
-3 1714
+2 857 0 0 1 0 0 1
-30 857 857 0 0 12 0 0 12
+3 1714 0 0 0 0 0 0 0 0 857 92
fe=(78)
774 133
+1 133
+3 133 0 133
-4 133 0 133
+1 133 0 133
+7 508 121 0 0 0 0 0 0 0 254 12
+5 133 133
-2 133 133
+2 133 133 0 0 1
-2 133 0 0 1 0 0 1 0 0 133
+6 1912 10 399 0 0 0 0 0 0 143 2
+1 1862 931 931 1 0 1 1 0 1
cfn=(274) do_lookup_x
calls=133 347 
* 54117 17955 5678 51 329 5 49 297 5 7999 615 60 46
* 399 0 0 1 0 0 1 0 0 133 2
+28 133 133
-23 399 266
+23 133
-23 266 0 0 0 0 0 0 0 0 133 2
+24 722 119 0 0 0 0 0 0 0 242 93
+7 123 123
-7 123
+35 492 123 0 1 0 0 1 0 0 123
+34 492 123
-20 369 123 0 0 1 0 0 1 0 123 1
+3 246 123 0 0 0 0 0 0 0 123
-57 133 0 133
+76 1197 931 0 1 0 0 1
fi=(79)
87 64 0 0 1 0 0 1
+1 64
+1 128
+1 64
fe=(78)
871 2 0 1 1 0 0 1
-72 60 10 0 1 0 0 1 0 0 20 2
+18 30 0 0 1 0 0 1
+11 40 0 0 1 0 0 1

fn=(276) check_match
70 1890 252 756 1 38 1 1 33 1
+3 750 252 0 1 11 0 1 9 0 126 5
+13 123
-13 123
+13 123
-13 123
+13 369 0 0 0 0 0 0 0 0 123
+3 478 116 58 0 0 0 0 0 0 123 17
cfi=(32)
cfn=(94)
calls=58 +9 
* 2911 480 0 25 35 0 23 34 0 322 88 35 32
* 116 0 0 0 0 0 0 0 0 58 2
+4 123 123 0 1 0 0 1
+1 246 0 0 0 0 0 0 0 0 123 2
+2 242 0 0 0 0 0 0 0 0 121
+19 242 242 0 0 14 0 0 9
+1 968 363 0 1 3 0 1 0 0 121 10
+45 123
+1 1008 882
-18 4 0 0 0 0 0 0 0 0 2
+2 4 4 0 0 1 0 0 1
+1 2
-1 4
+1 6
-1 4 0 0 0 0 0 0 0 0 2 2
-29 363 242 121 2 0 0 2
cfi=(32)
cfn=(94)
calls=121 -19 
* 4052 894 0 4 7 0 4 2 0 466 49 25 14
* 242 0 0 0 0 0 0 0 0 121 9
-44 12 0 0 0 0 0 0 0 0 6
+5 6

fn=(274)
347 1197 0 931 2 0 1 2 0 1
+1 133 133
-1 532 266 266 0 0 1 0 0 1
+6 133
-6 133 0 133
+65 133
-58 133 133
+11 133 133
+50 133 0 133
-3 266 0 133
+3 266
-50 133
+50 532 133 133 1 0 0 1
-19 1653 551 0 0 1 0 0 0 0 551
+8 551 551
-4 551 0 551
+1 551 0 551
+3 2204 1102 0 0 0 0 0 0 0 551 6
+1 1102 1102 0 1 0 0 1
+3 551 551
-3 551
+4 1102 0 0 0 0 0 0 0 0 551
+4 1102 1102
-2 551 551 0 0 74 0 0 69
+5 2204 1102
+3 3857 551 0 0 0 0 0 0 0 551 143
+99 1287 0 0 0 0 0 0 0 0 429 10
358 1104 1104 0 1 0 0 1
+3 1104 0 0 0 0 0 0 0 0 552
+4 1112 4 0 0 0 0 0 0 0 556 78
+21 1102 551 0 1 0 0 1 0 0 551 19
+4 1102 551 0 0 0 0 0 0 0 551 15
+71 984 738 0 1 0 0 1
fi=(4) ./elf/../sysdeps/generic/ldsodefs.h
139 246 123
+1 369
fe=(78)
476 246 0 0 1 0 0 1 0 0 123
fi=(80) ./elf/../sysdeps/generic/dl-protected.h
29 492 0 0 0 0 0 0 0 0 246
fe=(78)
483 924 123 0 0 0 0 0 0 0 339 19
+16 246 123 123
+1 123 0 123
+22 123
-21 123
+21 861 861
-99 399 133 0 1 0 0 1
-1 266 266 0 0 59 0 0 57
+2 266 0 0 0 0 0 0 0 0 133 3
+2 130 130
+6 520 130 260 1 0 0 1
-6 130
+6 910 0 650 0 0 1 0 0 1
+7 495 0 0 0 0 0 0 0 0 165 6
-10 1440 288 0 1 86 0 1 83 0 288 117
+2 126
+1 378 126
-1 126 126
+1 252 252 126
-1 126
+1 126 0 126
+1 126
-1 126 0 126
+1 126
-1 882 378 378 1 0 1 1 0 1
cfn=(276)
calls=126 70 
* 14657 3850 935 35 109 1 33 88 1 1714 184 60 46
+4 378 0 0 0 0 0 0 0 0 126 9
+3 6 3
+31 56 49 0 2 0 0 2 0 0 7 4
+52 10
-1 10
+1 70 70 0 1 0 0 1
-35 45 15 0 1 0 0 1 0 0 15 2

fl=(16) ./elf/../sysdeps/x86/cpu-features.c
fn=(42) update_active.constprop.0
72 8 0 6 2 0 0 2
+4 1 1
+10 1 1
+9 1 1
+9 1 1
-19 1
-1 1
+29 1 1
-4 1
-24 1
+9 1
+9 1
+9 1
-28 2 1 0 1 0 0 1
+25 1
-15 1
-9 1
+9 1 1
+9 1
+9 1
-3 1
+7 1
-13 1 1
+9 1 1
+4 2 1 0 1 0 0 1
-22 1 0 1
+22 2 0 2 0 0 1 0 0 1
-13 1 0 1
+6 1 0 1
+3 1 0 1
+5 1 1
+12 1 1
-8 1
-4 1 0 1 1 0 0 1
+7 1 1
-3 4 1 2
+1 1 1
+2 1 0 1
-2 2 0 1
+1 3 1 1 1 0 0 1
+5 1
+2 1 1 0 0 1 0 0 1
-2 4 1 1
+1 1
+1 1
-1 2 1
+1 1 0 1
-1 1 0 1 1 0 0 1
+3 2 0 0 0 0 0 0 0 0 1
+1 4 0 1
+14 2 0 0 0 0 0 0 0 0 1 1
356 2 0 0 0 0 0 0 0 0 1 1
+4 3 1 0 1 0 0 1 0 0 1 1
fi=(18) ./elf/../sysdeps/unix/sysv/linux/x86/dl-hwcap2.h
25 2 1 0 0 0 0 0 0 0 1 1
fi=(19)
+5 1
-2 1
+2 3 0 0 0 0 0 0 0 0 1 1
fe=(16)
369 1 0 1
+1 8 7
151 2 0 1 1 0 0 1
+1 2 0 1
-1 5 0 3 1 0 0 1
+1 2
+2 3 0 0 0 0 0 0 0 0 1 1
+90 1 1
+1 1 1
-1 2 0 0 0 0 0 0 0 0 1 1
+17 4 0 0 1 0 0 1 0 0 1
+16 2 0 0 0 0 0 0 0 0 1 1
+5 1 1 0 1 0 0 1
-1 2 0 1
+4 4 1 1
+4 2 0 0 0 0 0 0 0 0 1
+4 3 0 0 1 0 0 1
+1 2 0 0 0 0 0 0 0 0 1
+3 1
-1 1
+9 1
-5 1
+2 1 0 1
-2 1 0 1
+5 1 0 0 0 0 0 0 0 0 1 1
+51 1 0 0 1 0 0 1
fi=(19)
31 1 1
fe=(16)
356 2
fi=(19)
32 3 0 0 0 0 0 0 0 0 1
+4 3 0 0 0 0 0 0 0 0 1 1
fe=(16)
158 4 0 1 1 0 0 1 0 0 1
+3 1
+3 2 0 0 0 0 0 0 0 0 1 1
+14 1 1
+2 1 1
+10 3 0 1
-12 1 0 0 1 0 0 1
+12 1 0 1
-12 1
+2 2
-2 1 0 1
+2 1
+8 1 1
-8 1 0 1
+6 3
+2 1 1
-2 1 0 1
+2 3 0 1 1 0 0 1
+7 5 0 1 0 0 0 0 0 0 1 1
fi=(19)
39 2 0 0 1 0 0 1 0 0 1
+1 4 1 0 1 0 0 1 0 0 1
-2 1
+7 4 0 0 0 0 0 0 0 0 1
+2 1
+1 2 0 0 0 0 0 0 0 0 1
+3 5 1 0 1 0 0 1 0 0 1
+2 4 0 0 0 0 0 0 0 0 1
+1 2 0 0 0 0 0 0 0 0 1
+1 2 0 0 0 0 0 0 0 0 1
+3 1
-1 1
+1 3 0 0 0 0 0 0 0 0 1 1
fe=(16)
171 1 0 1 1 0 1 1 0 1
-5 2 0 1
+4 1

fn=(36) init_cpu_features.constprop.0
682 1 0 1 1 0 0 1
+17 1
-17 7 0 5
+3 1 0 1
+1 1 0 1 1 0 0 1
+1 1 0 1
+3 1 0 1 0 0 1 0 0 1
+9 2 0 1
+3 6 0 0 1 0 0 1 0 0 3 1
1001 3 1 0 1 0 0 1 0 0 1
+1 2 0 1
+3 2 0 0 0 0 0 0 0 0 1
+1 2 0 1
+6 1 0 1
+1 1 0 1
+1 1 0 1
+1 1 0 1 1 0 0 1
fi=(20) ./elf/../sysdeps/x86/dl-cacheinfo.h
792 1 0 1
+1 1 0 1
+2 1 0 1
+14 2 0 0 0 0 0 0 0 0 1 1
+85 1 1 0 1 0 0 1
+1 1 1
+15 1
-5 1 0 1
+5 1
-10 1 0 1 0 0 1 0 0 1
-6 1 0 1 0 0 1 0 0 1
+2 1 1
+14 1
-15 1 0 1
+2 1 1 0 1 0 0 1
-1 1 0 1
+2 1 1
-1 1 0 1
+2 1 1
-1 1 0 1
+1 1 0 1
+2 1 0 1
+1 1 0 1
+1 1 0 1 1 0 0 1
+1 1 0 1
+35 2 0 0 0 0 0 0 0 0 1
-15 3 1
+8 2
+27 6 0 0 1 0 0 1
+9 2 0 0 0 0 0 0 0 0 1 1
+19 2 1
+8 6 0 1 1 0 0 1
cfi=(11)
cfn=(28)
calls=1 387 
* 23 4 1 0 1 0 0 1 0 3 1
* 1 1
+2 2 0 0 0 0 0 0 0 0 1 1
+3 4 0 1
cfi=(11)
cfn=(28)
calls=1 387 
* 23 4 1 0 1 0 0 1 0 3 1
* 1 1
+2 2 0 0 0 0 0 0 0 0 1 1
+3 4 0 1 1 0 0 1
cfi=(11)
cfn=(28)
calls=1 387 
* 23 4 1 0 1 0 0 1 0 3 1
* 1 1
+1 5 0 1 0 0 0 0 0 0 1
+16 2 0 1 1 0 0 1
-12 5 0 2
cfi=(11)
cfn=(28)
calls=1 387 
* 23 4 1 0 1 0 0 1 0 3 1
* 1 1
+1 3 1 0 0 0 0 0 0 0 1 1
+6 3 0 1
+3 1 0 0 1 0 0 1
-3 2 0 1
cfi=(11)
cfn=(28)
calls=1 387 
* 23 4 1 0 1 0 0 1 0 3 1
* 1 1
+3 5 1 1
-3 1 0 1
+3 5 1 4 1 0 0 1
cfi=(11)
cfn=(58) __GI___tunable_set_val
calls=1 153 
* 62 9 6 5 0 0 5 0 0 9 4
+1 10 2 5 1 0 0 1
cfi=(11)
cfn=(58)
calls=1 153 
* 62 9 6 0 0 0 0 0 0 9 4
+1 11 2 5 1 0 0 1
cfi=(11)
cfn=(58)
calls=1 153 
* 62 9 6 0 0 0 0 0 0 9 1
+3 10 1 5
cfi=(11)
cfn=(58)
calls=1 153 
* 62 9 6 0 0 0 0 0 0 9
+2 10 1 5 1 0 0 1
cfi=(11)
cfn=(58)
calls=1 153 
* 62 9 6 0 0 0 0 0 0 9
+13 1 1
+2 1 1
fe=(16)
-23 1
fi=(20)
+21 1 1
+3 1 1 0 1 0 0 1
fe=(16)
-24 1
fi=(20)
+26 1 0 1
-5 1 1
+2 1 0 1
-2 1
+3 1 0 1
fe=(16)
-24 1
fi=(20)
+25 1 0 1
+3 1 0 1
-1 1 0 1 1 0 0 1
fe=(16)
-27 1 0 1
cfi=(11)
cfn=(28)
calls=1 387 
* 22 3 1 1 1 0 1 1 0 2 2
+3 4 0 1
cfi=(11)
cfn=(28)
calls=1 387 
* 24 4 1 0 1 0 0 1 0 3 2
+6 3 1 0 0 0 0 0 0 0 1 1
+54 1 1 0 1 0 0 1
-1 1 0 1
+1 1 0 0 0 0 0 0 0 0 1 1
+45 4 0 1
cfi=(11)
cfn=(28)
calls=1 387 
* 22 3 1 0 1 0 0 1 0 2 2
+2 4 0 1
cfi=(11)
cfn=(28)
calls=1 387 
* 22 3 1 0 1 0 0 1 0 2 2
+6 4 0 1
cfi=(11)
cfn=(28)
calls=1 387 
* 24 4 1 0 1 0 0 1 0 3 2
+7 8 7
fi=(20)
974 12 0 0 2 0 0 2
fe=(16)
+68 1 1
-1 2
+1 3 0 0 1 0 0 1 0 0 1 1
+44 3 1 0 0 0 0 0 0 0 1 1
+27 2 0 1
-10 2 0 0 1 0 0 1 0 0 1
+1 2 0 0 0 0 0 0 0 0 1
+2 3 0 0 0 0 0 0 0 0 1
+1 2 1 0 0 0 0 0 0 0 1
+2 3 0 0 0 0 0 0 0 0 1
+1 2
fi=(20)
811 2 0 1 1 0 0 1
cfn=(50) handle_intel.constprop.0
calls=1 255 
* 455 49 19 13 6 0 13 6 0 116 24
+1 1
-1 1 0 1
+1 1 0 1 1 0 0 1
cfn=(50)
calls=1 255 
* 503 49 19 0 0 0 0 0 0 128 24
+1 1
-1 1
+1 1 0 1
cfn=(50)
calls=1 255 
* 530 49 19 0 0 0 0 0 0 136 20
+4 1
-4 1 0 1
+1 2 0 2
+3 1 0 1
cfn=(50)
calls=1 255 
* 476 49 19 0 0 0 0 0 0 120 11
+2 1
-2 1 0 1
+2 1 0 1
cfn=(50)
calls=1 255 
* 468 49 19 1 0 0 1 0 0 122 9
+3 1
-3 1 0 1 1 0 0 1
+1 2 1 1
+2 1 0 1
cfn=(50)
calls=1 255 
* 446 49 19 0 0 0 0 0 0 117 11
+2 1
-2 1 0 1
+2 1 0 1
cfn=(50)
calls=1 255 
* 447 49 19 0 0 0 0 0 0 118 9
+3 1
-2 1 0 1
-1 1 0 1
+3 1 0 1
cfn=(50)
calls=1 255 
* 494 49 19 0 0 0 0 0 0 129 15
+2 1 0 0 1 0 0 1
-2 1 0 1
+2 1 0 1
cfn=(50)
calls=1 255 
* 495 49 19 0 0 0 0 0 0 130 9
+1 1 1
+2 1
-3 1 0 1
+1 1 0 1
+2 1 0 1
cfn=(50)
calls=1 255 
* 521 49 19 0 0 0 0 0 0 137 12
+2 1
-2 1 0 1
+2 1 0 1
cfn=(50)
calls=1 255 
* 522 49 19 0 0 0 0 0 0 138 10
+2 1 0 0 1 0 0 1
-2 1
+2 1 0 1
cfn=(50)
calls=1 255 
* 523 49 19 0 0 0 0 0 0 137 18
+2 4 1
-2 1 0 1
+2 1 0 1
cfn=(56) get_common_cache_info.constprop.0
calls=1 571 
* 223 25 21 14 0 0 14 0 0 40 13
+93 1 1
-6 3 3 0 1 0 0 1
+6 1
-6 2 1 1
+6 2
-6 2 1 1
+6 2 1
-1 2
fe=(16)
708 6 0 1 2 0 0 2
cfn=(38) get_common_indices.constprop.0
calls=1 398 
* 74 10 23 6 0 3 6 0 3 8 1
376 3
+1 2 0 0 0 0 0 0 0 0 1
+1 6 0 4
+5 2 0 0 1 0 0 1 0 0 1 1
713 1 0 1
cfn=(42)
calls=1 72 
* 222 39 42 21 1 2 21 1 2 27 13
+2 1 1
+2 1 1
1015 1 1
715 2 0 0 0 0 0 0 0 0 1 1
878 2 1 0 1 0 0 1 0 0 1
+7 2 1 0 0 0 0 0 0 0 1
+2 2 0 1
+4 2 0 0 0 0 0 0 0 0 1
+6 2 1 0 0 0 0 0 0 0 1 1
+2 1 0 0 1 0 0 1
706 2 0 1
-3 1
384 6 0 4 1 0 0 1
+5 2 0 0 0 0 0 0 0 0 1
+1 7 0 4 1 0 0 1
717 1 1 0 1 0 0 1
fi=(20)
987 1 1
-48 1 1
fe=(16)
717 1
fi=(20)
987 2 0 1
fe=(16)
717 6 1 1 1 1 0 1 1 0 1
+4 7 1 0 0 1 0 0 1 0 1 0 1 1
+78 1 0 1 1 0 0 1
-25 3 2 0 0 0 0 0 0 0 1 1
+92 2 0 0 0 0 0 0 0 0 1
+3 2 0 1
fi=(20)
+38 1 1
fe=(16)
-37 1 0 0 1 0 0 1
-89 2 0 1 1 0 0 1
+51 2 0 0 0 0 0 0 0 0 1 1

fn=(38)
398 3 0 2 1 0 0 1
+4 4 0 0 0 0 0 0 0 0 1
+3 3 0 1
+5 2
-5 1 0 1
+5 1
-5 1 0 1
+4 1 0 1
+1 1 0 1
+1 4 0 1 1 0 0 1
+1 4 0 1
+1 3 0 1
+1 2 1 0 0 0 0 0 0 0 1
+7 2 1 0 0 0 0 0 0 0 1
+2 5
+5 1 0 0 1 0 0 1
-5 1 0 1 0 0 1 0 0 1
+5 1
-5 1 0 1
+5 1
-5 2 0 2
+5 1
+7 1 1
-7 4 0 4 1 0 1 1 0 1
+7 1 0 0 0 0 0 0 0 0 1
+1 3
+6 1 1
-6 4 0 4 0 0 1 0 0 1
+6 1 0 0 0 0 0 0 0 0 1 1
fi=(17) ./elf/../sysdeps/unix/sysv/linux/x86/dl-minsigstacksize.h
24 2 1 0 2 0 0 2 0 0 1
+3 2 1 0 0 0 0 0 0 0 1
+1 2 1 0 0 0 0 0 0 0 1
+37 3
+7 1
+2 1 0 1
fe=(16)
457 3 3

fl=(32)
fn=(244)
98 1 0 0 1 0 0 1
+27 1
+1 1 0 0 0 0 0 0 0 0 1 1
+1 1
+1 1 0 0 0 0 0 0 0 0 1
+1 1
+2 1
+1 1
+2 1 0 0 1 0 0 1
+1 1
+21 1
+1 1 0 0 0 0 0 0 0 0 1
+1 1
+1 1 0 0 0 0 0 0 0 0 1
+1 1 1
+1 1 1
+1 1 1
+1 1 1
+17 1
+1 1
+1 1
+1 1
+1 1
+1 1
+1 1 0 0 1 0 0 1 0 0 1 1
2104 1 0 0 1 0 0 1
+3 1
+1 1 0 0 0 0 0 0 0 0 1
+2 1 1
+1 1 1
+8 1
+1 1 1

fn=(94)
98 297 0 0 1 0 0 1
+33 297
+1 297
+2 297
+1 297
+21 297
+1 297 0 0 0 0 0 0 0 0 297 54
+1 225
+1 225 0 0 0 0 0 0 0 0 225 23
+1 205 205 0 0 21 0 0 19
+1 205 205 0 1 5 0 1 4
+1 205 205
+1 205 205
+17 205
+1 205
+1 205
+1 205
+1 205
+1 205
+1 205 0 0 0 0 0 0 0 0 205 53
+5 16
+1 48
+9 16
+1 16
+1 16
+1 16
+1 16
+1 16
+1 16
+1 16 0 0 0 0 0 0 0 0 16 2
-7 92 0 0 1 0 0 1
+1 92
+1 92
+1 92
+1 92
+1 92
+1 92
+1 92 0 0 0 0 0 0 0 0 92 9
+1 104 0 0 0 0 0 0 0 0 104 49
+1 41
+1 41
+1 41
+2 41
+1 41
+1 41
+1 41 41
+1 41
+1 41 0 0 0 0 0 0 0 0 0 0 41 34
-5 63
+1 63
+1 63
+1 63 63 0 0 2 0 0 2
+1 63
+1 63 0 0 0 0 0 0 0 0 0 0 63 33
+10 4 4 0 1 0 0 1
+1 4
+1 4
+2 4 4
+6 4
+1 4
+1 4
+1 4
+1 4
+5 4 0 0 0 0 0 0 0 0 4 2
+52 6 0 0 1 0 0 1
+1 6 6
+1 6 6 0 0 1 0 0 1
+1 6
+1 6
+2 6
+1 6
+1 6 0 0 1 0 0 1
+1 6
+1 6
+1 6
+1 6 0 0 0 0 0 0 0 0 6
+1 6 6
+3 6
+1 6
+1 6
+6 6
+1 6
+1 12
+4 6 0 0 1 0 0 1
+1 6 0 0 0 0 0 0 0 0 6
+3 6 6
+1 6 6
+1 6
+2 6
+1 6
+1 6
+4 6
+1 6
+1 6
+1 6
+1 6
+1 6 0 0 1 0 0 1 0 0 6
661 1 0 0 1 0 0 1
+1 1 1
+1 1 1
+1 1
+1 1
+2 1
+1 1
+1 1 0 0 1 0 0 1
+1 1
+1 1
+1 1
+1 1 0 0 0 0 0 0 0 0 1
780 1 0 0 1 0 0 1
+1 1 1
+1 1 1
+1 1
+1 1
+2 1
+1 1
+1 1 0 0 1 0 0 1
+1 1
+1 1
+1 1
+1 1 0 0 0 0 0 0 0 0 1
899 3 0 0 1 0 0 1
+1 3 3 0 0 1 0 0 1
+1 3 3 0 0 2 0 0 2
+1 3
+1 3
+2 3
+1 3
+1 3 0 0 1 0 0 1
+1 3
+1 3
+1 3
+1 3 0 0 0 0 0 0 0 0 3
+1 2 2
+4 2
+1 2
+1 2
+6 2
+1 2
+1 4
+4 2 0 0 1 0 0 1
+1 2 0 0 0 0 0 0 0 0 2
+3 2 2 0 0 2 0 0 2
+1 2 2
+1 2
+2 2
+1 2
+1 2
+4 2
+1 2
+1 2
+1 2
+1 2
+1 2 0 0 1 0 0 1 0 0 2 1
+7 1
+1 1
+2 1
+1 1 0 0 0 0 0 0 0 0 1
+2 1 1
+1 1 1
+1 1
+2 1
+1 1
+1 1
+4 1
+1 1
+1 1
+1 1
+1 1 0 0 1 0 0 1
+1 1 0 0 0 0 0 0 0 0 1 1
+41 3 0 0 1 0 0 1
+1 3 3
+1 3 3 0 0 2 0 0 2
+1 3
+1 3
+2 3
+1 3
+1 3 0 0 1 0 0 1
+1 3
+1 3
+1 3
+1 3 0 0 0 0 0 0 0 0 3 1
+1 2 2
+4 2
+1 2
+1 2
+6 2
+1 2
+1 4
+4 2 0 0 1 0 0 1
+1 2 0 0 0 0 0 0 0 0 2
+3 2 2 0 0 2 0 0 2
+1 2 2
+1 2
+2 2
+1 2
+1 2
+4 2
+1 2
+1 2
+1 2
+1 2
+1 2 0 0 1 0 0 1 0 0 2 1
+69 4 0 0 1 0 0 1
+1 4 4 0 0 1 0 0 1
+1 4 4
+1 4
+1 4
+2 4
+1 4
+1 4 0 0 1 0 0 1
+1 4
+1 4
+1 4
+1 4 0 0 0 0 0 0 0 0 4 2
+1 1 1
+4 1
+1 1
+1 1
+6 1
+1 1
+1 2
+4 1 0 0 1 0 0 1
+1 1 0 0 0 0 0 0 0 0 1
+3 1 1
+1 1 1 0 0 1 0 0 1
+1 1
+2 1
+1 1
+1 1
+4 1
+1 1
+1 1
+1 1
+1 1
+1 1 0 0 1 0 0 1 0 0 1
+69 31 0 0 1 0 0 1
+1 31 31
+1 31 31 0 0 1
+1 31
+1 31
+2 31
+1 31
+1 31 0 0 1 0 0 1
+1 31
+1 31
+1 31
+1 31 0 0 0 0 0 0 0 0 31 4
+1 21 21
+4 21
+1 21
+1 21
+6 21
+1 21
+1 42
+4 21 0 0 1 0 0 1
+1 21 0 0 0 0 0 0 0 0 21
+3 21 21 0 0 1 0 0 1
+1 21 21 0 0 1 0 0 1
+1 21
+2 21
+1 21
+1 21
+4 21
+1 21
+1 21
+1 21
+1 21
+1 21 0 0 1 0 0 1 0 0 21 3
+69 5 0 0 2 0 0 1
+1 5 5
+1 5 5
+1 5
+1 5
+2 5
+1 5
+1 5 0 0 1 0 0 1
+1 5
+1 5
+1 5
+1 5 0 0 0 0 0 0 0 0 5
+1 4 4
+4 4
+1 4
+1 4
+6 4
+1 4
+1 8
+4 4 0 0 1 0 0 1
+1 4 0 0 0 0 0 0 0 0 4
+3 4 4
+1 4 4 0 0 2 0 0 1
+1 4
+2 4
+1 4
+1 4
+4 4
+1 4
+1 4
+1 4
+1 4
+1 4 0 0 1 0 0 1 0 0 4 3
+69 15 0 0 1 0 0 1
+1 15 15 0 0 3 0 0 3
+1 15 15 0 0 2 0 0 2
+1 15
+1 15
+2 15
+1 15
+1 15 0 0 1 0 0 1
+1 15
+1 15
+1 15
+1 15 0 0 0 0 0 0 0 0 15 8
+1 6 6
+4 6
+1 6
+1 6
+6 6
+1 6
+1 12
+4 6 0 0 1 0 0 1
+1 6 0 0 0 0 0 0 0 0 6
+3 6 6 0 0 1 0 0 1
+1 6 6 0 0 2 0 0 2
+1 6
+2 6
+1 6
+1 6
+4 6
+1 6
+1 6
+1 6
+1 6
+1 6 0 0 1 0 0 1 0 0 6 3
+69 4 0 0 1 0 0 1
+1 4 4
+1 4 4 0 0 1 0 0 1
+1 4
+1 4
+2 4
+1 4
+1 4 0 0 1 0 0 1
+1 4
+1 4
+1 4
+1 4 0 0 0 0 0 0 0 0 4 2
+1 1 1
+4 1
+1 1
+1 1
+6 1
+1 1
+1 2
+4 1 0 0 1 0 0 1
+1 1 0 0 0 0 0 0 0 0 1
+3 1 1
+1 1 1
+1 1
+2 1
+1 1
+1 1
+4 1
+1 1
+1 1
+1 1
+1 1
+1 1 0 0 1 0 0 1 0 0 1
+7 1
+1 1
+2 1
+1 1 0 0 0 0 0 0 0 0 1
+2 1 1
+1 1 1 0 0 1 0 0 1
+1 1
+2 1
+1 1
+1 1
+4 1
+1 1
+1 1
+1 1
+1 1 0 0 1 0 0 1
+1 1 0 0 0 0 0 0 0 0 1 1
+41 14 0 0 1 0 0 1
+1 14 14 0 0 3 0 0 3
+1 14 14 0 0 2 0 0 2
+1 14
+1 14
+2 14
+1 14
+1 14 0 0 1 0 0 1
+1 14
+1 14
+1 14
+1 14 0 0 0 0 0 0 0 0 14 4
+1 11 11
+4 11
+1 11
+1 11
+6 11
+1 11
+1 22
+4 11 0 0 1 0 0 1
+1 11 0 0 0 0 0 0 0 0 11
+3 11 11
+1 11 11 0 0 3 0 0 3
+1 11
+2 11
+1 11
+1 11
+4 11
+1 11
+1 11
+1 11
+1 11
+1 11 0 0 1 0 0 1 0 0 11 4
+7 1
+1 1
+2 1
+1 1 0 0 0 0 0 0 0 0 1
+2 1 1
+1 1 1
+1 1
+2 1
+1 1
+1 1
+4 1
+1 1
+1 1
+1 1
+1 1 0 0 1 0 0 1
+1 1 0 0 0 0 0 0 0 0 1 1
+41 5 0 0 1 0 0 1
+1 5 5 0 0 1
+1 5 5
+1 5
+1 5
+2 5
+1 5
+1 5 0 0 1 0 0 1
+1 5
+1 5
+1 5
+1 5 0 0 0 0 0 0 0 0 5 2
+1 3 3
+4 3
+1 3
+1 3
+6 3
+1 3
+1 6
+4 3 0 0 2 0 0 1
+1 3 0 0 0 0 0 0 0 0 3
+3 3 3
+1 3 3
+1 3
+2 3
+1 3
+1 3
+4 3
+1 3
+1 3
+1 3
+1 3
+1 3 0 0 1 0 0 1 0 0 3 1
+69 12 0 0 1 0 0 1
+1 12 12
+1 12 12 0 0 1 0 0 1
+1 12
+1 12
+2 12
+1 12
+1 12 0 0 1 0 0 1
+1 12
+1 12
+1 12
+1 12 0 0 0 0 0 0 0 0 12 6
+2 3 3
+4 3
+1 3
+1 3
+6 3
+1 3
+2 6
+4 3 0 0 1 0 0 1
+1 3 0 0 0 0 0 0 0 0 3
+3 3 3
+1 3 3 0 0 1 0 0 1
+1 3
+2 3
+1 3
+1 3
+4 3
+1 3
+1 3
+1 3
+1 3
+1 3 0 0 1 0 0 1 0 0 3 2
+71 60
+2 60
+1 60
+1 60
+1 60 0 0 0 0 0 0 0 0 60 4
-3 48 0 0 1 0 0 1
+1 48
+1 48
+1 48 0 0 0 0 0 0 0 0 48 13
+1 82
+5 41
+6 41 41
+1 41 41
+8 41
+1 41 41
-16 256 0 0 1 0 0 1
+6 256 256
+1 256 256
+8 256
+1 256 256

fl=(71) ./malloc/./malloc/scratch_buffer_set_array_size.c
fn=(228) __libc_scratch_buffer_set_array_size
30 39 0 12 1 0 0 1
+4 3
+1 6 0 0 0 0 0 0 0 0 3 2
+10 6 3 0 0 0 0 0 0 0 3 2
+18 3 0 0 1 0 0 1
-17 3
+17 15 15

fl=(264)
fn=(972)
24 40 0 20 1 0 0 1
+4 10 5 0 0 0 0 0 0 0 5
+6 5 5 0 0 5
-2 5 0 5 1 0 0 1
+3 10 0 0 0 0 0 0 0 0 5 2
+3 3 3 0 0 3
+1 3 3 0 0 1
-1 3 3 0 0 1
+1 6 3
+3 12 0 0 0 0 0 0 0 0 3
+1 3 3 3 0 3 0 0 0 0 0 0 3 3
cob=(3) /usr/lib/x86_64-linux-gnu/libm.so.6
cfi=(186) ???
cfn=(1018) 0x00000000000104a0
calls=1 -43 
* 98 26 17 5 2 0 2 0 0 17 1 1 1
cob=(5) /usr/libexec/valgrind/vgpreload_core-amd64-linux.so
cfi=(181) ???
cfn=(1000) 0x00000000000010d0
calls=1 -43 
* 98 26 17 5 2 0 1 0 0 17 4 1 1
cob=(6)
cfi=(187)
cfn=(974) 0x00000000000012e0
calls=1 -43 
* 98 26 17 11 3 1 9 1 1 17 8 1 1
-1 12 0 0 0 0 0 0 0 0 3
+5 5 5 0 1 5 0 1
+1 10 0 0 0 0 0 0 0 0 5 2
+1 6 6 0 0 2
+1 15 12
-1 3 0 0 0 0 0 0 0 0 0 0 3 3
cob=(4) ???
cfi=(178) ???
cfn=(1034) 0x00000000048f73a8
calls=1 -49 
* 4 1 0 1 0 0 1
cob=(4)
cfi=(178)
cfn=(1016) 0x000000000483d294
calls=1 -49 
* 4 1 0 1 0 0 1
cob=(4)
cfi=(178)
cfn=(996) 0x000000000010a76c
calls=1 -49 
* 4 1
+1 12 10

fl=(167)
fn=(532)
95 10 5 5 1 1 4 1 0 3
+1 10 5 5 1 0 0 1
+1 5 0 5
+6 25 10 0 0 4
+1 145 0 0 0 0 0 0 0 0 50 4
+1 100 50 0 1 43 0 1 8 0 50 19
+2 15 10 5 0 1
+5 5 5

fl=(171) ./elf/./elf/dl-lookup-direct.c
fn=(548) _dl_lookup_direct
74 30 0 18 1 0 0 1
+2 3 3
-2 6 0 6 1 0 0 1
+4 3 3
-4 3 0 3
+2 3 0 0 0 0 0 0 0 0 3 1
+2 9
+37 3
-37 9 6
+1 6 0 0 0 0 0 0 0 0 3
+2 12 3 3 1 0 0 1
+3 25 5 0 0 2 0 0 1 0 5 2
+2 6 3
-54 3
+54 3
-54 3 3
+54 3
-54 9 6 0 0 0 0 0 0 0 3 3
+1 9 0 0 1 0 0 1
+2 6 3 0 0 3 0 0 3
+1 6 3 0 0 0 0 0 0 0 3
+12 9 3 3 0 0 0 0 0 0 3
+3 3 3
+2 6 3 3
-2 3 3
+2 9 3 3 1 0 0 1
cfi=(32)
cfn=(94)
calls=3 +45 
* 209 28 0 0 7 0 0 7 0 22 5 3 3
* 6 0 0 0 0 0 0 0 0 3
+4 6 6
+1 3 3
-1 3 3
+1 18 6 0 0 0 0 0 0 0 3
+1 9 6 3
cfi=(32)
cfn=(94)
calls=3 +39 
* 198 27 0 0 1 0 0 1 0 21 4 3 3
* 6 0 0 0 0 0 0 0 0 3
+57 27 21
-23 6 0 0 2 0 0 2 0 0 2 2

fl=(41)
fn=(118)
32 19 0 0 1 0 0 1
+1 19
+1 19
+1 19
+1 19 0 0 1 0 0 1
+1 19
+1 19
+1 19
+1 19 0 0 0 0 0 0 0 0 19
+1 19 19 0 0 1 0 0 1
+1 19
+1 19
+1 19
+1 19
+1 19
+1 19
+1 19
+1 19 0 0 0 0 0 0 0 0 19 3
+1 16
+4 16
+1 16 0 0 1 0 0 1
+1 16 16
+1 16
+2 16 16
+4 3 3
+1 3
+1 3
+1 3
+1 3
+1 3
+1 3 3 0 0 1 0 0 1
+1 3
+1 3
+1 3
+1 3
+1 3 0 0 1 0 0 1
+1 3
+1 3 3
+1 3
+1 3
+1 3
+1 3
+1 3
+1 3
+1 3
+1 3
+1 3
+1 3 0 0 0 0 0 0 0 0 3 3
+52 3 0 0 1 0 0 1
+4 3
+1 3
+1 3 3
+1 3
+2 3 3

fl=(57)
fn=(182)
47 16 0 0 1 0 0 1
+3 32 0 0 0 0 0 0 0 0 16
-3 96 0 48 0 0 1 0 0 1
+6 32 0 0 0 0 0 0 0 0 16 5
+5 96 0 0 0 0 0 0 0 0 16
+2 64 64
-7 36 3 0 1 0 0 1 0 0 9 4

fl=(70) ./io/../sysdeps/unix/sysv/linux/pread64_nocancel.c
fn=(224) __pread64_nocancel
25 4
+1 8 0 0 0 0 0 0 0 0 2
+1 2 2

fl=(67) ./elf/./elf/dl-cache.c
fn=(572) _dl_unload_cache
525 1 0 0 1 0 0 1
+1 4 1 0 0 1 0 0 0 0 1 1
-1 1 0 1
+3 1 1
-3 1
+3 1 0 1
cfi=(140) ./misc/../sysdeps/unix/syscall-template.S
cfn=(574) munmap
calls=1 117 
* 6 1 0 0 0 0 0 0 0 1
+7 1 1 0 1 0 0 1
-6 1 0 1
+4 1 0 1
+2 1 1

fn=(222) _dl_cache_libcmp
357 22 0 0 1 0 0 1
+1 22 22
+32 22 22 0 0 17 0 0 17
-33 22
+1 54 0 0 1 0 0 1 0 0 27 2
+2 125
+2 125
-2 250 0 0 0 0 0 0 0 0 125 7
+20 240 0 0 0 0 0 0 0 0 120
+2 240 0 0 0 0 0 0 0 0 120 17
-12 103 103
+2 103 103 0 0 1 0 0 1
+14 103
+1 103
-29 206 0 0 0 0 0 0 0 0 103 8
+32 15 5
-28 10 0 0 1 0 0 1 0 0 5
+6 5
+2 5 5
-2 5
+1 5
-1 5
+1 5
-1 5
+2 15 0 0 0 0 0 0 0 0 5 2
+2 5 5
-3 5
+3 15 0 0 0 0 0 0 0 0 5 2
+2 10 0 0 0 0 0 0 0 0 5 2
+9 51 17 0 1 0 0 1

fn=(214) _dl_load_cache_lookup
403 20 0 14 1 0 1 1 0 1
+2 4 2 0 0 0 0 0 0 0 2
+3 6 2 0 1 0 0 1 0 0 2 2
+69 3 1 0 0 0 0 0 0 0 1
+5 2 2
205 2 2
482 4 0 0 0 0 0 0 0 0 2
+3 6 2 2
fi=(69) ./elf/../sysdeps/x86/dl-procinfo.h
39 4 0 0 1 0 0 1 0 0 2
+3 6 0 2
cfi=(32)
cfn=(94)
calls=2 +56 
* 50 14 0 0 1 0 0 1 0 6 2
* 8 0 2 0 0 0 0 0 0 2 2
fe=(67)
208 12 0 4 1 0 0 1
cfi=(11)
cfn=(28)
calls=2 387 
* 46 8 2 0 1 0 0 1 0 6 1
* 2 2
+12 2
-10 2 2
-2 2 0 2 1 0 0 1
+12 4 0 0 0 0 0 0 0 0 2
-7 10 0 2
+9 10
+1 2
-32 4
+36 2 2 0 1 0 0 1
-4 2 2 0 0 1 0 0 1
+4 4 0 0 0 0 0 0 0 0 2
-5 75
+1 15
-32 30
+36 15 15
-4 15 15 0 0 14 0 0 14
+4 30 0 0 0 0 0 0 0 0 15
+4 51 17 17
cfn=(222)
calls=17 357 
* 1317 197 0 4 17 0 4 17 0 358 31
+1 34 0 0 0 0 0 0 0 0 17 2
346 15 0 0 0 0 0 0 0 0 15 8
+3 5
220 10 0 0 0 0 0 0 0 0 5 2
347 10 0 0 1 0 0 1
220 24 2 0 0 0 0 0 0 0 10 2
+2 20 4 6 1 0 0 1
+20 10 5 0 0 1 0 0 1
+3 10 0 0 0 0 0 0 0 0 5
+2 20 0 5
cfn=(222)
calls=5 357 
* 584 85 0 0 1 0 0 1 0 157 9
* 10 0 0 0 0 0 0 0 0 5 1
+2 3
-9 10 0 0 0 0 0 0 0 0 5 4
-30 6 4
+1 2 0 0 1 0 0 1
fi=(270) ./elf/../sysdeps/x86/dl-isa-level.h
28 4 2 2
fe=(67)
210 4 0 2
fi=(270)
28 2 2
fe=(67)
210 2 0 2
+1 2
-1 6 0 2
+76 6 0 0 1 0 0 1
fi=(270)
28 6 0 2
fe=(67)
342 8 0 2 0 0 0 0 0 0 2
-83 8 4 0 0 0 0 0 0 0 4 4
+10 12 8 0 1 0 0 1 0 0 4 2
+1 8 2 0 0 0 0 0 0 0 2
+16 2
fi=(68) ./elf/../sysdeps/generic/dl-cache.h
125 2 2 0 1 0 0 1
fe=(67)
286 6 0 0 0 0 0 0 0 0 2
+9 4 2 0 0 0 0 0 0 0 2
+3 4 2 0 0 0 0 0 0 0 2
+3 2
+1 6 2 0 1 0 0 1 0 0 2 2
+28 4 0 2
500 4 2 0 0 0 0 0 0 0 2
+12 4 2 2
cfi=(22)
cfn=(62)
calls=2 57 
* 70 10 0 0 2 0 0 2 0 6 2
+1 2
-1 2
+1 24 0 2 1 0 0 1 0 0 4 2
+1 2
-1 2
+1 2 2 0 1 0 0 1
-1 2
+1 2 0 2
cfi=(29)
cfn=(82)
calls=2 210 
* 22 6 4 0 0 0 0 0 0 4
* 2
+1 2 0 2
cfi=(44) ./string/./string/strdup.c
cfn=(138) strdup
calls=2 40 
* 190 38 28 0 0 1 0 0 1 18 2 2
+1 16 14
411 4 0 1 1 0 0 1
cfi=(52)
cfn=(216) _dl_sysdep_read_whole_file
calls=1 36 
* 103 15 15 3 0 0 3 0 0 12 4
* 1
+8 5 1 0 1 0 0 1 0 0 2
+1 8 3 0 1 1 0 1 1 0 2 1
+3 3
+1 1 1
-1 3 0 0 1 0 0 1 0 0 1
fi=(68)
194 1 1
+1 5 0 0 0 0 0 0 0 0 2 1
fe=(67)
431 1 0 1 1 0 0 1
+1 2 0 1

fl=(30) ./elf/./elf/dl-load.c
fn=(132) fillin_rpath.isra.0
468 9 0 6 2 0 0 2
+4 1
-4 8 0 6
+6 3 2 1
cfi=(7)
cfn=(134)
calls=1 239 
* 240 74 1 2 1 0 2 1 0 73 13
* 3 2 1
cfi=(7)
cfn=(134)
calls=1 239 
* 8 3 0 0 0 0 0 0 0 2 1
* 6 0 0 1 0 0 1 0 0 2 1
+7 2 1 0 0 0 0 0 0 0 1
+2 3 1 1
cfn=(136) expand_dynamic_string_token
calls=1 -98 
* 125 25 21 4 0 1 4 0 1 11 3 1 1
* 1
+4 2 0 0 0 0 0 0 0 0 1
+5 2 0 1
cfi=(22)
cfn=(62)
calls=1 57 
* 17 2 0 0 0 0 0 0 0 2
* 1
+1 2 0 0 0 0 0 0 0 0 1 1
+7 5 1 0 1 0 0 1 0 0 2 2
+9 15 5 0 0 0 0 0 0 0 5 2
+1 8 4 0 1 0 0 1 0 0 4 4
fi=(28)
50 2 2 1 1 0 0 1 0 0 0 0 1 1
cfi=(27)
cfn=(142)
calls=1 +47 
* 5 2 0 1 0 0 1 0 0 1
+1 1
fe=(30)
528 4 1 1 1 0 0 1 0 0 1 1
+4 4 2
fi=(28)
56 1 1 1 0 0 0 0 0 0 0 0 1 1
cfi=(27)
cfn=(78)
calls=1 -20 
* 30 7 7 0 0 0 0 0 0 3
* 1
fe=(30)
534 2 0 0 1 0 0 1 0 0 1
+5 1 1
+1 2
-1 1
-1 1 0 1
+2 1 0 1
cfi=(29)
cfn=(126)
calls=1 197 
* 13 3 2 0 0 1 0 0 1 2 2
+3 1 1
-3 1 0 1
+1 1 0 1
+2 1 0 0 0 0 0 0 0 0 1 1
+6 1
+1 1 1 0 1 0 0 1
-1 3 1
+1 5 0 0 0 0 0 0 0 0 2 1
+1 1 0 0 1 0 0 1
-1 1
+1 1 0 1
-1 3 0 0 0 0 0 0 0 0 1
+1 1 0 1
-1 2 0 0 0 0 0 0 0 0 1
+1 1 0 1
+2 2 1 1
+1 3 1 0 1 0 0 1 0 0 1 1
+1 1 0 1
+6 2 1 1
+1 1 0 1
+3 3 0 1
-60 2 0 1 1 0 0 1
-22 2 0 1
+88 1 0 1
+3 8 7
-24 2

fn=(204) _dl_dst_count
238 10 0 5 1 0 0 1
+3 5
-3 25 0 20
+7 5
-7 10 0 5
+3 5 0 5 0 0 1 0 0 1
cfi=(41)
cfn=(118)
calls=5 32 
* 168 21 0 0 2 0 0 2 0 12 4
+3 10 0 0 0 0 0 0 0 0 5
+20 45 35 0 1 0 0 1

fn=(106) _dl_init_paths
706 11 0 7 2 0 0 2
+14 1
-14 2 0 1
+14 2 0 1
cfi=(37) ./elf/./elf/dl-hwcaps.c
cfn=(108) _dl_important_hwcaps
calls=1 172 
* 1244 255 222 34 1 8 34 1 8 136 46 2 2
fi=(28)
56 1
fe=(30)
720 1 0 1 0 0 1 0 0 1
fi=(28)
56 1 1 1 0 0 0 0 0 0 0 0 1 1
cfi=(27)
cfn=(78)
calls=1 -20 
* 30 7 7 0 0 0 0 0 0 3
fe=(30)
725 1 0 1
+2 3 0 0 1 0 0 1 0 0 1
+8 2 1
-1 3
+5 3
fi=(28)
56 1 1 1 0 0 0 0 0 0 0 0 1 1
cfi=(27)
cfn=(78)
calls=1 -20 
* 30 7 7 0 0 0 0 0 0 3
fe=(30)
739 1 0 1 0 0 1 0 0 1
+2 4 2 0 1 0 0 1 0 0 1
+7 1 0 1
+8 1
+2 1
+12 2
-23 1 0 1
+9 1 0 1 1 0 0 1
+11 1 1
-4 1
-5 1 0 1
+3 2 0 1 0 0 1 0 0 1
+7 2 0 1
+2 2
-11 1 0 1
+11 3 0 1 1 0 0 1
-8 1 0 1
+4 1
+1 3 0 1 0 0 0 0 0 0 1
+1 16 4 4
cfi=(43)
cfn=(130)
calls=4 132 
* 56 4 8 3 0 1 3 0 1 8 7
+2 15 3 0 0 0 0 0 0 0 4 1
-14 3
+10 3
+4 9 3 3 1 0 0 1
-12 3
-2 3 0 3
+2 3 0 3 0 0 2 0 0 2
+4 3 3 0 0 1 0 0 1
-3 3 0 3
+3 3 0 3 0 0 1 0 0 1
+1 3
-2 3 0 3
+5 9 3 0 0 1 0 0 1 0 3
+1 6 0 0 1 0 0 1 0 0 3 3
+3 1 0 1
+15 1
-8 1 0 1
+5 1 1
-6 1 0 1
+9 2
+2 4 1 0 1 0 0 1 0 0 1
+2 3 1 0 0 0 0 0 0 0 1 1
+36 5 2 0 1 0 0 1 0 0 2 1
+2 2 0 1 1 0 0 1
cfi=(22)
cfn=(62)
calls=1 57 
* 17 2 0 0 0 0 0 0 0 2
* 9 0 0 0 0 0 0 0 0 1 1
-19 1 1 0 1 0 0 1
-2 1 0 1
+2 2 0 0 0 0 0 0 0 0 1 1
+19 9 1 1 2 0 0 2 0 0 1 1
cfi=(29)
cfn=(82)
calls=1 210 
* 11 3 2 0 0 0 0 0 0 2 2
* 1
+5 4 1 0 0 0 0 0 0 0 1
-1 2
+2 1
+1 2
-2 4 1 0 1 0 0 1 0 0 1 1
+1 13
+1 26
-2 52 13 0 0 0 0 0 0 0 13 9
+5 1
fi=(28)
56 1 1 1 0 0 0 0 0 0 0 0 1 1
cfi=(27)
cfn=(78)
calls=1 -20 
* 30 7 7 0 0 0 0 0 0 3
fe=(30)
836 1 0 1
fi=(28)
56 1
fe=(30)
838 2 0 0 0 0 0 0 0 0 1
+6 6 1 1
cfn=(132)
calls=1 468 
* 581 152 65 19 1 2 19 1 2 118 33 3 3
+3 3 2 0 0 0 0 0 0 0 1
+6 1 0 1
+4 8 7
-35 2 0 1 1 0 0 1
+5 2 0 1 1 0 0 1

fn=(176) _dl_map_object_from_fd
944 30 0 18 1 0 0 1
+15 3 3
-15 6 0 6 1 0 2 1 0 2
+15 3
-15 6 0 6
+15 6 0 3 0 0 0 0 0 0 3 3
+77 12 3 3 1 0 0 1 0 0 3
+10 6 3 0 0 0 0 0 0 0 3
+7 21 15 3
cfi=(26)
cfn=(72)
calls=3 59 
* 1184 242 179 10 3 26 9 3 26 159 53 9 1
* 3 0 0 1 0 0 1
+1 6 0 0 0 0 0 0 0 0 3
+11 3 3
+5 3 3
-4 3 3
-1 3 0 3 0 0 1 0 0 1
+2 3 3
+2 3
-2 3 0 3
+2 6
+1 9 3 0 1 0 0 1 0 0 3 1
+1 4 0 2
+19 4 2
-2 2 0 2
+2 22 1 0 1 0 0 1 0 0 2 2
-2 1 0 1
+2 37 0 6 1 0 0 1 0 0 4 1
+10 3 3
-10 3
+10 9 0 0 0 0 0 0 0 0 3
+27 3 3
-33 3
-3 3
+2 3 0 3
-1 3 0 3
+35 3
+9 3 0 0 1 0 0 1
-50 3 0 3
+41 3 0 3
+9 3
-36 3 3
+63 15 0 12
-62 124 0 0 1 0 0 1 0 0 62 12
+26 84 36 0 0 2 0 0 2 0 12
+8 24 12 0 1 0 0 1
+1 12
-1 12
+1 48
+1 12 12 0 0 4 0 0 4
-1 12 0 12 0 0 4 0 0 4
+1 12
+2 12 12 0 0 1 0 0 1
-2 12
+2 12 0 12 0 0 4 0 0 4
+2 12 12 0 0 1 0 0 1
-4 12
+1 12 0 12
+3 12
-4 12 0 12 1 0 0 1
+4 60
+2 24 0 12
+13 24 0 0 0 0 0 0 0 0 12 3
+1 45 18 9
+5 9
+1 81 18 9
-28 18
-35 27 0 0 0 0 0 0 0 0 9
+62 3
+1 27 6 3 0 0 1 0 0 1
-28 6
-35 72 0 0 0 0 0 0 0 0 24
+1 185 36 0 2 10 0 2 10 0 92 26
1213 3 3 0 0 2 0 0 2
1100 3
1213 6 3 3 0 0 1 0 0 1
1100 9 0 0 0 0 0 0 0 0 3
1218 21 15 0 1 0 0 1 0 0 3
+10 9
+1 3
-1 3
+1 3 0 3
-1 9 0 0 1 0 0 1 0 0 3 2
+1 9
-1 9
+1 9 0 9
-1 27 0 0 0 0 0 0 0 0 9 5
1066 6 0 3
1235 6 0 0 0 0 0 0 0 0 3
+10 12 6 0 0 0 0 0 0 0 6
+7 12 6 0 1 0 0 1
fi=(59) ./elf/./dl-map-segments.h
28 3 3
fe=(30)
1252 9 3 3
fi=(59)
28 6 0 0 0 0 0 0 0 0 3
+1 24 9 6 1 0 1 1 0 1
cfi=(57)
cfn=(182)
calls=3 +18 
* 84 15 9 0 0 1 0 0 1 15 4
+73 6 3
-1 3 0 3
-72 3
+73 3 0 0 0 0 0 0 0 0 3
+3 6 3
+1 3
+2 3 3 0 1 0 0 1
-3 3 0 3
+1 3 0 3
+2 3 0 0 0 0 0 0 0 0 3 2
+17 3 0 3 1 0 0 1
-44 3 3
fi=(60) ./elf/./dl-load.h
+10 24 12 0 0 0 0 0 0 0 12 3
fi=(59)
+58 48 24 0 0 0 0 0 0 0 12 9
+6 3 3 0 1 0 0 1
+2 3 3
-2 3
+1 3
+2 6
-1 6
+3 6
+5 6 0 0 0 0 0 0 0 0 3
+3 9 3 0 0 0 0 0 0 0 3
+8 18 0 6
cfi=(43)
cfn=(130)
calls=3 -44 
* 301 3 152 1 0 39 1 0 39 43 16
* 3 3
+6 6 0 0 0 0 0 0 0 0 3 1
+12 12 0 0 1 0 0 1
-59 72 12 0 1 0 0 1 0 0 12 3
+2 36 18 0 0 0 0 0 0 0 9
+2 72 36 9
cfi=(57)
cfn=(182)
calls=9 -92 
* 189 36 27 0 0 0 0 0 0 27
* 18 0 0 0 0 0 0 0 0 9 2
fe=(30)
1264 3 0 0 1 0 0 1
fi=(56) ./elf/../sysdeps/posix/dl-fileid.h
37 6 0 3 0 0 1 0 0 1
cfi=(55) ./io/../sysdeps/unix/sysv/linux/fstat64.c
cfn=(178) fstat
calls=3 -7 
* 18 3 0 2 0 0 2 0 0 3
* 6 0 0 0 0 0 0 0 0 3
fe=(30)
989 6 3 0 1 0 0 1
fi=(56)
40 9 9 0 0 1 0 0 1
fe=(30)
989 3
fi=(56)
40 3 0 3
fe=(30)
989 39 12 0 0 0 0 0 0 0 12 6
+1 18 9 0 1 0 0 1 0 0 9
fi=(56)
49 24 12 0 0 1 0 0 1 0 12 8
fe=(30)
1519 27 21 0 1 0 0 1
1074 13 0 0 1 0 0 1 0 0 2 2
+1 2 1
-1 1
+1 1
-1 1 0 1
+1 1 0 1 0 0 1 0 0 1
cfi=(70)
cfn=(224)
calls=1 25 
* 7 1 0 0 0 0 0 0 0 1
* 2 0 0 0 0 0 0 0 0 1 1
+46 2 1 1 0 1 0 0 1
+1 1
-15 6 3 0 1 0 0 1 0 0 3
+7 3 3
+2 3 3 0 1 0 0 1
-2 3 0 3
+1 3 3 0 0 1 0 0 1
+1 3
-1 6 0 3
+1 24 3 3
+60 3 1 0 1 1 0 1 1 0 1
+5 1 1
-1 2
+5 1
-5 2 0 1 0 0 1 0 0 1
-66 1 1
+71 4 0 1
+1 1 1 0 1 0 0 1
+3 1 0 1
-3 1 0 1
+8 4 1 0 0 0 0 0 0 0 1 1
+15 6 3 3 1 0 0 1
+1 3
1008 6 3 0 1 0 0 1 0 0 3 3
1268 12 6 0 1 0 0 1 0 0 3
+1 9 3 3
fi=(61) ./elf/./elf/get-dynamic-info.h
39 6 0 0 0 0 0 0 0 0 3
+6 3 3 0 0 3 0 0 3
-2 3
+11 3 0 0 1 0 0 1
+1 3
-10 6 0 0 0 0 0 0 0 0 3 3
+8 6
+15 6 0 6 0 0 2 0 0 2
-23 24 6 0 0 1 0 0 1 0 6
+23 76 0 76 0 0 18 0 0 18
-23 304 76 0 0 19 0 0 19 0 76 3
+4 164 0 0 0 0 0 0 0 0 82 34
+3 23
-1 46 0 0 1 0 0 1 0 0 23 4
+3 68 0 0 0 0 0 0 0 0 17 6
+1 56
+1 15 0 0 1 0 0 1 0 0 3 2
+16 12 3 0 0 0 0 0 0 0 6
+12 11 3 2 1 0 0 1 0 0 3 1
+1 12 3 3 0 0 0 0 0 0 3
+1 12 3 3 0 0 0 0 0 0 3
+1 12 3 3 0 0 0 0 0 0 3 1
+1 11 3 2 0 1 0 0 1 0 3 1
+1 11 3 2 1 1 0 1 1 0 3 1
+1 11 3 2 0 1 0 0 1 0 3 1
+1 12 3 3 0 0 0 0 0 0 3
+12 3 3
+7 3 3
-7 21 3 3 1 0 0 1 0 0 6
+7 7 0 0 0 0 0 0 0 0 3 1
+5 4 2 0 0 0 0 0 0 0 2
+7 4 2 0 0 0 0 0 0 0 2
+1 9 6 0 1 0 0 1 0 0 3
+6 9 3 0 0 0 0 0 0 0 3 1
+1 6 4 0 0 0 0 0 0 0 2
+17 9 3 0 0 0 0 0 0 0 3 1
+5 4 2 2 0 0 1 0 0 1
+2 4 0 0 0 0 0 0 0 0 2 2
+2 4 0 0 0 0 0 0 0 0 2 2
+2 4 0 0 0 0 0 0 0 0 2 2
+4 9 3 0 1 0 0 1 0 0 3
+2 9 3 3 1 0 0 1
+1 6 0 0 0 0 0 0 0 0 3
+9 6 3 0 0 0 0 0 0 0 3
+6 6 0 0 0 0 0 0 0 0 3 2
+4 6 3 0 0 0 0 0 0 0 3 3
fe=(30)
1275 6
+1 6 0 0 1 0 0 1 0 0 3 3
+2 6 0 0 0 0 0 0 0 0 3 3
+10 9 3 0 0 0 0 0 0 0 3
+19 9 3 3
+2 18 6 0 1 0 0 1 0 0 3
+52 9 3 0 0 2 0 0 2 0 3 2
+1 2 1 1
+6 27 6 0 1 0 0 1 0 0 3
+1 60 0 0 0 0 0 0 0 0 30 12
+6 12 0 3
cfn=(88) _dl_process_pt_gnu_property
calls=3 868 
* 244 47 10 1 5 0 0 5 0 54 4
-7 75 3 0 0 0 0 0 0 0 36 3
+1 36 36 0 1 30 0 1 30
+6 36
-6 72 0 0 0 0 0 0 0 0 36 11
fi=(31) ./elf/../sysdeps/x86/dl-prop.h
149 12 6 0 0 0 0 0 0 0 6 6
fe=(30)
1380 6 3 3 1 0 0 1
cfi=(62) ./io/../sysdeps/unix/sysv/linux/close_nocancel.c
cfn=(194) __GI___close_nocancel
calls=3 25 
* 18 3 0 1 0 0 1 0 0 3
* 6 0 0 0 0 0 0 0 0 3
+13 6 3 0 1 0 0 1 0 0 3
+2 12 6 3
+2 6 3 0 0 0 0 0 0 0 3
+16 6 0 3
cfi=(8) ./elf/./elf/dl-setup_hash.c
cfn=(14) _dl_setup_hash
calls=3 25 
* 81 24 18 0 2 0 0 2 0 9
+4 6 3 0 0 0 0 0 0 0 3
+1 6 3 0 1 0 0 1 0 0 3 3
+17 6 3 0 0 0 0 0 0 0 3 2
+1 1 0 1
+3 1 1
+5 1 1
-5 1 0 1
+5 1 0 0 0 0 0 0 0 0 1
-5 2 2
+5 2 2
-5 2 0 2
+5 2 0 0 0 0 0 0 0 0 2
+5 6 3 0 0 0 0 0 0 0 3
+12 24 9 0 1 0 0 1 0 0 3 2
+10 6 3 0 0 0 0 0 0 0 3 2
+1 4 1 0 0 0 0 0 0 0 1
+5 2 0 1
cfi=(46) ./elf/../elf/dl-tls.c
cfn=(226) _dl_assign_tls_modid
calls=1 125 
* 12 4 3 2 0 0 2 0 0 1
+7 9 3 3 1 0 0 1
cfi=(26)
cfn=(84)
calls=3 31 
* 165 39 30 0 0 1 0 0 1 12 6 6
+3 6 3 0 0 0 0 0 0 0 3
+4 6 3 3
cfi=(45) ./elf/./elf/dl-debug.c
cfn=(196) _dl_debug_update
calls=3 38 
* 21 6 0 1 0 0 1 0 0 6 3
* 3
+1 9 3 0 0 0 0 0 0 0 3 3
+22 21 9 0 1 0 0 1 0 0 3
+1 9 3 3 1 0 0 1
cfi=(48)
cfn=(198) _dl_audit_objopen
calls=3 77 
* 15 6 0 1 0 0 1 0 0 3
* 3
fi=(60)
92 8 4 0 1 0 0 1 0 0 2
+2 2 2
-1 2 2
+1 2
-1 2
+1 2
-1 2 0 0 1 0 0 1
+1 2
-1 4 0 0 0 0 0 0 0 0 2
+3 8 0 2
fi=(61)
-37 12 0 0 1 0 0 1 0 0 3
+3 12 0 0 0 0 0 0 0 0 3
+2 12
181 6 2 2
-22 4 0 2
fe=(30)
1510 6 0 0 1 0 0 1 0 0 3 3
1074 2 0 1 1 0 0 1
fi=(59)
186 8 1 1 2 0 0 2
cfi=(57)
cfn=(182)
calls=1 47 
* 21 4 3 0 0 0 0 0 0 3
+3 2 0 0 0 0 0 0 0 0 1 1
fe=(30)
1462 9 3 0 1 0 0 1 0 0 3 1
+2 2 2
-1 10 6 0 0 0 0 0 0 0 2 2
+1 2
-1 2
+1 2
-1 2 0 2
cfi=(32)
cfn=(94)
calls=2 98 
* 70 13 0 0 3 0 0 3 0 9 4 1
* 4 0 0 1 0 0 1 0 0 2 1
+2 5 1 1

fn=(136)
385 18 0 12 1 0 0 1
241 4
385 2
241 2 0 2 0 0 1 0 0 1
cfi=(41)
cfn=(118)
calls=2 32 
* 72 9 0 2 0 0 2 0 0 5 2
+3 4 0 0 0 0 0 0 0 0 2 1
410 2
-11 2
+11 12 12 0 1 0 0 1
-11 2
cfi=(44)
cfn=(138)
calls=2 40 
* 180 37 30 4 0 2 4 0 2 19 5 2 1

fn=(166) _dl_map_object
1967 72 0 54 2 0 5 2 0 5
+8 12 0 0 0 0 0 0 0 0 6
+1 24 6 0 0 1 0 0 1 0 6
+3 111 21 12 1 0 0 1 0 0 21 3
+5 126 36 0 1 0 0 1 0 0 18
+2 54 0 18 0 0 2 0 0 2
cfi=(52)
cfn=(168)
calls=18 68 
* 1894 441 96 13 1 0 13 1 0 241 68 13 4
* 36 0 0 0 0 0 0 0 0 18 3
+4 30 15 0 0 0 0 0 0 0 15
+1 45 15 0 0 0 0 0 0 0 15 6
+4 6 6 0 1 0 0 1
-1 30 18 0 0 0 0 0 0 0 6 2
+1 6
+1 6
-1 6
+1 12 0 6
cfi=(32)
cfn=(94)
calls=6 98 
* 219 43 0 4 1 0 4 1 0 24 6 2 1
* 12 0 0 0 0 0 0 0 0 6 4
2270 57 45 0 1 0 0 1
2011 9 3 3
-1 6 3 0 0 0 0 0 0 0 3 3
+9 3 3 0 1 0 0 1
-50 3 0 3
+50 6 0 0 0 0 0 0 0 0 3
+17 6
-2 3 0 3 0 0 1 0 0 1
+2 3 0 3
cfi=(41)
cfn=(118)
calls=3 32 
* 72 9 0 0 0 0 0 0 0 6
* 6 0 0 0 0 0 0 0 0 3 2
2202 2 0 0 1 0 0 1 0 0 1
-1 3 0 1
cfn=(136)
calls=1 385 
* 175 33 23 4 0 2 4 0 2 15 5 1
+6 1
-7 1 0 1
+1 1
+2 2 0 0 0 0 0 0 0 0 1
+4 7 0 2 1 0 0 1
cfn=(170) open_verify.constprop.0
calls=1 1572 
* 106 22 15 9 1 0 9 1 0 18 4
+3 2 1
-3 1
+3 1 0 0 0 0 0 0 0 0 1
+12 4 1
+45 1 1
+1 5 1 0 1 0 0 1
-1 1 0 1
+1 8 2 5
cfn=(176)
calls=1 944 
* 1940 410 216 72 33 27 70 33 27 358 113 5 1
-1 2 2
+1 10 2
-1 2 0 2
+1 16 4 10
cfn=(176)
calls=2 944 
* 4412 841 609 10 63 78 10 63 78 849 204 11
* 9
2040 4 0 2 1 0 0 1
cfi=(22)
cfn=(62)
calls=2 57 
* 34 4 0 0 0 0 0 0 0 4
* 4 0 2 1 0 0 1
+2 4 2 0 0 0 0 0 0 0 2
+7 8 2 0 0 0 0 0 0 0 4 2
+51 26 4 8 1 0 0 1
cfn=(208) open_path
calls=2 1812 
* 824 196 141 19 1 8 18 1 8 102 41
+6 2
-6 2
+6 4 0 0 1 0 0 1 0 0 2 2
2222 8 2
+46 4 2
682 2 2 0 1 0 0 1
2107 2
682 4 0 0 1 0 0 1 0 0 2 2
2135 4 0 2 1 0 0 1
cfi=(67)
cfn=(214)
calls=2 403 
* 3123 506 130 27 39 2 27 39 2 692 86 2
* 2
+2 4 0 0 0 0 0 0 0 0 2
+4 4 0 0 0 0 0 0 0 0 2 1
+31 2
-23 4 2 0 0 0 0 0 0 0 2
+23 14 0 4 1 0 0 1
cfn=(170)
calls=2 1572 
* 246 47 32 5 1 0 5 1 0 42 10
+4 4 2
-4 2
+4 2 0 0 0 0 0 0 0 0 2
+1 2 0 2
+17 4 2 0 0 0 0 0 0 0 2 2
2074 10 4 0 2 0 0 2 0 0 2
682 2 2
2075 2
682 6 0 0 0 0 0 0 0 0 2 2
2099 4 2 0 1 0 0 1 0 0 2
+1 4 0 0 0 0 0 0 0 0 2 2
-47 2 2 0 1 0 0 1
+1 2 0 2
696 10 0 6 1 0 0 1
2058 6 2 0 1 0 0 1 0 0 2 2
682 2 2 0 1 0 0 1
2059 2
682 4 0 0 0 0 0 0 0 0 2 2
2073 10 8 0 2 0 0 2 0 0 2
+1 4 0 0 0 0 0 0 0 0 2 2
+41 2 0 2 1 0 0 1
+14 4 2 0 0 0 0 0 0 0 2
+2 6 2 0 0 0 0 0 0 0 2 2
-47 4 0 0 1 0 0 1 0 0 2 2

fn=(208)
1812 16 0 12 1 0 1 1 0 1
+1 2 2
-1 6 0 6 1 0 1 1 0 1
+1 2 0 2
+6 4 0 0 0 0 0 0 0 0 2
+5 34 4 0 1 0 0 1 0 0 4 4
+67 4 2 0 1 0 0 1
-74 2 0 2
+7 6 0 4
+57 2
-65 2 0 2
+65 2 0 2
+10 4 0 4 1 0 0 1
-64 4 4
+8 12 2 2 0 0 0 0 0 0 2
+7 4 4
-11 2
+12 2
-1 8 2 4 1 0 1 1 0 1
cfi=(29)
cfn=(126)
calls=2 197 
* 26 6 4 1 0 1 0 0 1 4 4
+1 20 4 4 0 0 0 0 0 0 2
+50 2 0 0 0 0 0 0 0 0 1 1
-2 4 0 1
-48 22 8 0 1 0 0 1 0 0 8 2
+3 12 6 0 0 0 0 0 0 0 6 2
+5 28 16 4 1 0 0 1
cfi=(29)
cfn=(126)
calls=4 197 
* 52 8 4 0 0 0 0 0 0 12 4
* 16 8 4
cfi=(29)
cfn=(126)
calls=4 197 
* 52 12 8 0 0 0 0 0 0 8 8
+3 8
+6 12 4 0 0 0 0 0 0 0 4
+3 28 12 4 1 0 0 1
cfn=(170)
calls=4 1572 
* 224 40 48 2 0 2 2 0 2 20 6
* 4
+2 12 4 0 0 0 0 0 0 0 4 1
+2 6 0 0 0 0 0 0 0 0 3 2
+93 18 14 0 1 0 0 1
-88 6 0 0 1 0 0 1 0 0 3
+1 21 9 0 0 0 0 0 0 0 3 2
+6 3 3 0 1 0 0 1
+2 6 3
-2 6 0 3
+2 3 0 3
cfi=(65) ./io/../sysdeps/unix/sysv/linux/stat64.c
cfn=(210) stat
calls=3 28 
* 46 3 2 1 0 0 1 0 0 3 3
* 3
+3 3
-3 6 0 0 0 0 0 0 0 0 3 2
+1 2 1 0 0 1 0 0 1
+9 8 1 2
+2 1
-2 2 0 2 1 0 0 1
+2 4 2
+44 16 4 2 1 0 1 1 0 1 6
+6 4 2 2
-2 2 0 2
+2 4 2 0 0 0 0 0 0 0 2
+3 6 4 0 0 0 0 0 0 0 2
1822 4
+2 4 0 2 1 0 1 1 0 1

fn=(88)
868 4 0 0 1 0 0 1
+8 4 4
-8 8
+8 4 0 0 0 0 0 0 0 0 4
-6 4 4
+12 8 0 0 0 0 0 0 0 0 4
-13 4 4
+13 4
-13 4 4
+13 8
+3 12 4 0 1 3 0 1 3 0 4
+1 8 4 0 0 1 0 0 1 0 4
+1 8 4 0 0 0 0 0 0 0 4
+3 12 4 0 0 0 0 0 0 0 4
+1 12 0 0 1 0 0 1 0 0 4
+4 4
+1 8
+22 4
+2 4
-2 8
+2 12 0 0 0 0 0 0 0 0 4 1
-20 14 7 0 1 0 0 1
+1 7 7
+3 14 0 0 0 0 0 0 0 0 7
+3 7
+1 28 0 0 0 0 0 0 0 0 7
fi=(31)
95 28 0 0 2 0 0 1 0 0 7
+7 14 0 0 0 0 0 0 0 0 7
+16 7 7 0 0 2 0 0 2
-3 14 0 0 0 0 0 0 0 0 7 4
254 8 0 0 0 0 0 0 0 0 4
+1 4 0 4
+2 16 4 4
+3 4
-8 6 0 0 1 0 0 1 0 0 3
+5 3 3
-4 3 0 3
+4 9 0 3
+3 3 3
-2 1 1
fe=(30)

fn=(170)
1572 70 0 42 1 0 0 1
+32 7 7
-32 14 0 14 0 0 1 0 0 1
+32 14 0 0 0 0 0 0 0 0 7
+19 28 0 7
cfi=(53)
cfn=(172)
calls=7 28 
* 152 14 18 2 0 1 2 0 1 21 4
* 7
+2 14 0 0 1 0 0 1 0 0 7 2
+8 3 0 3
+1 6
+5 3
-5 3 0 3
+5 15 0 3
cfi=(54) ./io/../sysdeps/unix/sysv/linux/read_nocancel.c
cfn=(174) __read_nocancel
calls=3 25 
* 18 3 0 1 0 0 1 0 0 3
+2 6 0 0 1 0 0 1 0 0 3 1
+2 6 3 3
+2 6 0 0 0 0 0 0 0 0 3
+6 6 0 0 0 0 0 0 0 0 3
+17 39 12 0 2 1 0 2 1 0 12 5
+81 6 3 0 0 0 0 0 0 0 3 1
+5 6 3 0 1 0 0 1 0 0 3
+6 12 3 0 0 0 0 0 0 0 3 1
+6 6 3 0 0 1 0 0 1 0 3
+6 3 3
+1 3 3
-1 9
+1 9 0 0 1 0 0 1 0 0 3 1
+26 63 49
-22 13 0 0 1 0 0 1 0 0 2 2
+1 2
-1 1 0 0 1 0 0 1
+1 1 0 1
cfi=(70)
cfn=(224)
calls=1 25 
* 7 1 0 0 0 0 0 0 0 1
* 2 0 0 0 0 0 0 0 0 1 1
1668 6 2 0 2 0 0 2 0 0 2 2
-59 8 0 0 1 0 0 1
1777 2 0 1 1 0 0 1

fl=(50) ./elf/./elf/dl-catch.c
fn=(158) _dl_catch_error
254 6 0 3 1 0 0 1
+2 1
-2 6 0 1
+2 1 0 1
cfn=(160) _dl_catch_exception
calls=1 -52 
* 2728 580 320 108 37 35 106 37 35 450 147 9 3
+1 2 1 1
+1 1 1
+1 1 1
-1 1 0 1
+1 1 0 1
+2 6 5 0 1 0 0 1

fn=(160)
204 36 0 18 1 0 2 1 0 2
58 6 6 0 0 1 0 0 1
204 12 0 12
+3 12 0 0 0 0 0 0 0 0 6
+22 6
-1 6 0 6 1 0 2 1 0 2
+1 6 0 6
58 12 0 0 0 0 0 0 0 0 6 6
235 18 0 6
cfi=(51)
cfn=(162)
calls=6 31 
* 144 30 54 2 0 1 2 0 1
* 18 0 0 1 0 0 1 0 0 6
+2 18 12 6 0 0 0 0 0 0 0 0 6 2
cfi=(64) ./elf/./elf/dl-deps.c
cfn=(206) openaux
calls=5 61 
* 11489 2269 1143 92 105 94 91 105 94 2070 437 26 4
cfi=(2)
cfn=(164) map_doit
calls=1 641 
* 2662 565 297 102 36 33 100 36 33 446 146 8 2
69 6 6
+1 6 6
-1 6 0 0 0 0 0 0 0 0 6
+1 6 0 6
239 24 6 12
-25 6
+34 18 18
59 12 6 6 1 0 0 1
+11 18 0 6

fn=(236) _dl_receive_error
186 2 0 1 1 0 0 1
58 1 1
186 4 0 1
+2 1 1
-2 1 0 1
58 1 0 0 1 0 0 1 0 0 1
+1 1 1
+11 1 0 1
192 1 0 1
+2 1 0 1 0 0 0 0 0 0 0 0 1 1
cfi=(2)
cfn=(238) version_check_doit
calls=1 674 
* 8404 2488 608 44 53 32 44 53 32 1557 224 30 11
69 2 1 0 0 0 0 0 0 0 1
+1 1 0 1
198 1 1
-1 1 0 1
+1 3 3

fl=(76)
fn=(260) _dl_cet_check
361 8 0 4 1 0 0 1
-76 1 1
-10 2 0 0 0 0 0 0 0 0 1
+2 2 1
-1 1 0 1
+6 1 1
+3 1 0 1
+8 1 0 0 1 0 0 1
-11 1
+1 1
-1 1
+1 1
-1 1 0 1
+1 1 0 1
+10 4 1 0 0 0 0 0 0 0 2
+3 1 0 1
+4 2 0 0 0 0 0 0 0 0 1
+2 2
-1 1 0 1
+2 2 0 0 1 0 0 1 0 0 1
+2 2
-1 2 0 1
+4 1 0 1
+2 1 0 1
+3 2 0 0 0 0 0 0 0 0 1
145 2 1 0 0 0 0 0 0 0 1
+12 2 1 0 0 0 0 0 0 0 1 1
+16 1 0 0 1 0 0 1
+6 1 0 1
363 6 5

fn=(580)
331 1 0 0 1 0 0 1
+3 2 0 0 0 0 0 0 0 0 1
+16 1 1

fl=(37)
fn=(108)
172 6 0 3 1 0 0 1
+3 1
-3 3 0 2
+3 1
-3 5 0 4 1 0 2 1 0 2
+2 1 0 1 0 0 1 0 0 1
cfi=(38)
cfn=(110)
calls=1 29 
* 49 6 0 3 0 0 3 0 0 12 2
+1 1
fi=(40) ./elf/./dl-hwcaps.h
43 1 0 1
fe=(37)
174 1 0 1
fi=(40)
45 2 0 1
+32 1 0 1
+1 1 0 1
+1 1
fe=(37)
-27 2 0 1 1 0 0 1
cfi=(39)
cfn=(114)
calls=1 -1 
* 23 8 6 2 0 0 2 0 0 1
* 2 0 0 0 0 0 0 0 0 1
fi=(40)
-9 1
+2 1 0 1
-2 1 0 1
+34 2 1 1
+1 2 1 1
+1 1 0 0 1 0 0 1
fe=(37)
-24 2 2
-1 2
+1 2
+1 2
+1 2
-5 4 0 2
cfi=(39)
cfn=(114)
calls=2 -1 
* 130 28 19 1 0 0 1 0 0 14 7
* 2 0 1
cfi=(39)
cfn=(114)
calls=1 -1 
* 125 22 15 6 1 1 6 1 1 15 4
* 6 0 0 0 0 0 0 0 0 3 2
+48 4 0 2
fi=(28)
-44 2 1 1 0 0 0 0 0 0 0 0 1 1
cfi=(27)
cfn=(78)
calls=1 -20 
* 30 7 7 0 0 0 0 0 0 3
fe=(37)
+46 2 1 0 1 0 0 1
-2 1 0 1 0 0 1 0 0 1
+2 1 0 0 0 0 0 0 0 0 1
+3 1 0 1
+3 1
fi=(40)
-65 1 0 1
+2 1 0 1
fe=(37)
+67 1 0 1
fi=(40)
-66 1
fe=(37)
+66 2 0 1 1 0 0 1
cfi=(39)
cfn=(120)
calls=1 -87 
* 13 5 3 2 0 0 2 0 0 1 1
* 2 0 0 0 0 0 0 0 0 1
fi=(40)
-69 1
+2 1 0 1
-2 1 0 1
+34 2 1 1
+1 2 1 1 1 0 0 1
+1 1
fe=(37)
+48 10 4 2 0 0 1 0 0 1
+1 4 2 2
+1 2
+1 2
-1 2 0 2
-4 4 0 2
cfi=(39)
cfn=(114)
calls=2 -74 
* 130 28 19 0 0 0 0 0 0 14 7
* 2 0 1
cfi=(39)
cfn=(114)
calls=1 -74 
* 125 22 15 0 0 0 0 0 0 15 4
* 6 0 0 0 0 0 0 0 0 3 2
+8 3 1 0 1 0 0 1 0 0 1
+9 5 1 1 0 0 0 0 0 0 1
+3 8 1 5 1 0 0 1
-2 6 0 1
+14 1 0 0 0 0 0 0 0 0 1 1
+4 1 1
+1 1 1
+1 1 0 1
-20 3
+19 1 0 1
+1 1 0 1
-20 2 0 0 0 0 0 0 0 0 1 1
+8 2 2 0 1 0 0 1
+4 2 2
-4 3
+4 2 0 1 1 0 0 1
cfi=(42) ./string/../sysdeps/x86_64/multiarch/../multiarch/memcmp-sse2.S
cfn=(122) bcmp
calls=1 -96 
* 19 5 0 2 0 0 2 0 0 4 2
+1 3 1 0 0 0 0 0 0 0 1 1
-14 8 6 0 0 0 0 0 0 0 1
+47 1 1
-4 2 0 1 1 0 0 1
+4 2 0 1 0 0 1 0 0 1
-3 1
+7 1 1
-7 2
+7 1
fi=(28)
56 1 1 1 0 0 0 0 0 0 0 0 1 1
cfi=(27)
cfn=(78)
calls=1 -20 
* 30 7 7 0 0 0 0 0 0 3
* 1
fe=(37)
194 2 0 0 0 0 0 0 0 0 1
+8 1 1
fi=(40)
43 1 0 1 1 0 0 1
fe=(37)
201 1
80 1
fi=(40)
-35 1 0 1
fe=(37)
+35 1
202 1 1
fi=(40)
77 1 0 1
+1 1 0 1
fe=(37)
202 3 0 1
fi=(40)
79 1 0 0 1 0 0 1
fe=(37)
-2 2 0 1 1 0 0 1
cfi=(39)
cfn=(114)
calls=1 -26 
* 23 8 6 0 0 0 0 0 0 1
* 2 0 0 0 0 0 0 0 0 1
fi=(40)
-34 1
+2 1 0 1
fe=(37)
+35 2
fi=(40)
-37 1 0 1
+34 2 1 1
+1 2 1 1
+1 3 0 2
fe=(37)
+1 4 2
+7 2
-7 8 2 6 0 0 1 0 0 1
cfi=(29)
cfn=(126)
calls=2 197 
* 26 6 4 1 0 0 1 0 0 4 4
+4 2 0 2
+2 2 2
+2 2
-2 4 0 2
-9 4 0 2
cfi=(39)
cfn=(114)
calls=2 -26 
* 130 28 19 0 0 0 0 0 0 14 4
* 2 0 1 1 0 0 1
cfi=(39)
cfn=(114)
calls=1 -26 
* 125 22 15 0 0 0 0 0 0 15 2
* 6 0 0 0 0 0 0 0 0 3 2
213 2 2 0 1 0 0 1
-5 1 0 1
+1 1 0 1
-1 1 1
+5 1 0 1
+3 9 7

fl=(20)
fn=(52) intel_check_word.constprop.0
123 48 0 0 1 0 0 1 0 0 24
-4 72 0 24
+10 24 0 0 1 0 0 1
-10 96 0 48
+10 48
-10 24 0 24
+10 24
-10 24
+10 24
+2 48 0 0 0 0 0 0 0 0 24
+71 48 24
fi=(21) ./elf/../bits/stdlib-bsearch.h
32 24
fe=(20)
202 120 24 0 1 0 0 1
-71 96 0 0 0 0 0 0 0 0 48 2
+2 60
+2 120 0 0 0 0 0 0 0 0 60
+8 120 0 0 1 0 0 1 0 0 60 2
+51 96 0 0 0 0 0 0 0 0 48 6
+22 48
fi=(21)
28 48
-1 96
+2 216 0 0 0 0 0 0 0 0 108 14
+2 168
+1 84
fe=(20)
+78 168 84 0 1 2 0 1 2 0 84
+3 324 0 0 0 0 0 0 0 0 324 41
fi=(21)
-78 264
-6 528 0 0 0 0 0 0 0 0 264 24
+2 480
+1 240
fe=(20)
+78 480 240 0 0 4 0 0 4 0 240 5
+15 12
246 144 120
fi=(21)
37 120 0 0 1 0 0 1
fe=(20)
155 36
+3 36 0 0 0 0 0 0 0 0 12
-6 12
+3 39 0 0 1 0 0 1 0 0 12 5
+9 18 0 0 0 0 0 0 0 0 9
+23 21
-32 63
+3 63 0 0 0 0 0 0 0 0 21 1
+4 58
+2 116 0 0 0 0 0 0 0 0 29 2
+3 84 0 0 0 0 0 0 0 0 22 13
+1 48 0 0 0 0 0 0 0 0 24 9
+1 48 0 0 0 0 0 0 0 0 24 8
+1 30 0 0 0 0 0 0 0 0 15 9
+2 11 0 0 1 0 0 1
+2 22 0 0 0 0 0 0 0 0 11 4
+6 14 0 0 1 0 0 1 0 0 7 3
+3 8 0 0 0 0 0 0 0 0 4
+1 12
-20 15 0 0 1 0 0 1 0 0 6 2
+12 4
+2 4
+1 4
-2 4
-1 4
+2 8
-2 4 0 0 1 0 0 1
+3 4
-2 12
+2 12
+11 2
-9 12

fn=(50)
255 24 12 0 1 0 0 1 0 0 12
-5 12 0 12
+17 12
-17 96 0 60
+11 12 0 12
+1 12 0 12
+5 36 0 12
+4 24 0 0 0 0 0 0 0 0 12 10
+34 96 84
-29 12 0 0 1 0 0 1
+3 24
-3 12
+3 36 0 12
cfn=(52)
calls=12 123 
* 4092 408 48 6 6 0 6 6 0 1236 92
+2 24 0 0 0 0 0 0 0 0 12
+3 60 0 12 1 0 0 1
cfn=(52)
calls=12 123 
* 1272 84 48 5 0 0 5 0 0 244 58
+2 24 0 0 0 0 0 0 0 0 12 12

fn=(56)
571 11 0 6 1 0 0 1
+17 1 1
+1 1 1 0 1 0 0 1
+9 1 1
-12 1 1
+2 1 0 1
+2 1 1
+8 1 0 1
-11 1 1
+3 1 0 1
+11 2 0 0 0 0 0 0 0 0 1
-5 3 0 1
+17 1
+5 3 1 0 1 0 0 1 0 0 1
+4 2 0 0 0 0 0 0 0 0 1 1
770 5 1 0 0 0 0 0 0 0 2
+1 5 0 1
+4 2 1 0 1 0 0 1 0 0 1 1
+8 1 1
-1 1 0 1
+1 1 0 1
+1 1 0 1
+1 7 7
627 5 1 0 1 0 0 1 0 0 1 1
+3 6 0 3 0 0 0 0 0 0 1 1
-32 5 2 1 1 0 0 1
+75 4 0 0 0 0 0 0 0 0 2
+8 5
+2 2 0 0 0 0 0 0 0 0 1
-2 1
+6 3 0 0 1 0 0 1
+3 1
+1 5 1 0 0 0 0 0 0 0 2
-4 4 0 0 0 0 0 0 0 0 1
+21 2 0 0 0 0 0 0 0 0 1 1
-21 4
+2 1
+2 4 0 0 0 0 0 0 0 0 2
-4 1
+6 4 0 0 1 0 0 1 0 0 2 1
+3 2 0 0 0 0 0 0 0 0 1
+5 1
+2 2 0 0 1 0 0 1
+1 1
+1 1
-2 2
+1 1
-19 4 0 0 0 0 0 0 0 0 2 1
+46 2 0 0 0 0 0 0 0 0 1
+1 1
+1 2 0 0 0 0 0 0 0 0 1
+1 1
+25 3
630 3 0 2 1 0 0 1
+10 6 0 0 0 0 0 0 0 0 3 2
+14 2 0 0 0 0 0 0 0 0 1
+4 1
+3 1
+1 1
-4 2
+3 3 0 1
+6 4 0 0 0 0 0 0 0 0 2 1
-37 12
+7 6 0 0 0 0 0 0 0 0 3
-7 3 0 0 1 0 0 1
+7 2 0 0 0 0 0 0 0 0 1
+3 20 0 0 0 0 0 0 0 0 4 3
+5 2 0 0 1 0 0 1 0 0 1
+4 1
+1 1
-1 2
+1 1
+61 2 0 0 1 0 0 1 0 0 1
+7 1
+2 2
-16 1
+22 1
-6 2
+1 1
+5 1
-30 5 4 0 1 0 0 1

fl=(42)
fn=(122)
59 1 0 0 1 0 0 1
+12 1
+1 1 0 0 0 0 0 0 0 0 1
+22 1
+1 1 0 0 0 0 0 0 0 0 1 1
+45 1 1 0 1 0 0 1
+1 1 1
+2 1
+1 1 0 0 0 0 0 0 0 0 1
+2 1 1
+1 1 1
+2 1
+1 1 0 0 0 0 0 0 0 0 1 1
+47 1
+1 1
+1 1
+1 1
+1 1
+1 1 1

fl=(2)
fn=(246) init_tls
734 1 0 1 1 0 0 1
+6 1 1 0 0 1
-6 3 0 2
+2 2 1 1
+4 2 0 0 0 0 0 0 0 0 1
+11 1
fi=(28)
44 1
fe=(2)
746 1
+4 1
fi=(28)
44 1 1 1 0 0 0 0 0 0 0 0 1 1
cfi=(27)
cfn=(74)
calls=1 +36 
* 41 8 7 0 0 0 0 0 0 4 1 1
fe=(2)
761 1 1 0 1 1 0 1 1
-12 1 0 1
+6 1
-9 1 0 1
+11 1 0 1
+4 1 0 0 0 0 0 0 0 0 1
+2 3 1 0 0 0 0 0 0 0 1
-1 2
+3 10 5 0 1 0 0 1 0 0 5 4
+4 1
+2 1
-2 2 0 1
-5 1 1
-1 2 0 0 0 0 0 0 0 0 1 1
+10 3 1 0 0 0 0 0 0 0 1
+3 2 0 1
cfi=(46)
cfn=(248) _dl_tls_static_surplus_init
calls=1 97 
* 86 15 10 2 3 0 2 2 0 7 2
+3 1 0 1
cfi=(46)
cfn=(250) _dl_determine_tlsoffset
calls=1 216 
* 79 18 12 6 0 0 6 0 0 7 3
+7 1 0 1
cfi=(46)
cfn=(252) _dl_allocate_tls_storage
calls=1 417 
* 469 33 326 4 0 39 4 0 39 312 14 3 2
* 1 0 0 1 0 0 1
+1 2 0 0 0 0 0 0 0 0 1
+6 1 1
fi=(74) ./elf/../sysdeps/generic/dl-call_tls_init_tp.h
31 2
fe=(2)
793 1 0 1
fi=(74)
31 6 0 2 0 0 0 0 0 0 1
+2 1 0 1
cfi=(24)
cfn=(256) __tls_init_tp
calls=1 +35 
* 79 14 17 4 2 0 4 1 0 5 4
fe=(2)
800 1
-3 1 0 1
+3 4 4
-36 4 4 0 1 0 0 1
-1 9 0 0 0 0 0 0 0 0 4 3

fn=(2)
517 16 0 8 2 0 2 2 0 2
85 1
547 4 0 1 0 0 1 0 0 1
85 1
543 1 0 1 0 0 1 0 0 1
fi=(6) ./elf/../sysdeps/x86_64/dl-machine.h
55 1
fe=(2)
+30 1
546 1 0 0 1 0 0 1
85 1 0 1 0 0 1 0 0 1
fi=(3) ./elf/./get-dynamic-info.h
-40 1 1 0 0 1 0 0 1
fe=(2)
546 1 0 1 0 0 1 0 0 1
fi=(3)
45 2 0 0 0 0 0 0 0 0 1 1
+23 18 0 18 0 0 7 0 0 7
-23 72 18 0 0 4 0 0 4 0 18 1
+4 36 0 0 0 0 0 0 0 0 18 12
+3 5 0 0 1 0 0 1
-1 10 0 0 0 0 0 0 0 0 5
+3 20 0 0 0 0 0 0 0 0 5 1
+1 16
+1 5 0 0 0 0 0 0 0 0 1 1
fi=(4)
+23 1 1 0 1 0 0 1
fi=(3)
+31 1 1 0 0 1 0 0 1
-38 3 0 0 0 0 0 0 0 0 1
+12 4 1 1 0 0 0 0 0 0 1
+1 3 1 0 0 0 0 0 0 0 1 1
+1 4 1 1 1 0 0 1 0 0 1
+1 4 1 1 0 0 0 0 0 0 1
+1 5 1 1 0 0 0 0 0 0 1
+1 3 1 0 1 0 0 1 0 0 1 1
+1 4 1 1 0 0 0 0 0 0 1
+1 4 1 1 0 0 0 0 0 0 1
+12 7 2 0 0 0 0 0 0 0 2 1
+7 2 0 0 0 0 0 0 0 0 1 1
-51 4 0 0 1 0 0 1 0 0 1 1
+64 3 2 0 2 0 0 2 0 0 1
+6 3 1 0 0 0 0 0 0 0 1
+1 3 2 0 0 0 0 0 0 0 1
+3 2 1 0 0 0 0 0 0 0 1
+1 3 1 0 0 0 0 0 0 0 1
+5 5 2 0 1 0 0 1 0 0 2
+3 5 2 0 0 0 0 0 0 0 2
fe=(2)
563 154 6 11 2 1 4 2 1 4 51 21
fi=(4)
79 1 1
fe=(2)
563 1 1
fi=(4)
79 2
fe=(2)
563 27 4 5 3 0 0 3 0 0 4 2
fi=(6)
287 3 0 1 0 0 1 0 0 1
fi=(5) ./elf/./elf/do-rel.h
49 1 1
fe=(2)
563 1 1
fi=(5)
50 1 1
-1 2
+4 1 1
-3 1
+3 4 1 0 1 0 0 1
+3 2 0 0 0 0 0 0 0 0 1 1
-7 1 1
fe=(2)
563 1 1
fi=(5)
50 1 1
-1 2
+4 1 1
-3 1
+3 4 1
+3 2 0 0 0 0 0 0 0 0 1 1
+7 3 3 0 1 1 0 1 1
+2 3 3
-2 6
fi=(6)
278 3
fi=(5)
64 6
fi=(6)
278 6 0 0 0 0 0 0 0 0 3
+9 24 9 0 0 3 0 0 3 0 3
+3 6 3
+1 6 0 0 0 0 0 0 0 0 3 3
+26 8 0 0 0 0 0 0 0 0 4 3
+6 2 0 2 0 0 1 0 0 1
fi=(5)
61 13 0 0 1 0 0 1 0 0 5 3
fe=(2)
563 6 0 0 0 0 0 0 0 0 2 1
fi=(5)
51 1 1
fi=(4)
+28 2 1
fi=(3)
-17 4 0 0 1 0 0 1 0 0 1
+2 4
fe=(2)
565 1 0 1
+13 1 0 1 1 0 0 1
cfi=(7)
cfn=(12)
calls=1 42 
* 10 1 4 2 0 1 2 0 1
458 2 0 1
85 1
476 2
85 3 0 1
476 1 0 1
cfi=(8)
cfn=(14)
calls=1 25 
* 27 8 6 3 1 1 3 1 1 3
+2 1 1
+16 2 1 0 1 0 0 1
-17 1 0 1
+11 1 0 1
-10 1 0 1 0 0 1 0 0 1
+16 1 0 1
cfi=(9) ./elf/../sysdeps/unix/sysv/linux/dl-sysdep.c
cfn=(16) _dl_sysdep_start
calls=1 102 
* 197031 46395 16519 996 1184 545 990 1019 535 38605 4303 406 198
* 1 0 0 1
+2 2 1 0 0 0 0 0 0 0 1
+89 9 7 0 1 2 0 1
fi=(3)
103 3 0 1 2 0 0 2
fe=(2)

fn=(66) dl_main
1346 2 0 1 1 0 0 1
197 1
1346 11 0 8 1 0 1 1 0 1
199 1 0 1
302 1 0 1
+1 1 0 1
197 1 0 1
+99 3 0 3 1 0 0 1
1357 1 0 1 0 0 1 0 0 1
cfi=(24)
cfn=(68) __tls_pre_init_tp
calls=1 53 
* 17 1 5 3 0 1 3 0 1
2749 1 1
2538 1 1
2749 2 0 0 0 0 0 0 0 0 1
2598 1 0 1 0 0 1 0 0 1
+2 2
+15 1
-13 2 0 1 1 0 0 1
cfi=(25)
cfn=(70)
calls=1 28 
* 51 18 1 1 0 0 1 0 0 16 8
* 4 0 2
cfi=(25)
cfn=(70)
calls=2 28 
* 399 136 1 0 0 0 0 0 0 132 17
* 9 0 0 0 0 0 0 0 0 3 1
+4 6 2 0 0 0 0 0 0 0 2
-2 2
+2 6 0 0 0 0 0 0 0 0 2
+1 2
-1 6 2 0 0 0 0 0 0 0 2
+1 17
-1 89 17 0 0 0 0 0 0 0 36 10
+9 12 2 0 1 2 0 1 2 0 2 0 2 2
2727 3 1 0 0 0 0 0 0 0 1 1
1373 1 1
+1 2 1 0 1 0 0 1
-1 2 1 1
+1 2 1 0 0 0 0 0 0 0 1 1
2687 3 1 0 1 0 0 1 0 0 1 1
-47 2 1 0 1 0 0 1 0 0 1
+10 2 1 0 0 0 0 0 0 0 1 1
1637 9 0 2 1 0 0 1
cfi=(26)
cfn=(72)
calls=1 59 
* 210 31 55 22 4 11 22 4 11 30 16 2 2
* 1 0 1
+2 2 0 0 0 0 0 0 0 0 1
+1 3 0 1 1 0 0 1
+6 1
-5 2 1 1
+1 3 2 1
+4 1 0 1
cfi=(26)
cfn=(84)
calls=1 31 
* 42 10 9 3 0 0 3 0 0 1 1 2 2
+1 2 1 0 0 0 0 0 0 0 1
1116 1 1 0 1 0 0 1
-1 1 1
1351 1
1143 1
-21 2 2 0 0 1 0 0 1
+21 2
-19 1 0 1
+1 1 0 1
-3 1 0 1 0 0 1 0 0 1
+21 2 0 0 1 0 0 1 0 0 1
+57 1 1
-82 1 0 1
+25 1
-3 1
+4 1
+19 1
+37 4
-56 102 22 0 1 6 0 1 6 0 31 4 9 5
+56 4 4 0 0 1 0 0 1
-1 4 4
+1 8
-1 4
+2 8 4 0 0 0 0 0 0 0 4 2
+1 1 0 1
+2 12 4 0 0 0 0 0 0 0 4
+1 14 0 0 0 0 0 0 0 0 7 3
+4 8 4 0 0 3 0 0 3
+1 8 4 0 0 0 0 0 0 0 4
+1 4 0 4
+4 12
-72 27 0 0 2 0 0 2 0 0 9 7
1253 2 1
+1 22 0 0 0 0 0 0 0 0 11 7
+6 4 0 1
cfi=(30)
cfn=(88)
calls=1 868 
* 90 17 4 6 1 0 6 1 0 20 1
-7 26 0 0 0 0 0 0 0 0 13 1
+1 13 13
+6 13
-6 26 0 0 0 0 0 0 0 0 13 6
fi=(31)
235 4 4 0 1 0 0 1
+1 2 2
-87 4 2 0 0 0 0 0 0 0 2 2
fe=(2)
1148 1 0 0 1 0 0 1
-5 1
+5 2 1 1
-5 2 0 0 0 0 0 0 0 0 1 1
+30 1 1
-9 2 2 0 0 1 0 0 1
+2 1 0 1
-3 1 0 1
+10 2 0 0 1 0 0 1 0 0 1
+18 2 0 1
-38 2 2
-10 1
+10 1 0 1
+1 9 2 1 1 0 0 1
-11 2 0 0 0 0 0 0 0 0 1 1
+1 14 0 0 0 0 0 0 0 0 7 3
1247 1 1 0 0 1 0 0 1
1143 1 0 0 1 0 0 1
1247 2 1 1
1143 3 0 0 0 0 0 0 0 0 1
1266 4 2 0 0 1 0 0 1 0 1 1
+3 3 2 0 1 0 0 1 0 0 1 1
+2 3 1 0 0 0 0 0 0 0 1
1672 3 1 0 1 0 0 1 0 0 1
+2 2 1
-1 1 1
+1 1 1
+1 3 3
-2 2 0 1
cfi=(32)
cfn=(94)
calls=1 98 
* 25 7 0 3 1 0 3 1 0 3 1
* 2 0 0 0 0 0 0 0 0 1
+7 1 0 1 1 0 1 1 0 1
+3 1 1
-5 1 0 1
+3 1 0 1
+2 1 0 0 0 0 0 0 0 0 1
+1 2 0 1
+4 2 1 0 0 0 0 0 0 0 1
+2 2 0 0 1 0 0 1 0 0 1
fi=(3)
39 4 2 0 0 0 0 0 0 0 1
+4 1
+2 1 1 0 0 1 0 0 1
+9 1
+1 1
-10 2 0 0 0 0 0 0 0 0 1 1
+23 27 0 27 0 0 8 0 0 8
-23 108 27 0 0 6 0 0 6 0 27 1
+4 54 0 0 1 0 0 1 0 0 27 12
+3 6
-1 12 0 0 0 0 0 0 0 0 6
+3 24 0 0 0 0 0 0 0 0 6 1
+1 20
fe=(2)
1243 1 1 0 1 0 0 1
1143 1
1243 1 0 1 0 0 1 0 0 1
1143 2 0 0 0 0 0 0 0 0 1 1
fi=(3)
72 4 2 0 0 0 0 0 0 0 1 1
+43 2 1 0 1 0 0 1 0 0 1
+7 3 2 0 0 0 0 0 0 0 1
+1 4 3 0 1 0 0 1 0 0 1
+6 3 1 0 0 0 0 0 0 0 1 1
+18 4 2 0 0 0 0 0 0 0 1
+5 2 1 1 1 0 1 1 0 1
+2 2 0 0 0 0 0 0 0 0 1 1
+2 2 0 0 0 0 0 0 0 0 1 1
+2 2 0 0 0 0 0 0 0 0 1
+1 2 1 1
+3 4 2 0 1 0 0 1 0 0 1
+2 3 1 1
+1 2 0 0 0 0 0 0 0 0 1 1
+9 2 1 0 0 0 0 0 0 0 1
+6 2 0 0 0 0 0 0 0 0 1
+1 3 2 1 1 0 0 1
+3 3 2 0 0 0 0 0 0 0 1 1
fe=(2)
1698 4 2 0 0 0 0 0 0 0 1 1
+7 2 1 1 1 0 0 1
cfi=(8)
cfn=(14)
calls=1 25 
* 27 8 6 0 1 0 0 1 0 3
+3 2 1 0 1 0 0 1 0 0 1
fi=(33) ./elf/./setup-vdso.h
24 2 1 0 0 0 0 0 0 0 1 1
fi=(36) ./elf/./dl-main.h
+85 2 2 0 1 0 0 1
fi=(35) ./elf/../sysdeps/unix/sysv/linux/dl-vdso-setup.h
-64 1 0 1
fi=(36)
+64 3 2 1
cfi=(30)
cfn=(106)
calls=1 706 
* 2322 492 376 73 4 17 73 4 17 312 107 8 8
fe=(2)
1733 3 1 1 1 0 0 1
cfi=(45)
cfn=(144) _dl_debug_initialize
calls=1 56 
* 34 7 5 4 2 0 4 2 0 5 3
+7 1 1
-5 1 0 1
-2 1
+7 1 0 0 0 0 0 0 0 0 1 1
+4 1 1
+1 1 1
+2 1 0 1
-3 3 0 1
+1 2 1 1 1 0 0 1
+3 1 0 1
+11 1 1 0 0 1 0 0 1
-13 1 0 1
+13 1 0 0 0 0 0 0 0 0 1
+1 2 1 0 0 0 0 0 0 0 1
+5 1 1
-3 2 1 0 1 0 0 1
+2 1 0 1
+1 2 0 1
+5 3
+1 5 1 0 0 1 0 0 1 0 1 1
-1 2 0 0 1 0 0 1 0 0 1 1
224 1 1
+1 1 1
-1 1 1
+1 3 2 0 0 0 0 0 0 0 1 1
+1 2 0 0 1 0 0 1 0 0 1 1
1788 2 1 0 1 0 0 1 0 0 1
+5 1 1
-1 1
1352 1 0 1
1793 1 0 0 0 0 0 0 0 0 1
+24 1 0 1 1 0 0 1
cfi=(46)
cfn=(146) _dl_count_modids
calls=1 192 
* 6 3 0 1 0 0 1 0 0 1
* 1 0 1
fi=(47) ./elf/../sysdeps/generic/dl-debug.h
29 4 2 0 0 0 0 0 0 0 1
+1 1 0 1
fe=(2)
1823 1 0 1
+1 1 0 1
cfi=(45)
cfn=(150) _dl_debug_state
calls=1 116 
* 2 1 0 1 0 0 1
+1 1
+4 3 1 1
cfi=(48)
cfn=(152) _dl_audit_activity_map
calls=1 29 
* 17 8 5 2 0 0 2 0 0 1 1
+5 3 2 0 1 0 0 1 0 0 1
+2 1
+2 2 1 0 0 0 0 0 0 0 1 1
+9 2 1 0 0 0 0 0 0 0 1
+16 4 0 1
cfi=(63)
cfn=(200)
calls=1 25 
* 9 1 1 0 0 0 0 0 0 1 1
* 2 0 0 1 0 0 1 0 0 1
+76 4 2 0 0 0 0 0 0 0 1 1
+16 3 1 0 0 0 0 0 0 0 1 1
85 1
1965 1
85 2
1965 1
85 1
1965 5 2 0 1 0 0 1
85 1 0 1
1965 2 0 1
cfi=(64)
cfn=(202) _dl_map_object_deps
calls=1 143 
* 14255 2824 1574 141 108 108 140 108 108 2575 563 35 7
92 1
+9 1 1
1971 1 1
92 2
+9 2 0 1
1971 2 0 0 1 0 0 1 0 0 1
+1 6 2 1
-1 4 0 0 0 0 0 0 0 0 1 1
+1 8 4 4
-1 16 0 0 0 0 0 0 0 0 4 3
+4 3 2 1
+1 2 0 0 1 0 0 1 0 0 1
+1 1 0 1
+2 18 1 0 0 0 0 0 0 0 4
+1 8 4 0 0 0 0 0 0 0 4 3
+46 1 1
-42 2 0 0 1 0 0 1 0 0 1
+8 3 1 1
+1 2 0 0 0 0 0 0 0 0 1
+2 1
+2 3 0 0 0 0 0 0 0 0 1 1
+2 1 1
-4 1 0 1
+5 1 1
-1 2 0 0 1 0 0 1 0 0 1 1
+14 2 0 0 0 0 0 0 0 0 1
+1 2 1 1
+1 3 1 0 0 0 0 0 0 0 1 1
-25 1 0 1 1 0 0 1
+36 2
+2 1
-2 1
+2 2
-2 1 0 1
+1 2
+1 1
-1 2 0 1
+1 1 0 1 1 0 0 1
cfi=(50)
cfn=(236)
calls=1 186 
* 8426 2496 616 46 53 32 46 53 32 1559 224 31 12
+10 1 1
+1 1 1
-1 1 0 1
+1 1 0 0 0 0 0 0 0 0 1 1
+3 2 0 0 0 0 0 0 0 0 1
837 1 1
fi=(271) ./elf/../sysdeps/unix/sysv/linux/dl-osinfo.h
39 2 1
fe=(2)
839 1 0 1
fi=(271)
52 1 1
fe=(2)
848 1 0 1 1 0 0 1
+7 1 0 1
-5 1 0 1
2047 3 1 0 0 0 0 0 0 0 1
2246 2 1
+4 1 1
-4 1 0 1
+10 1 1 0 1 0 0 1
-6 1 0 1
+6 1 0 1
-6 1 0 1
+9 2 1 0 0 0 0 0 0 0 1
+8 2 2
fi=(31)
36 2 2
+1 3 0 0 1 0 0 1 0 0 1
+3 3 3
+13 7 1
-13 4 4
+9 8 4 0 0 0 0 0 0 0 4
-9 1 1
+9 20 5 0 1 0 0 1 0 0 10 1
+4 16 4 0 0 0 0 0 0 0 4
-16 15 0 0 0 0 0 0 0 0 5 5
+34 1 1
fe=(2)
2279 1
fi=(31)
71 1 0 1
cfi=(76)
cfn=(260)
calls=1 361 
* 55 11 14 4 0 0 4 0 0 8 1
fe=(2)
2282 1 1
-3 2 1 0 1 0 0 1
+5 1 1
-2 2 0 1
+2 2 0 0 0 0 0 0 0 0 1 1
+1 6 1 1
cfi=(77) ./elf/./elf/dl-reloc.c
cfn=(262) _dl_relocate_object
calls=1 207 
* 71464 18263 7708 202 478 225 202 462 225 12702 1115 164 76
85 2
2292 1 1 0 0 1
85 2 0 0 1 0 0 1
2292 1 1
+1 20 2 1 0 0 1 0 0 0 5 1
+2 10 10 0 1 0 0 1
+5 10 10 0 0 3
+2 10 0 0 0 0 0 0 0 0 5 1
+6 5 0 5
+2 10 0 0 0 0 0 0 0 0 5 1
+1 32 8 4 0 3
cfi=(77)
cfn=(262)
calls=4 207 
* 35258 10242 3875 60 224 18 59 164 13 5144 504 111 60
+4 12 6 0 1 2 0 1 0 0 6 3
+1 2
-23 1
+23 1 0 1
cfi=(46)
cfn=(438) _dl_add_to_slotinfo
calls=1 1017 
* 28 10 7 3 0 0 3 0 0 2 1
-23 3 1 0 0 0 0 0 0 0 1 1
92 3 0 0 1 0 0 1
+1 1
2325 1 1
93 1 0 1
2325 1 0 0 0 0 0 0 0 0 1
+4 4 2 0 0 0 0 0 0 0 2
+2 1 0 1
+7 4 1 1 1 0 0 1
cfi=(46)
cfn=(528) _dl_allocate_tls_init
calls=1 523 
* 149 37 28 6 5 2 6 0 2 19 3 2 2
+3 2 1 0 0 0 0 0 0 0 1
+4 3 2 0 1 0 0 1 0 0 1
+2 2 1 0 0 0 0 0 0 0 1 1
+33 3 1 1
cfi=(172) ./elf/./elf/dl-call-libc-early-init.c
cfn=(552) _dl_call_libc_early_init
calls=1 27 
* 603 131 56 16 25 5 16 12 5 57 17 11 4
+7 1 0 1
cfi=(9)
cfn=(568) _dl_sysdep_start_cleanup
calls=1 147 
* 2 1 0 1 0 0 1
+3 3 0 1
cfi=(48)
cfn=(570)
calls=1 41 
* 11 3 0 2 0 0 2 0 0 2
+4 2 0 1
cfi=(45)
cfn=(196)
calls=1 38 
* 7 2 0 0 1 0 0 0 0 2 1
+1 1 0 1 0 0 1
-1 1
+2 1 0 1
cfi=(45)
cfn=(150)
calls=1 116 
* 2 1
+1 1
+4 1 0 1
cfi=(67)
cfn=(572)
calls=1 525 
* 19 5 4 2 1 0 2 0 0 2 1
+5 8 7 0 0 2
2304 1 0 1 1 0 0 1
+1 1 1
-3 2 0 0 0 0 0 0 0 0 1 1
226 2 0 0 0 0 0 0 0 0 1
-2 1 1
+1 1
1773 1 1 0 1 1 0 1 1
+6 1 1 0 0 1 0 0 1
-6 2 1 1 1 0 1 1 0 1
+6 1 0 0 0 0 0 0 0 0 1 1
fi=(3)
56 5 0 0 1 0 0 1 0 0 1
+3 4 0 0 0 0 0 0 0 0 1 1
fi=(34) ./elf/../sysdeps/unix/sysv/linux/dl-vdso.h
-19 2 1 0 1 0 0 1
+1 5 0 2 0 0 0 0 0 0 1
fi=(35)
-11 1 0 1
+3 1 0 1 1 0 0 1
+3 1 0 1
+3 1 0 1
fi=(34)
+16 2
fi=(3)
+17 3 2 0 1 0 0 1 0 0 1
+12 3 1 0 0 0 0 0 0 0 1 1
+1 5 2 1 1 0 0 1 0 0 1
+1 5 2 1 0 0 0 0 0 0 1
+1 5 2 1 0 0 0 0 0 0 1
+1 4 2 0 0 0 0 0 0 0 1 1
+1 5 2 1 1 0 0 1 0 0 1
+1 5 2 1 0 0 0 0 0 0 1
+1 5 2 1 1 0 0 1 0 0 1
+12 2 2
+7 1 1
-7 7 1 1 0 0 0 0 0 0 2 1
+7 2 0 0 0 0 0 0 0 0 1 1
fe=(2)
1743 4 2 1 1 0 0 1
2357 1 0 1 1 0 0 1
cfi=(166)
cfn=(530)
calls=1 561 
* 723 179 60 16 53 4 16 9 3 178 46 1 1
+5 3 1 1
cfi=(7)
cfn=(538)
calls=1 76 
* 2651 767 322 11 7 0 10 5 0 352 33 5 3
+3 1 0 1
cfi=(170) ./elf/../sysdeps/nptl/dl-mutex.c
cfn=(546) __rtld_mutex_init
calls=1 30 
* 503 115 36 10 7 0 10 7 0 56 12 4 4
85 1
2371 1 0 1
+1 3 2 0 1 0 0 1
85 3
2372 2 0 1
cfi=(77)
cfn=(262)
calls=1 207 
* 1699 519 199 1 8 2 1 0 0 257 32 3 2
92 3
+9 3 0 1
2687 2 1 0 1 0 0 1 0 0 1
+2 1
+1 1
-1 1 0 1
+1 1 0 1
+1 1
2040 2 0 1 1 0 0 1
cfn=(246)
calls=1 734 
* 836 109 389 21 7 39 21 4 39 351 32 5 3
* 2 0 1
2650 2 1 0 1 0 0 1 0 0 1
+2 2 0 1
+1 1
fi=(3)
62 4 0 0 1 0 0 1 0 0 1
+2 4
fe=(2)
1943 10 0 0 1 0 0 1 0 0 1 1
85 1 0 0 1 0 0 1
1842 2 2 0 1 0 0 1
85 3
1842 2 0 1
cfn=(154) handle_preload_list
calls=1 869 
* 3098 729 370 122 39 42 120 39 42 483 162 9 3
* 1
92 3
+9 3 0 1
1943 6 0 1 1 0 0 1 0 0 1
+1 1
-1 1
+4 3 0 1
+1 1 1 0 1 0 0 1
+1 2 0 0 0 0 0 0 0 0 1
+1 2 0 0 0 0 0 0 0 0 1
-7 2

fn=(164)
641 2 0 1 1 0 0 1
+2 1
-2 4 0 1
+2 1 1
+1 2 2
-1 2
+1 3 0 1 0 0 1 0 0 1
cfi=(30)
cfn=(166)
calls=1 1967 
* 2643 559 293 101 36 32 99 36 32 446 146 8 2
* 1 0 1
+2 3 3

fn=(238)
674 2 0 1 1 0 0 1
+2 1
-2 4 0 1 1 0 0 1
+2 3 2 1
cfi=(73)
cfn=(240)
calls=1 392 
* 8389 2483 605 42 53 32 42 53 32 1556 223 30 11
* 2 0 0 0 0 0 0 0 0 1 1
+4 3 3

fn=(154)
869 11 0 7 2 0 1 2 0 1
+5 1 1
-5 2 0 2 0 0 1 0 0 1
+5 2 0 0 0 0 0 0 0 0 1
-4 3
+7 3 0 1 1 0 0 1
cfi=(49) ./string/../string/strcspn.c
cfn=(156) strcspn
calls=1 32 
* 254 120 21 5 2 4 5 2 4 23 12
* 1
+1 3 0 0 0 0 0 0 0 0 1 1
+9 1
183 1 1
889 2 1
183 2 0 0 0 0 0 0 0 0 1
891 2 1 0 1 0 0 1 0 0 1
-80 1 1
+5 1
-6 1
-4 1 0 1
+10 2
-6 1 0 1
+4 1 1
+2 2 0 0 1 0 0 1
-5 1 0 1
+1 1 0 1
+4 1 0 1
cfi=(50)
cfn=(158)
calls=1 254 
* 2754 588 328 110 37 35 108 37 35 450 147 9 3
+1 3 1 0 0 0 0 0 0 0 1
+8 3 1
+67 1
-18 2 1 0 0 0 0 0 0 0 1
+21 9 7
-15 4 0 1 1 0 0 1
cfi=(29)
cfn=(82)
calls=1 210 
* 19 5 4 1 0 1 1 0 1 4 2
+1 2 0 1

fl=(172)
fn=(552)
27 1 0 0 1 0 0 1
+2 2 0 0 0 0 0 0 0 0 1
-2 1 0 1
+6 3
-6 3 0 1
+6 1
-6 2 0 1
+6 1 0 1
cfi=(171)
cfn=(548)
calls=1 +41 
* 225 50 14 0 6 0 0 5 0 24 5 2 2
+4 2 0 0 0 0 0 0 0 0 1
+2 3 2 0 1 0 0 1 0 0 1
+2 1 1
-1 1
-1 1 1
+2 2 2
-1 1 0 0 0 0 0 0 0 0 0 0 1 1
cob=(2)
cfi=(173) ./elf/./elf/libc_early_init.c
cfn=(554) __libc_early_init
calls=1 -7 
* 353 75 38 14 19 5 14 7 5 30 12 8 1

fl=(180)
fn=(586) call_init.part.0
26 60 0 30 2 0 1 2
+17 5 5
+3 5 5
-3 10 0 5
+3 10 5 0 0 2 0 0 0 0 5 1
+5 8 4 0 0 0 0 0 0 0 4
+8 12 4 0 1 4 0 1 0 0 4 2
+1 12 4 2 0 1 0 0 0 0 0 0 2 2
cob=(4)
cfi=(178)
cfn=(608) 0x0000000004879000
calls=1 -60 
* 7 2 0 1 0 0 1 0 0 1 1
cob=(4)
cfi=(178)
cfn=(588) 0x000000000483d000
calls=1 -60 
* 7 2 0 1 0 0 1 0 0 1 1
+3 4 4
+1 8 0 0 0 0 0 0 0 0 4 1
+6 6 6 0 0 3
+2 6 6
-2 3
+3 19 0 0 1 0 0 1 0 0 3
+1 4 1 1 0 0 0 0 0 0 0 0 1 1
cob=(2)
cfi=(185) ./libio/./libio/vtables.c
cfn=(606) check_stdfiles_vtables
calls=1 545 
* 12 7 0 2 3 0 2 0 0 3 2
* 12 3 3 0 0 0 0 0 0 0 0 3 3
cob=(3)
cfi=(186)
cfn=(612) 0x00000000000104e0
calls=1 -74 
* 12 1 0 3 0 0 3 0 0 1 1
cob=(2)
cfi=(182) ./csu/./csu/init-first.c
cfn=(598) _init_first
calls=1 -28 
* 72 19 11 7 3 3 7 1 1 7 1 1 1
cob=(5)
cfi=(181)
cfn=(592) 0x0000000000001110
calls=1 -74 
* 12 1 0 3 0 0 3 0 0 1 1
-1 12 0 0 0 0 0 0 0 0 4
+3 40 35
-29 2 0 0 1 0 0 1 0 0 1 1

fn=(584)
81 13 0 6 1 0 0 1
+1 1 1 0 0 1
+1 1 1
+3 3 1 0 0 0 0 0 0 0 1 1
+8 2 0 0 1 0 0 1 0 0 1 1
+25 1 1
+1 8 0 0 0 0 0 0 0 0 2
+1 10 10
-92 10 5 0 0 0 0 0 0 0 5
+6 15 5 0 1 0 0 1 0 0 5 5
+2 22 0 0 0 0 0 0 0 0 5 1
+83 8 0 4
cfn=(586)
calls=4 -94 
* 283 91 43 14 13 3 14 1 1 31 10 5 5
* 8 0 0 0 0 0 0 0 0 4 3
+7 8 7
-98 2 1 0 1 0 0 1 0 0 1 1
+60 2 0 1
-54 3 1 0 0 0 0 0 0 0 1 1
+2 7 0 2 1 0 0 1 0 0 1
cfn=(586)
calls=1 -11 
* 77 23 9 8 3 1 8 0 0 8 2 2 2
* 2 1

fl=(77)
fn=(262)
207 66 0 48 1 0 0 1
+1 12 6 0 0 0 0 0 0 0 6 1
+12 5
+4 20 0 5 1 0 0 1
-4 5
+6 15 0 0 0 0 0 0 0 0 5
+3 5 5
-1 5 5
+1 10 0 0 0 0 0 0 0 0 5 5
+22 25 10 0 2 0 0 2 0 0 5 5
+4 4 0 0 0 0 0 0 0 0 2
+7 6 2 0 0 1 0 0 0 0 2
fi=(6)
81 8 2 0 0 0 0 0 0 0 2 2
fi=(4)
-2 5 5 0 1 0 0 1
fe=(77)
301 10 5 0 0 1
fi=(4)
79 10
fe=(77)
301 9884 45 1070 3 10 197 3 6 195 3471 405
fi=(4)
79 2 2
fe=(77)
301 2 2
fi=(4)
79 4
fe=(77)
301 202 44 30 3 13 0 3 0 0 29 11
-80 10
fi=(6)
393 10 0 10 1 0 0 1
fe=(77)
190 5
+31 5 0 5
-31 5 0 5
fi=(6)
393 15 0 5
fi=(5)
49 5 5
fe=(77)
301 5 5
fi=(5)
50 5 5
+30 5 5
-31 10 0 0 1 0 0 1
+4 5 5
-3 5
+3 5
-3 5 0 5
+3 15 5
+27 10 0 0 0 0 0 0 0 0 5 5
-31 5 5
fe=(77)
301 5 5
fi=(5)
50 5 5
+30 5 5
-31 10
+4 5 5
-3 5
+3 5
-3 5 0 5
+3 15 5
+27 10 0 0 0 0 0 0 0 0 5 5
fe=(77)
301 30 10 0 1 0 0 1 0 0 10 4
fi=(5)
51 5 5
fi=(4)
+28 25 15
fi=(6)
730 10 0 0 0 0 0 0 0 0 5 1
+4 8 4 0 1 0 0 1 0 0 4
fe=(77)
304 25 10 0 0 0 0 0 0 0 10
+24 5 0 5
+3 10 0 0 0 0 0 0 0 0 5
+17 15 5 0 0 4 0 0 0 0 5 2
+2 48 42 0 0 1
-98 10 5 0 1 4 0 1 0 0 5 2
+3 6 0 0 0 0 0 0 0 0 3
+7 3 3
-9 3
+9 6 0 0 1 0 0 1 0 0 3
fi=(6)
81 6
fi=(5)
+33 30 0 0 1 0 0 1 0 0 10 2
+9 18 0 0 0 0 0 0 0 0 8 6
+1 2 2 0 0 2 0 0 1
fi=(6)
498 2 2
fi=(5)
124 2
fi=(6)
498 4 0 0 0 0 0 0 0 0 2
fi=(5)
124 4 4 0 0 1 0 0 1
fi=(6)
498 4 4 0 0 1 0 0 1
fi=(5)
124 4
fi=(6)
498 8 0 0 0 0 0 0 0 0 4
+5 12 0 0 0 0 0 0 0 0 6
+1 6 6
fi=(5)
123 6
fi=(6)
504 6
-5 6 0 6 0 0 4 0 0 2
fi=(5)
123 12 0 0 0 0 0 0 0 0 6 4
+3 30 10 0 1 5 0 1 0 0 10 1
+3 32 16 8 0 1 0 0 0 0 8
+2 28 12 0 1 0 0 1 0 0 8 4
fe=(77)
+59 8
fi=(5)
73 4 0 4
fe=(77)
190 4 0 4
fi=(5)
72 4
fe=(77)
190 36 0 20 1 0 0 1 0 0 4
fi=(5)
-57 8 8 0 0 2 0 0 1
+1 4 4
+1 4 4
-2 4
+2 4 4 0 0 1
+3 4 0 0 1 0 0 1
-5 4
+2 4 0 4
-2 4 4 0 0 2 0 0 1
+1 8
+2 4
-2 4 0 4
+2 12 4
+2 8 0 0 0 0 0 0 0 0 4
-5 418 418 0 0 74 0 0 73
+1 209 209
+1 209 209
-2 209
+2 209 209
+3 209
-5 209
+2 209 0 209
-2 209 209 0 0 44 0 0 44
+1 418
+2 209
-2 209 0 209
+2 627 209
+2 418 0 0 0 0 0 0 0 0 209 8
+9 145 0 145
fi=(6)
267 290 0 0 1 0 0 1 0 0 145
+7 290 0 0 0 0 0 0 0 0 145
+4 290 0 0 0 0 0 0 0 0 145
fe=(77)
170 580 145 0 0 83 0 0 83 0 145 4
fi=(4)
-30 390 130
fe=(77)
+31 260 0 0 1 0 0 1 0 0 130
+3 260 130 0 0 2 0 0 0 0 130 12
+8 246 0 0 0 0 0 0 0 0 123
-8 1092 0 0 0 0 0 0 0 0 244 3
+12 240 240 0 1 0 0 1
-3 120 0 120
+1 120 0 120
+2 486 246 0 0 0 0 0 0 0 120 59
-3 3 0 3
+1 3 0 3
+2 135 6 0 0 0 0 0 0 0 3 2
+1 123
-1 123
+2 246 0 0 0 0 0 0 0 0 123
-1 492 123 123 1 6 0 1
+3 738 246 369
cfi=(78)
cfn=(270)
calls=123 772 
* 72949 21757 8135 59 428 8 58 398 8 10528 826 54 43
+3 123 123
+1 246 123
-4 123
+4 615 246 123 1 0 1 1
fi=(6)
+93 514 124 0 0 0 0 0 0 0 130 2
+3 124 124
-3 387 139 0 0 0 0 0 0 0 124 1
+3 139
-3 139 139
+5 286 0 0 0 0 0 0 0 0 143 10
+25 870 145 0 1 2 0 1 2 0 145 0 145 22
423 24 16 8 0 0 2 0 0 2
fi=(5)
150 24 8 0 1 0 0 1 0 0 8
fi=(6)
423 238 119 119 0 0 22 0 0 21
fi=(5)
150 394 120 0 0 0 0 0 0 0 137 15
-19 864 221 0 0 0 0 0 0 0 213 23
+33 16 8 0 1 0 0 1 0 0 4 1
+1 72 6 6 0 0 0 0 0 0 19
+1 252 84 0 1 0 0 1 0 0 84 7
+3 136 68
+4 68 68
-1 68 68
-3 68 68
+2 136 68
+2 68
-2 136 0 68
fe=(77)
-1 272 68 0 1 0 0 1 0 0 68 23
fi=(6)
287 68 68 0 1 0 0 1
+3 68
-3 68 68
+4 136 0 0 0 0 0 0 0 0 68 13
476 136 136 0 1 0 0 1
+2 68 0 68 0 0 0 0 0 0 0 0 68 68
cfi=(15) ./elf/../sysdeps/x86/dl-get-cpu-features.c
cfn=(550) __x86_cpu_features
calls=1 71 
* 6 2 0 1 0 0 1 0 0 1
cob=(3)
cfi=(162) ./math/../sysdeps/x86_64/fpu/multiarch/s_sincos.c
cfn=(518) sincos
calls=1 26 
* 8 4 0 2 0 0 2 0 0 2 1
cob=(3)
cfi=(146) ./math/../sysdeps/x86_64/fpu/multiarch/s_sin.c
cfn=(514) sin
calls=1 27 
* 9 4 0 1 0 0 1 0 0 2 1
cob=(3)
cfi=(161) ./math/../sysdeps/x86_64/fpu/multiarch/e_atan2.c
cfn=(510) __atan2_finite@GLIBC_2.15
calls=1 26 
* 9 4 0 2 0 0 2 0 0 2 1
cob=(3)
cfi=(160) ./math/../sysdeps/x86_64/fpu/multiarch/e_exp2f.c
cfn=(506) exp2f@@GLIBC_2.27
calls=1 27 
* 9 4 0 1 0 0 1 0 0 1
cob=(3)
cfi=(159) ./math/../sysdeps/x86_64/fpu/multiarch/s_expm1.c
cfn=(502) expm1
calls=1 26 
* 9 4 0 2 0 0 2 0 0 1
cob=(3)
cfi=(156) ./math/../sysdeps/x86_64/fpu/multiarch/e_asin.c
cfn=(498) __asin_finite@GLIBC_2.15
calls=1 27 
* 8 4 0 1 0 0 1 0 0 2 1
cob=(3)
cfi=(158) ./math/../sysdeps/x86_64/fpu/multiarch/s_fma.c
cfn=(496) fma
calls=1 49 
* 6 3 0 2 0 0 2 0 0 1 1
cob=(3)
cfi=(157) ./math/../sysdeps/x86_64/fpu/multiarch/s_sinf.c
cfn=(492) sinf
calls=1 26 
* 9 4 0 1 0 0 1 0 0 1
cob=(3)
cfi=(156)
cfn=(488) __acos_finite@GLIBC_2.15
calls=1 35 
* 8 4 0 2 0 0 2 0 0 2 1
cob=(3)
cfi=(155) ./math/../sysdeps/x86_64/fpu/multiarch/e_log.c
cfn=(484) __log_finite@GLIBC_2.15
calls=1 27 
* 9 4 0 2 0 0 2 0 0 2 1
cob=(3)
cfi=(154) ./math/../sysdeps/x86_64/fpu/multiarch/s_log1p.c
cfn=(480) __log1p
calls=1 26 
* 9 4 0 1 0 0 1 0 0 1
cob=(3)
cfi=(153) ./math/../sysdeps/x86_64/fpu/multiarch/e_log2f.c
cfn=(476) log2f@@GLIBC_2.27
calls=1 27 
* 9 4 0 2 0 0 2 0 0 1
cob=(3)
cfi=(151) ./math/../sysdeps/x86_64/fpu/multiarch/e_pow.c
cfn=(472) __pow_finite@GLIBC_2.15
calls=1 27 
* 8 4 0 2 0 0 2 0 0 2 1
cob=(3)
cfi=(150) ./math/../sysdeps/x86_64/fpu/multiarch/e_powf.c
cfn=(468) powf@@GLIBC_2.27
calls=1 30 
* 9 4 0 1 0 0 1 0 0 1
cob=(3)
cfi=(149) ./math/../sysdeps/x86_64/fpu/multiarch/s_sincosf.c
cfn=(464) sincosf
calls=1 26 
* 9 4 0 2 0 0 2 0 0 1
cob=(3)
cfi=(148) ./math/../sysdeps/x86_64/fpu/multiarch/e_log2.c
cfn=(460) log2@@GLIBC_2.29
calls=1 27 
* 9 4 0 1 0 0 1 0 0 1
cob=(3)
cfi=(147) ./math/../sysdeps/x86_64/fpu/multiarch/e_logf.c
cfn=(456) logf@@GLIBC_2.27
calls=1 27 
* 9 4 0 1 0 0 1 0 0 1
cob=(3)
cfi=(146)
cfn=(452) cos
calls=1 34 
* 9 4 0 2 0 0 2 0 0 2 1
cob=(3)
cfi=(145) ./math/../sysdeps/x86_64/fpu/multiarch/e_expf.c
cfn=(448) expf@@GLIBC_2.27
calls=1 27 
* 9 4 0 2 0 0 2 0 0 1
cob=(3)
cfi=(143) ./math/../sysdeps/x86_64/fpu/multiarch/e_exp.c
cfn=(444) __exp_finite@GLIBC_2.15
calls=1 27 
* 9 4 0 2 0 0 2 0 0 2 1
cob=(3)
cfi=(141) ./math/../sysdeps/x86_64/fpu/multiarch/s_cosf.c
cfn=(440) cosf
calls=1 26 
* 9 4 0 1 0 0 1 0 0 1
cob=(2)
cfi=(139) ./string/../sysdeps/x86_64/multiarch/strncase.c
cfn=(432) strncasecmp
calls=1 31 
* 21 4 0 2 0 0 2 0 0 5 1
cob=(2)
cfi=(138) ./string/../sysdeps/x86_64/multiarch/mempcpy.c
cfn=(428) mempcpy
calls=1 33 
* 22 4 0 3 0 0 3 0 0 6 2
cob=(2)
cfi=(137) ./wcsmbs/../sysdeps/x86_64/multiarch/wcpcpy.c
cfn=(424) wcpncpy
calls=1 31 
* 18 4 0 2 0 0 2 0 0 3 1
cob=(2)
cfi=(136) ./string/../sysdeps/x86_64/multiarch/strspn.c
cfn=(422) strspn
calls=1 29 
* 7 3 0 2 0 0 2
cob=(2)
cfi=(134) ./string/../sysdeps/x86_64/multiarch/memchr.c
cfn=(418) memchr
calls=1 29 
* 23 4 0 2 0 0 2 0 0 4 1
cob=(2)
cfi=(133) ./string/../sysdeps/x86_64/multiarch/memmove.c
cfn=(414) memmove
calls=1 29 
* 22 4 0 4 0 0 4 0 0 6 3
cob=(2)
cfi=(132) ./string/../sysdeps/x86_64/multiarch/stpcpy.c
cfn=(410) stpcpy
calls=1 33 
* 17 4 0 1 0 0 1 0 0 5 1
cob=(2)
cfi=(131) ./debug/../sysdeps/x86_64/multiarch/memmove_chk.c
cfn=(406) __memmove_chk
calls=1 29 
* 22 4 0 1 0 0 1 0 0 6 1
cob=(2)
cfi=(129) ./wcsmbs/../sysdeps/x86_64/multiarch/wmemcmp.c
cfn=(402) wmemcmp
calls=1 29 
* 24 5 0 2 0 0 2 0 0 6
cob=(2)
cfi=(128) ./string/../sysdeps/x86_64/multiarch/strncpy.c
cfn=(398) strncpy
calls=1 29 
* 19 4 0 2 0 0 2 0 0 4 2
cob=(2)
cfi=(127) ./string/../sysdeps/x86_64/multiarch/strlen.c
cfn=(394) strlen
calls=1 29 
* 25 5 0 2 0 0 2 0 0 5 1
cob=(2)
cfi=(100) ./wcsmbs/../sysdeps/x86_64/multiarch/wcscat.c
cfn=(390) wcscat
calls=1 31 
* 18 4 0 1 0 0 1 0 0 3 1
cob=(2)
cfi=(126) ./string/../sysdeps/x86_64/multiarch/strcasecmp_l.c
cfn=(386) strcasecmp_l
calls=1 31 
* 21 4 0 2 0 0 2 0 0 5 1
cob=(2)
cfi=(125) ./string/../sysdeps/x86_64/multiarch/strcpy.c
cfn=(382) strcpy
calls=1 29 
* 17 4 0 2 0 0 2 0 0 5 1
cob=(2)
cfi=(123) ./wcsmbs/../sysdeps/x86_64/multiarch/wmemset.c
cfn=(378) wmemset
calls=2 31 
* 20 8 0 2 0 0 2 0 0 4 2
cob=(2)
cfi=(121) ./string/../sysdeps/x86_64/multiarch/memcmp.c
cfn=(374) bcmp
calls=1 29 
* 24 5 0 3 0 0 3 0 0 6
cob=(2)
cfi=(120) ./string/../sysdeps/x86_64/multiarch/strchrnul.c
cfn=(370) strchrnul
calls=1 31 
* 25 5 0 2 0 0 2 0 0 5
cob=(2)
cfi=(119) ./string/../sysdeps/x86_64/multiarch/strncase_l.c
cfn=(366) strncasecmp_l
calls=1 31 
* 21 4 0 3 0 0 3 0 0 5 1
cob=(2)
cfi=(117) ./string/../sysdeps/x86_64/multiarch/strcat.c
cfn=(362) strcat
calls=1 29 
* 17 4 0 2 0 0 2 0 0 5 1
cob=(2)
cfi=(116) ./wcsmbs/../sysdeps/x86_64/multiarch/wcscpy.c
cfn=(360) wcscpy
calls=1 60 
* 16 4 0 3 0 0 3 0 0 4 1
cob=(2)
cfi=(115) ./string/../sysdeps/x86_64/multiarch/strcspn.c
cfn=(358) strcspn
calls=1 29 
* 7 3 0 1 0 0 1
cob=(2)
cfi=(113) ./string/../sysdeps/x86_64/multiarch/strcasecmp.c
cfn=(354) strcasecmp
calls=1 31 
* 21 4 0 3 0 0 3 0 0 5 1
cob=(2)
cfi=(112) ./string/../sysdeps/x86_64/multiarch/strncmp.c
cfn=(352) strncmp
calls=1 67 
* 21 4 0 3 0 0 3 0 0 5 1
cob=(2)
cfi=(110) ./wcsmbs/../sysdeps/x86_64/multiarch/wmemchr.c
cfn=(348) wmemchr
calls=2 31 
* 46 8 0 3 0 0 3 0 0 8 2
cob=(2)
cfi=(108) ./string/../sysdeps/x86_64/multiarch/stpncpy.c
cfn=(344) stpncpy
calls=1 31 
* 19 4 0 2 0 0 2 0 0 4
cob=(2)
cfi=(107) ./wcsmbs/../sysdeps/x86_64/multiarch/wcscmp.c
cfn=(340) wcscmp
calls=1 30 
* 25 5 0 2 0 0 2 0 0 5 1
cob=(2)
cfi=(106) ./string/../sysdeps/x86_64/multiarch/strrchr.c
cfn=(336) rindex
calls=1 28 
* 25 5 0 1 0 0 1 0 0 5 1
cob=(2)
cfi=(104) ./debug/../sysdeps/x86_64/multiarch/memset_chk.c
cfn=(332) __memset_chk
calls=1 29 
* 24 4 0 1 0 0 1 0 0 6
cob=(2)
cfi=(103) ./string/../sysdeps/x86_64/multiarch/strchr.c
cfn=(330) index
calls=1 65 
* 19 4 0 2 0 0 2 0 0 5 1
cob=(2)
cfi=(100)
cfn=(324) wcschr
calls=2 31 
* 50 10 0 3 0 0 3 0 0 10 2
cob=(2)
cfi=(98) ./string/../sysdeps/x86_64/multiarch/memcmpeq.c
cfn=(320) memcpy@@GLIBC_2.14
calls=1 29 
* 22 4 0 4 0 0 4 0 0 6 2
cob=(2)
cfi=(96) ./wcsmbs/../sysdeps/x86_64/multiarch/wcsncpy.c
cfn=(316) wcsncpy
calls=1 31 
* 18 4 0 1 0 0 1 0 0 3 1
cob=(2)
cfi=(95) ./string/../sysdeps/x86_64/multiarch/memrchr.c
cfn=(312) memrchr
calls=1 29 
* 25 5 0 2 0 0 2 0 0 5 2
cob=(2)
cfi=(94) ./debug/../sysdeps/x86_64/multiarch/memcpy_chk.c
cfn=(308) __memcpy_chk
calls=1 29 
* 22 4 0 5 0 0 5 0 0 6 1
cob=(2)
cfi=(92) ./debug/../sysdeps/x86_64/multiarch/mempcpy_chk.c
cfn=(304) __mempcpy_chk
calls=1 29 
* 22 4 0 5 0 0 5 0 0 6 2
cob=(2)
cfi=(91) ./wcsmbs/../sysdeps/x86_64/multiarch/wcslen.c
cfn=(300) wcslen
calls=1 29 
* 19 4 0 3 0 0 3 0 0 5 1
cob=(2)
cfi=(89) ./string/../sysdeps/x86_64/multiarch/memset.c
cfn=(296) memset
calls=1 29 
* 24 4 0 2 0 0 2 0 0 6
cob=(2)
cfi=(87) ./wcsmbs/../sysdeps/x86_64/multiarch/wcsnlen.c
cfn=(292) wcsnlen
calls=1 30 
* 19 4 0 3 0 0 3 0 0 5 1
cob=(2)
cfi=(86) ./string/../sysdeps/x86_64/multiarch/strcmp.c
cfn=(290) strcmp
calls=1 79 
* 19 4 0 3 0 0 3 0 0 5 1
cob=(2)
cfi=(85) ./string/../sysdeps/x86_64/multiarch/strpbrk.c
cfn=(288) strpbrk
calls=1 29 
* 7 3 0 2 1 0 2
cob=(2)
cfi=(83) ./string/../sysdeps/x86_64/multiarch/strnlen.c
cfn=(284) strnlen
calls=2 31 
* 50 10 0 2 0 0 2 0 0 10 3
cob=(2)
cfi=(81) ./string/../sysdeps/x86/cacheinfo.c
cfn=(280) __x86_cacheinfo
calls=1 86 
* 28 9 8 4 2 2 4 0 2 3 1
fi=(5)
165 68
fi=(6)
479 68 0 68 0 0 2 0 0 1
fi=(5)
165 145 3 0 0 0 0 0 0 0 68 26
-14 126 42 0 2 1 0 2 0 0 42 6
fi=(6)
460 3 1 0 1 0 0 1 0 0 1
+5 2 2 0 1 0 0 1
-1 3 1 1
+1 2
-1 1 0 1
cfi=(29)
cfn=(82)
calls=1 210 
* 11 3 2 0 0 0 0 0 0 2 2
+2 5 3 0 0 0 0 0 0 0 1
+1 2 0 0 1 0 0 1 0 0 1 1
-67 51 17 0 1 0 0 1 0 0 17
+2 68 17 0 0 0 0 0 0 0 17
+4 17 17
+9 17 17
-9 34 17 0 1 3 0 1 3
+9 17 0 17 0 0 5 0 0 5
fi=(5)
150 34 17
fi=(6)
320 42 0 42
+3 42
-36 75 15 0 1 0 0 1 0 0 15 2
fi=(5)
141 68 68
+1 68 0 68 1 0 0 1
-1 204 0 68
+2 68
fi=(6)
287 340 68 0 1 0 0 1 0 0 68 20
fe=(77)
175 63 7 0 2 0 0 2 0 0 28 2
+3 7 7
-1 7 0 7
+19 7 7 0 1 0 0 1
-18 14 0 7
fi=(6)
295 8 0 0 1 0 0 1 0 0 4
+1 12 4 0 0 0 0 0 0 0 4 2
+11 8 0 8 1 0 0 1
+7 4 0 4 0 0 0 0 0 0 0 0 4 4
cob=(3)
cfi=(165) ./math/../sysdeps/x86_64/fpu/multiarch/s_ceil.c
cfn=(526) ceil
calls=1 31 
* 7 3 0 1 0 0 1
cob=(3)
cfi=(164) ./math/../sysdeps/x86_64/fpu/multiarch/s_floor.c
cfn=(524) floor
calls=1 31 
* 7 3 0 1 0 0 1
cob=(2)
cfi=(163) ./time/../sysdeps/unix/sysv/linux/time.c
cfn=(522) time
calls=1 38 
* 7 3 0 2 1 0 2 0 0 1 1
cob=(2)
cfi=(86)
cfn=(290)
calls=1 79 
* 19 4 0 0 0 0 0 0 0 5 1
* 16 8 0 1 0 0 1
fe=(77)
+42 25 15 0 1 0 0 1
+3 5
-3 5
+3 5
+4 10 0 0 1 0 0 1 0 0 5
+1 20 0 5
cfi=(140)
cfn=(436) mprotect
calls=5 117 
* 30 5 0 2 0 0 2 0 0 5 1
* 10 0 0 0 0 0 0 0 0 5 3
-63 9 0 3 1 0 0 1
fi=(5)
180 7 3 0 1 0 0 1 0 0 2 1
fe=(77)
+10 2
fi=(5)
73 1 0 1 1 0 0 1
fe=(77)
190 3 0 2
fi=(6)
436 7 0 4 0 0 0 0 0 0 1
fi=(5)
182 2 2 0 1 0 0 1
+1 2 2
-1 1
+3 1
-3 4 0 1
+3 2 0 0 0 0 0 0 0 0 1
-3 10 10 0 0 2 0 0 2
+1 10 10
-1 5
+3 5
-3 20 0 5
+3 10 0 0 0 0 0 0 0 0 5
+8 6 0 6
fi=(6)
+74 12 0 0 1 0 0 1 0 0 6
+7 12 0 0 0 0 0 0 0 0 6
+4 12 0 0 0 0 0 0 0 0 6
fe=(77)
170 24 6 0 0 2 0 0 2 0 6 1
fi=(4)
-30 18 6
fe=(77)
+31 12 0 0 0 0 0 0 0 0 6
+3 12 6 0 1 1 0 1 0 0 6
+8 12 0 0 0 0 0 0 0 0 6
-8 54 0 0 0 0 0 0 0 0 12
+12 12 12 0 1 0 0 1
-3 6 0 6
+1 6 0 6
+2 36 12 6 0 0 0 0 0 0 6 2
+4 24 6 6
-4 6
+4 18 6 12 1 0 0 1
cfi=(78)
cfn=(270)
calls=6 772 
* 3227 946 335 0 8 0 0 7 0 483 43 1
+3 6 6
+1 12 6
-4 6
+4 30 12 6
fi=(6)
+93 20 2 0 0 0 0 0 0 0 6 2
+3 2 2 0 1 0 0 1
-3 6 2 0 0 0 0 0 0 0 2
+3 2
-3 2 2
+5 4 0 0 0 0 0 0 0 0 2 1
+25 36 6 0 0 1 0 0 1 0 6 0 6 1
423 6 0 6 1 0 2 1 0 2
fi=(5)
196 18 6 0 0 0 0 0 0 0 6
-16 24 6 0 0 0 0 0 0 0 6 4
+31 7 4 0 1 0 0 1 0 0 1 1
fe=(77)
-33 7 0 0 1 0 0 1
-3 21 0 0 0 0 0 0 0 0 7

fl=(62)
fn=(194)
25 4 0 0 1 0 0 1
+1 16 0 0 0 0 0 0 0 0 4
+1 4 4

fl=(54)
fn=(174)
25 3 0 0 1 0 0 1
+1 12 0 0 0 0 0 0 0 0 3
+1 3 3

fl=(170)
fn=(546)
30 2 0 1 1 0 0 1
+10 3
-10 3 0 2
+10 1
-10 1 0 1
+10 1
-10 1
+7 1 1
+3 2 0 1
cfi=(171)
cfn=(548)
calls=1 +34 
* 233 53 14 7 3 0 7 3 0 27 9 2 2
+4 2 0 0 1 0 0 1 0 0 1
+1 8 3 0 0 0 0 0 0 0 2
+2 3
-2 1 0 1
+2 3 0 1
cfi=(171)
cfn=(548)
calls=1 +27 
* 223 50 14 0 4 0 0 4 0 23 3 2 2
+4 2 0 0 1 0 0 1 0 0 1
+1 7 3 1 0 0 0 0 0 0 2
+1 6 5

fl=(48)
fn=(570)
41 3 0 0 2 0 0 1
+4 12 3
+1 3 3 0 0 1
+1 15 3 0 2 0 0 1 0 0 6

fn=(640) _dl_audit_preinit
118 1 0 0 1 0 0 1
+1 4 2 0 0 0 0 0 0 0 1

fn=(198)
77 3 0 0 1 0 0 1
+1 12 6 0 0 0 0 0 0 0 3

fn=(152)
29 2 0 1
+2 1 1
-2 5 0 4 1 0 0 1
+1 1 1
+1 2 0 0 0 0 0 0 0 0 1 1
+6 6 6 0 1 0 0 1

fn=(998)
97 5 0 0 1 0 0 1
+1 20 10 0 0 0 0 0 0 0 5

fl=(15)
fn=(550)
71 1 0 0 1 0 0 1
-32 3 1 0 0 0 0 0 0 0 1
+32 2 1

fn=(34) _dl_x86_init_cpu_features
37 1 0 0 1 0 0 1
+2 3 1 0 0 0 0 0 0 0 1 1
+2 1
cfi=(16)
cfn=(36)
calls=1 682 
* 7344 808 485 103 19 8 103 19 8 1709 238 1 1

fl=(11)
fn=(22) __GI___tunables_init
261 8 0 5 2 0 0 2
+22 1
-22 1 0 1
128 1
283 1
-22 1
+6 4 1 0 0 0 0 0 0 0 1
42 355 71 0 1 0 0 1 0 0 142 1
+6 70 70 0 0 23 0 0 23
-3 70
+3 7791 1053 0 0 15 0 0 15 0 2246 84
+4 140 0 0 0 0 0 0 0 0 70
+4 140 0 0 1 0 0 1
fi=(12) ./elf/./elf/dl-tunables.h
160 70
fe=(11)
56 140
fi=(12)
161 44 0 0 0 0 0 0 0 0 22
-1 202 114 0 0 1 0 0 1 0 22
+1 254 0 0 0 0 0 0 0 0 92 23
-1 140
fe=(11)
281 11480 0 0 0 0 0 0 0 0 2870 70
+6 20790 5740 0 1 41 0 1 41 0 5740 775
fi=(12)
160 700 700
+1 1400 0 0 0 0 0 0 0 0 700 40
-1 53 53
+1 212 0 0 0 0 0 0 0 0 106 13
-1 265 53 0 1 0 0 1 0 0 53 6
fe=(11)
304 8 7 0 1 0 0 1

fn=(28)
387 38 0 0 1 0 0 1
+3 76
-3 38
+3 304 38 0 0 36 0 0 31 0 38 3
+9 35 35 0 0 13
-9 70 0 0 1 0 0 1 0 0 35 15
+19 23 0 23
+7 228 38 0 0 4 0 0 0 0 38 32
+2 38 38
-19 15 0 15
+1 15
+9 6 0 0 1 0 0 1

fn=(58)
153 15 0 0 1 0 0 1
-81 40 5 0 1 0 0 1 0 0 5
+81 15 0 10
-81 10 0 0 0 0 0 0 0 0 5
+10 5 5
fi=(272) ./elf/./dl-tunable-types.h
+2 5
fe=(11)
+9 40 10 0 1 0 0 1 0 0 5
+1 25 10 0 0 0 0 0 0 0 5
fi=(12)
+47 10 0 0 0 0 0 0 0 0 5 3
fe=(11)
-26 25 0 5 1 0 0 1
+1 5 0 5
+1 5 0 5
+1 5 0 5
+39 15 15
fi=(12)
-15 10 0 0 1 0 0 1
fe=(11)
-45 10 0 0 0 0 0 0 0 0 5 2
+3 5
fi=(12)
+51 5
fe=(11)
-51 5
+4 10 0 0 0 0 0 0 0 0 5 2
+7 10 0 0 0 0 0 0 0 0 5
+1 10 0 0 0 0 0 0 0 0 5 2
-12 25

fl=(24)
fn=(86)
42 10
+2 20 10

fn=(68)
53 3 0 0 1 0 0 1
+3 8 0 2 1 0 1 1 0 1
+5 1
-5 1
+5 1 0 1
+1 1 0 1 1 0 0 1
-6 1 0 1
+8 1 1

fn=(256)
68 2 0 1
fi=(273) ./elf/../include/list.h
-24 1
fe=(24)
+24 3 0 1
fi=(273)
-25 1 1 0 0 1
fe=(24)
+26 1 1
+3 1
fi=(273)
-29 1 0 1 1 0 0 1
+1 1 0 1
+1 1 0 1
+2 1 0 1
fe=(24)
+28 4 0 1
+1 2 0 1
+1 1 0 1 1 0 0 1
+5 2 1 1
+5 1
+6 1
-3 1 0 1
+3 1
-6 3 0 1
+6 1
+12 4 0 1 1 0 0 1
cfi=(11)
cfn=(28)
calls=1 387 
* 24 4 1 0 1 0 0 1 0 3 2
fi=(75) ./elf/../sysdeps/unix/sysv/linux/rseq-internal.h
-73 3 1 0 0 0 0 0 0 0 1 1
+8 1 0 1
fe=(24)
+81 3 2 1
+7 2 1 1
+1 3 3
fi=(75)
-95 7 0 0 1 0 0 1
+3 2 0 0 0 0 0 0 0 0 1 1
fe=(24)

fl=(8)
fn=(14)
25 5 0 0 1 0 0 1
+3 5 5
-3 5
+3 10 0 0 1 0 0 1 0 0 5
+3 15 10 0 0 0 0 0 0 0 5
+1 10 5 5 0 4 1 0 4 1
+2 5 5
-1 5 5
+3 15 0 0 0 0 0 0 0 0 5
+1 5 0 5
+1 10 5
+7 5
-5 5 0 5
-2 5 0 5 1 0 0 1
+3 10
+2 5 0 5
+2 10 0 5
+5 5 5

fl=(46)
fn=(248)
97 2 0 1 1 0 0 1
+3 1
-3 3 0 2
+3 1
-3 1
+3 1
-3 1 0 1
+3 1
-3 1
+3 1 0 1
cfi=(11)
cfn=(28)
calls=1 387 
* 23 4 1 0 2 0 0 1 0 3 1
* 1 1
+1 4 0 1
cfi=(11)
cfn=(28)
calls=1 387 
* 23 4 1 0 1 0 0 1 0 3 1
+1 1
+2 1 0 0 1 0 0 1
-3 1 1
+1 2
+2 3 0 0 0 0 0 0 0 0 1
+3 1
+2 1 0 1
-26 3
+28 3 0 1
+1 6 5

fn=(250)
216 9 0 6 1 0 0 1
+6 4 1 1 0 0 0 0 0 0 1
+3 2 1 0 0 0 0 0 0 0 1
+36 3 1 0 1 0 0 1 0 0 1
+2 1 1
-2 1
-2 1
-40 1
-1 1
-1 1
+46 2 0 1
+23 3
+3 1
-3 5
+2 2 0 0 0 0 0 0 0 0 1 1
+6 1
-33 2 1
+20 1 0 1
-20 5 1 0 0 0 0 0 0 0 1 1
+2 2 1 0 1 0 0 1 0 0 1
+3 1 1
-1 1 1 0 1 0 0 1
+5 2 1
-5 1
+1 1
-1 1
+3 2
+2 3 0 0 0 0 0 0 0 0 1 1
+32 2 1 0 1 0 0 1
-1 1 0 1
+53 1 0 1
-52 5 0 0 1 0 0 1
+2 2 0 1
+51 8 7

fn=(438)
1017 8 0 4 1 0 0 1
+9 1 1
-9 1 0 1
+6 1 1
+4 1
+4 3 1 0 1 0 0 1 0 0 1
+34 2 0 0 0 0 0 0 0 0 1 1
+3 2 0 1
+1 3 1 1
+3 6 6 0 1 0 0 1

fn=(252)
417 7 0 4 2 0 0 2
+2 1 1
+11 1 1
+1 1
fi=(28)
56 1 1 1 0 0 0 0 0 0 0 0 1 1
cfi=(27)
cfn=(78)
calls=1 -20 
* 85 15 13 0 0 0 0 0 0 10 3
fe=(46)
432 2 0 0 0 0 0 0 0 0 1
+8 3
fi=(28)
44 1
fe=(46)
440 2
+5 1
-5 1
+1 1 0 0 1 0 0 1
+4 304 0 297 0 0 37 0 0 37 296 10
+19 1 0 1 0 0 1 0 0 1
-99 1 1
+4 1 0 0 1 0 0 1
+1 1
fi=(28)
44 1 1 1 0 0 0 0 0 0 0 0 1 1
cfi=(27)
cfn=(74)
calls=1 +36 
* 41 8 7 0 0 0 0 0 0 4 1 1
fe=(46)
371 2 0 0 0 0 0 0 0 0 1
+3 1 0 1 0 0 1 0 0 1
+6 2 0 1
+90 7 5

fn=(528)
523 11 0 8 1 0 0 1
+1 2 0 0 0 0 0 0 0 0 1
+4 1 1 0 0 1
+6 1 0 0 1 0 0 1
-6 1 0 1
+6 1 1 1 0 1 0 0 0 0 0 0 1 1
cfi=(24)
cfn=(86)
calls=1 42 
* 3 1
+3 3 2 0 0 1 0 0 0 0 1
+12 1 1
-18 1
+42 3
-19 12 1 1 1 0 0 1 0 0 1
+9 3 1
+1 2 0 0 0 0 0 0 0 0 1
+6 3 2 0 1 0 0 1 0 0 1
+3 1 1
-2 1
+2 1 1 0 0 1
-2 1
+2 4 1
+4 1 1
-4 1 0 1
+4 1
-1 2 0 0 0 0 0 0 0 0 1
+4 2 0 0 1 0 0 1 0 0 1
+1 4 2 0 0 0 0 0 0 0 1
+2 2 0 0 0 0 0 0 0 0 1
+1 2 1
+17 1 1
-8 1 0 1
+8 1 0 0 0 0 0 0 0 0 1 1
+2 4 1 2
cfi=(29)
cfn=(126)
calls=1 197 
* 13 3 2 0 1 1 0 0 1 2
* 6 1 1
cfi=(43)
cfn=(130)
calls=1 132 
* 25 1 8 0 0 1 0 0 1 4 1
-49 1 1
+55 1 1
-55 4 0 0 0 0 0 0 0 0 1
+6 5 0 0 1 0 0 1 0 0 2 1
+55 2 1 1 0 0 0 0 0 0 0 0 1 1
cfi=(24)
cfn=(86)
calls=1 42 
* 3 1
+3 2 1 1
+3 9 8

fn=(146)
192 1 0 0 1 0 0 1
+2 2 1 0 0 0 0 0 0 0 1
+1 1 1
+15 2 1

fn=(226)
125 1 0 0 1 0 0 1
+16 1 1
-13 1 1
-3 3 0 1
+3 1 0 0 0 0 0 0 0 0 1
+55 1 0 1 1 0 0 1
-2 1
+5 1 0 1
+1 2 2

fl=(58)
fn=(184)
33 2 0 0 1 0 0 1
+2 7 3 0 0 0 0 0 0 0 2 1
-2 4 0 2
+7 1
-7 2 0 1
+7 1
-7 2 0 1 0 0 1 0 0 1
+7 1
-7 1 0 0 1 0 0 1
+7 1 0 1
cfi=(11)
cfn=(28)
calls=1 387 
* 24 4 1 0 0 0 0 0 0 3 2
* 3 1 0 0 0 0 0 0 0 1 1
+7 1 0 1 1 0 0 1
+2 6 5

fl=(140)
fn=(436)
117 25 0 0 2 0 0 2 0 0 5 1
+5 5 5

fn=(574)
117 5 0 0 0 0 0 0 0 0 1
+5 1 1

fl=(44)
fn=(138)
40 24 0 12 1 0 0 1
+1 4 0 4
cfi=(22)
cfn=(62)
calls=4 +16 
* 122 17 0 2 0 0 2 0 0 11 3
* 4
fi=(274) ./string/../include/rtld-malloc.h
+15 8 4 4 0 0 0 0 0 0 0 0 4 1
cfi=(27)
cfn=(78)
calls=4 -20 
* 120 28 28 0 0 0 0 0 0 12
fe=(44)
-12 8 0 0 1 0 0 1 0 0 4
+3 12
+1 12 12
-1 4
cfi=(29)
cfn=(82)
calls=4 210 
* 52 14 10 0 0 3 0 0 3 10 4

fl=(55)
fn=(178)
30 4 0 0 1 0 0 1
+9 16 0 0 1 0 0 1 0 0 4
+33 4 4

fl=(65)
fn=(210)
28 6
+1 12
cfi=(66)
cfn=(212)
calls=3 146 
* 28 3 2 1 0 0 1 0 0 3 3

fl=(49)
fn=(156)
32 6 0 2 1 0 0 1
+1 3 1 0 0 1 0 0 1 0 1
+1 2 1 0 0 0 0 0 0 0 1
+5 6 0 4 0 0 1 0 0 1
+1 4 0 4 1 0 1 1 0 1
+1 4 0 4 0 0 1 0 0 1
+1 4 0 4 0 0 1 0 0 1
+2 1
+3 3 1 1 1 0 0 1
+1 2 0 0 0 0 0 0 0 0 1 1
-1 6 2 2
+1 4 0 0 0 0 0 0 0 0 2 1
+3 4 2 0 0 0 0 0 0 0 1
+1 4 2 0 0 0 0 0 0 0 1
+1 4 2 0 1 0 0 1 0 0 1
+1 4 2 0 0 0 0 0 0 0 1
+2 3
+6 1 1
-1 1
+1 1 1
+2 2 2
-1 2 2 0 1 0 0 1
+2 1 1
+2 6 1 0 0 0 0 0 0 0 1 1
-5 12 12 0 0 1 0 0 1
-1 12
+1 12 12
+2 24 24
-1 24 24
+2 12 12
+2 72 12 0 0 0 0 0 0 0 12 9
+2 1
+1 4 0 0 0 0 0 0 0 0 1
+1 3 3

fl=(22)
fn=(62)
57 20 0 0 1 0 0 1
+44 20
+1 20
+1 20
+1 20
+1 20
+1 20
+1 20
+2 20
+2 20 0 0 0 0 0 0 0 0 20
+31 20 20 0 0 3 0 0 3
+1 20
+1 20
+1 20
+1 20 0 0 0 0 0 0 0 0 20 7
+1 11
+2 11 11
+4 9 0 0 1 0 0 1
+1 9 9
+1 9 9
+1 9 9
+1 9
+1 9
+1 9
+1 9
+1 9
+1 9
+1 9
+1 9
+5 72 9 0 1 0 0 1 0 0 9

fl=(45)
fn=(150)
116 2 0 0 1 0 0 1
+1 2 2

fn=(144)
56 3 0 0 1 0 0 1
+3 2 0 0 0 0 0 0 0 0 1
+4 1 1 0 0 1 0 0 1
+22 1 1
+10 1 1
-32 2 0 0 0 0 0 0 0 0 1
+1 1 0 1
+21 2 0 0 0 0 0 0 0 0 1 1
+5 2 1 0 1 1 0 1 1
+1 1
+4 1 1
-4 1 0 1
-1 1 0 1
+2 1 0 1
+3 1 0 0 0 0 0 0 0 0 1 1
+4 2 0 0 0 0 0 0 0 0 1 1
+8 2 1
-50 1 0 0 1 0 0 1
+4 2
+35 6 1 1 1 0 0 1

fn=(196)
38 4
+3 4
-1 8 0 0 0 0 0 0 0 0 4 4
+4 8 4 0 1 1 0 1 0 0 4
+4 4 4

fl=(9)
fn=(18) _dl_sysdep_parse_arguments
78 1 0 1 1 0 0 1
+2 1
-2 6 0 3
+1 1 1
+1 1 0 1
-1 1 0 1 0 0 1 0 0 1
+2 2
+2 1 1 0 1 1 0 1 1
-2 1 0 1 0 0 1 0 0 1
+2 2 0 0 0 0 0 0 0 0 1
-1 1
+1 2 1 0 0 0 0 0 0 0 1 1
-1 69
+1 138 69 0 0 9 0 0 9 0 69 9
+7 56 0 52 0 0 7 0 0 7 52 10
fi=(10) ./elf/../sysdeps/unix/sysv/linux/dl-parse_auxv.h
-49 1 1
fe=(9)
+45 1
fi=(10)
-54 1
fe=(9)
+54 1 0 1 1 0 1 1 0 1
fi=(10)
-54 1 0 1
+1 1 0 1
+1 1 0 1
+7 3 0 0 0 0 0 0 0 0 1
+1 44 0 0 0 0 0 0 0 0 22
+1 22 22 0 0 5 0 0 5
-2 22 0 0 1 0 0 1
+2 22 0 22
-2 67 23 0 0 0 0 0 0 0 22 6
fe=(9)
+52 3 3
+1 1 1
+1 2 2 0 1 0 0 1
fi=(10)
-49 1 1
+1 1 1
fe=(9)
+46 1
fi=(10)
-45 1 1
+3 1 1
+1 1 1
+1 1 1
+1 1 1
+2 1 1
-5 1 0 1 1 0 0 1
-4 1 0 1
+1 1 0 1
+4 1 0 1 0 0 1 0 0 1
+1 1 0 1
+3 1 0 1
-7 1 0 1
-4 1 0 1
+1 1 0 1
+8 1 0 1 1 0 0 1
fe=(9)
+40 1 0 1
-1 1 0 1
+2 1 0 1
+1 6 5

fn=(16)
102 5 0 2 1 0 0 1
+4 1
-4 1
+1 1 0 1
+3 1 0 1 0 0 1 0 0 1
cfn=(18)
calls=1 -28 
* 504 137 98 7 15 11 7 15 11 168 26
+4 2 1 1
cfi=(11)
cfn=(22)
calls=1 261 
* 44341 7862 6 7 80 0 7 80 0 12064 1012
+3 1 0 1
cfi=(13)
cfn=(26)
calls=1 289 
* 38 7 4 4 1 0 4 1 0 3 2
+2 2 0 1
cfi=(14) ./elf/../sysdeps/unix/sysv/linux/brk.c
cfn=(30) brk
calls=1 -79 
* 8 1 1 1 0 1 1 0 1 1
fi=(6)
220 1 0 1
cfi=(15)
cfn=(34)
calls=1 37 
* 7349 809 485 104 19 8 104 19 8 1710 239 1 1
fe=(9)
-98 3 1 0 1 0 0 1 0 0 1
+1 1 0 1
cfi=(22)
cfn=(62)
calls=1 -66 
* 17 2 0 1 1 0 1 1 0 2
* 1 0 1
+2 2 0 1
cfi=(23)
cfn=(64)
calls=1 -88 
* 16 5 3 2 0 0 2 0 0 2 1
* 3 0 0 0 0 0 0 0 0 1
+12 3 1 0 0 0 0 0 0 0 1
+3 5 3 1 1 0 0 1 0 0 0 0 1 1
cfi=(2)
cfn=(66)
calls=1 1346 
* 144721 37562 15910 866 1067 524 861 903 514 24652 3023 404 196
+3 4 4 0 1 1

fn=(568)
147 1 0 0 1 0 0 1
+1 1 1

fl=(52)
fn=(168)
68 273 0 117 1 0 0 1
+1 78 39 39
cfi=(32)
cfn=(94)
calls=39 +29 
* 1183 262 0 8 1 0 8 1 0 139 34 11 8
* 78 0 0 0 0 0 0 0 0 39
+3 39 39
+2 78 0 0 0 0 0 0 0 0 39 9
+6 39 39
-6 78 0 0 0 0 0 0 0 0 39 16
+1 141 47 47 1 0 0 1
cfi=(32)
cfn=(94)
calls=47 +23 
* 1651 330 0 5 0 0 5 0 0 191 39 16
* 94 0 0 0 0 0 0 0 0 47 9
+8 8 8
-13 8
+13 55 55
-1 31
+1 93 93

fn=(216)
36 2 0 1 1 0 0 1
+3 1
-3 7 0 3
+3 1
-3 2 0 1
+3 1 0 1
cfi=(53)
cfn=(172)
calls=1 -11 
* 20 2 2 0 0 0 0 0 0 3
+1 2 0 0 1 0 0 1 0 0 1 1
+23 8 6
-21 4 0 1
cfi=(55)
cfn=(178)
calls=1 -12 
* 6 1 0 0 0 0 0 0 0 1
* 2 0 0 0 0 0 0 0 0 1
+2 2 1 1
+3 2 0 0 1 0 0 1 0 0 1 1
+13 2 0 1
cfi=(62)
cfn=(194)
calls=1 -35 
* 6 1 0 0 0 0 0 0 0 1
* 1
-11 6 0 1
cfi=(57)
cfn=(182)
calls=1 -2 
* 26 4 3 0 0 0 0 0 0 4 2
* 2

fl=(14)
fn=(30)
36 1 0 0 1 0 0 1
fi=(275) ./elf/../sysdeps/unix/sysv/linux/brk_call.h
-12 2
fe=(14)
+13 1 0 1 0 0 1 0 0 1
+1 2 0 0 0 0 0 0 0 0 1
+6 1
+1 1 1

fl=(64)
fn=(202)
143 4 0 1 1 0 0 1
+1 2
-1 1
+1 1
-1 2 0 2
+1 1
-1 1 0 1
+1 1
-1 4 0 3 0 0 1 0 0 1
+1 3 0 0 1 0 0 1
-1 1 0 1
+1 7 0 0 0 0 0 0 0 0 2 2
-8 1 1 0 1 0 0 1
+8 2
-8 1
-6 1
-2 1 0 1 0 0 1 0 0 1
+16 1
-8 1
-7 1 0 1
+1 1 0 1
+6 1 0 1
+24 4 0 0 1 0 0 1 0 0 1
-28 3 0 1
-2 1
+31 1 1
-33 2 0 1
+2 2
+30 2
-30 1
-1 4 0 1 1 0 0 1
+7 4 1 1
+24 3 0 0 0 0 0 0 0 0 1
+28 3 1 1
-6 1 1
+46 1
fi=(72) ./elf/../include/scratch_buffer.h
77 1
fe=(64)
+87 1 0 1 1 0 0 1
fi=(72)
-87 1 0 1 0 0 1 0 0 1
+1 1 0 1
fe=(64)
184 1 0 1
+44 4 0 4
-31 1 1 0 1 0 0 1
-4 1 0 1
+4 6 4 0 0 0 0 0 0 0 1 1
-4 4 0 4
+4 8 0 0 0 0 0 0 0 0 4 4
+11 14 7 0 0 1 0 0 1 0 7 3
-18 2
+18 4 2 0 0 0 0 0 0 0 2 1
417 10 0 0 1 0 0 1 0 0 5 2
+2 3
+3 3
-3 9 0 6
+3 3
-3 3 0 3
fi=(28)
56 3 3 3 0 0 0 0 0 0 0 0 3 1
cfi=(27)
cfn=(78)
calls=3 -20 
* 90 21 21 0 0 0 0 0 0 9
fe=(64)
423 9 6 0 1 0 0 1
fi=(28)
56 3
fe=(64)
423 3 0 0 0 0 0 0 0 0 3
+6 3 0 3
+1 15 0 6
cfi=(29)
cfn=(82)
calls=3 210 
* 33 9 6 0 0 0 0 0 0 6 2
+1 15 0 3
cfi=(29)
cfn=(82)
calls=3 210 
* 33 9 6 0 0 2 0 0 2 6 2
+3 3 0 3
+1 6 3 3
+4 15 5 0 1 0 0 1 0 0 5 5
188 8 4
442 12 4 0 0 0 0 0 0 0 4 4
-1 5 5
+1 10 0 0 0 0 0 0 0 0 5 5
183 6 4
+27 12 9 0 1 0 0 1 0 0 3 3
+7 3 3
+4 3 3
-6 3 0 3 1 0 1 1 0 1
+1 3 0 3
+1 3 0 3
+1 6 3 3
+3 9 3 0 0 0 0 0 0 0 3
-2 3 0 3
-29 15 0 9 1 0 0 1
+32 184 0 0 0 0 0 0 0 0 92 8
+6 20 10 5 0 0 1 0 0 1
cfi=(30)
cfn=(204)
calls=5 +10 
* 283 56 35 2 2 1 2 2 1 17 4
* 15 0 0 0 0 0 0 0 0 5 5
+4 10 0 0 1 0 0 1
-2 5 0 5
+2 10 0 5
cfi=(50)
cfn=(160)
calls=5 -28 
* 11819 2344 1258 92 105 97 91 105 97 2090 442 31 5
+1 10 5 0 0 0 0 0 0 0 5
+9 5 5
+2 10 5 0 1 0 0 1 0 0 5 2
+5 15 0 3 0 0 0 0 0 0 3 3
+6 3 3
+2 3 0 3
-8 6 0 0 1 0 0 1
+3 3 0 3
+1 3 0 3
+1 3 0 3
+1 3 0 3
+4 3 3
-3 3 0 3
+3 9 0 3
+4 15 5 0 0 0 0 0 0 0 5 2
+1 9 0 3
-43 377 98 0 0 0 0 0 0 0 92 15
+7 10 0 0 1 0 0 1
+38 261 0 0 1 0 0 1 0 0 87 7
fi=(72)
85 3 1 0 1 0 0 1 0 0 1 1
fe=(64)
448 5 1 0 1 0 0 1 0 0 2
+1 1 0 1
+3 4 1 1 0 0 0 0 0 0 1 1
+11 5 1 2 1 0 0 1
fi=(28)
56 1 1 1 0 0 0 0 0 0 0 0 1 1
cfi=(27)
cfn=(78)
calls=1 -20 
* 30 7 7 0 0 0 0 0 0 3
fe=(64)
465 3 2
fi=(28)
56 1
fe=(64)
465 1 0 0 0 0 0 0 0 0 1
+5 2 1 0 1 0 0 1
+1 1 0 1
-1 3 1 1
+4 3 0 0 0 0 0 0 0 0 1
-2 2
+13 4 0 4 0 0 1 0 0 1
+5 4 0 4
-16 12 4 0 0 0 0 0 0 0 4 1
+11 4
-7 4 4
+7 4
-2 8 0 0 0 0 0 0 0 0 4 4
-5 1 1 0 1 0 0 1
+7 1
-2 2 0 0 0 0 0 0 0 0 1
+2 1
-11 1
+11 1 0 1 0 0 1 0 0 1
+5 1 0 1
-16 3 1 0 0 0 0 0 0 0 1 1
+21 3 1 0 0 0 0 0 0 0 1 1
+37 2 0 0 1 0 0 1 0 0 1
+15 2 0 0 1 0 0 1
-14 2 0 0 0 0 0 0 0 0 1 1
+20 1 1 0 1 0 0 1
-1 4 0 1
+1 4 1 1
-1 5 1 1 1 0 0 1
cfi=(13)
cfn=(232)
calls=1 298 
* 349 92 66 13 0 0 13 0 0 55 21
+5 1 0 1
+2 1 1
+1 1 0 1
+1 2 1
-2 1 0 1
+2 1 0 0 0 0 0 0 0 0 1 1
+7 3 1 0 1 0 0 1 0 0 1 1
+3 2 0 0 0 0 0 0 0 0 1
+3 8 7
198 32 14 0 1 0 0 1 0 0 14 2
+3 3
fi=(72)
-70 12 0 6 1 0 0 1
cfi=(71)
cfn=(228)
calls=3 30 
* 75 18 12 2 0 0 2 0 0 6 4
fe=(64)
+70 9 3 0 0 0 0 0 0 0 3
+4 6 3
547 4 0 3
cfi=(29)
cfn=(82)
calls=1 210 
* 19 5 4 0 0 0 0 0 0 4 2
* 3 2
-53 2 0 0 1 0 0 1
144 2 0 1 1 0 1 1 0 1

fn=(206)
61 30 0 10 0 0 1 0 0 1
+7 5 5 0 1 0 0 1
-4 15 15
+1 5 5
-1 35 5 5
cfi=(30)
cfn=(166)
calls=5 1967 
* 11379 2224 1123 91 105 93 90 105 93 2070 437 26 4
* 5 0 5
+5 15 15

ob=(2)
fl=(120)
fn=(370)
31 1 0 0 1 0 0 1
fi=(84) ./string/../sysdeps/x86_64/multiarch/ifunc-avx2.h
+9 3 2
-2 4 0 0 0 0 0 0 0 0 1
fe=(120)
-7 2 1
fi=(84)
+10 2 1 0 1 0 0 1 0 0 1
+1 3 1 0 0 0 0 0 0 0 1
+3 2 0 0 0 0 0 0 0 0 1
+4 3 0 0 0 0 0 0 0 0 1
+3 5
fe=(120)

fl=(247) ./stdlib/../sysdeps/x86_64/lshift.S
fn=(920) __mpn_lshift
28 3 0 0 1 0 0 1
+1 3
+1 3
+2 3
+1 3
+1 3 0 0 0 0 0 0 0 0 3 2
+12 3
+1 3 0 0 0 0 0 0 0 0 3
+1 3 3
+1 3
+1 3 0 0 1 0 0 1
+1 3
+1 3 0 0 0 0 0 0 0 0 3 2
+6 3
+1 3 0 3
+1 3 3

fl=(220) ./libio/./libio/strops.c
fn=(760) _IO_str_init_static_internal
36 10 0 5 1 0 0 1
+4 2 0 0 0 0 0 0 0 0 1
+1 2 0 1
cob=(4)
cfi=(178)
cfn=(762) 0x000000000497a500
calls=1 -41 
* 16 3 0 2 0 0 2 0 0 2 0 1 1
* 1
+5 5 0 1 1 0 0 1
cfi=(203) ./libio/./libio/genops.c
cfn=(730) _IO_setb
calls=1 329 
* 29 8 8 0 0 0 0 0 0 1 1
+5 3 0 0 0 0 0 0 0 0 1 1
-3 1 0 1
+1 1 0 1
+1 1 0 1
+3 1 0 1
+1 1 0 1
+1 1 0 1
+9 1 0 1
+1 6 6
-14 4 0 0 1 0 0 1

fn=(776) _IO_str_underflow
145 1 0 0 1 0 0 1
+1 4 2 0 0 0 0 0 0 0 1 1
+2 5 1 0 0 0 0 0 0 0 1
+6 3 1 0 0 0 0 0 0 0 1 1
+3 1 0 0 1 0 0 1
+1 1 1

fl=(240) ./stdio-common/./stdio-common/fprintf.c
fn=(896) fprintf
27 83 3 52 3 0 0 3 0 0 5 2
+4 3
+1 6
-1 15 0 12
+1 3 0 3
cfi=(241) ./stdio-common/./stdio-common/vfprintf-internal.c
cfn=(898) __vfprintf_internal
calls=3 1522 
* 5430 1151 825 126 64 48 125 18 0 801 201 30 4
-5 6 2 2
+4 2
+1 4
-1 10 0 8
+1 2 0 2
cfi=(241)
cfn=(898)
calls=2 1522 
* 1884 376 282 22 16 10 22 1 0 238 62 18 1
+4 25 20 0 1 0 0 1 0 0 5

fl=(266) ./posix/./posix/register-atfork.c
fn=(984) __unregister_atfork
82 6 0 3 1 0 0 1
+1 6
-1 12 0 3
+1 6 0 3 0 0 1 0 0 1 3 1
fi=(267) ./posix/../malloc/dynarray-skeleton.c
243 3 3 0 0 1 0 0 1
fe=(266)
71 6 0 0 1 0 0 1 0 0 3 2
+38 12 3 3 1 0 0 1 0 0 6 1
+1 9 9

fl=(83)
fn=(284)
31 2 0 0 1 0 0 1
fi=(84)
+9 6 4
-2 8 0 0 0 0 0 0 0 0 2 2
fe=(83)
-7 4 2
fi=(84)
+10 4 2 0 1 0 0 1 0 0 2 1
+1 6 2 0 0 0 0 0 0 0 2
+3 4 0 0 0 0 0 0 0 0 2
+4 6 0 0 0 0 0 0 0 0 2
+3 10
fe=(83)

fl=(224) ./stdlib/../stdlib/strtol.c
fn=(772) __strtol_internal
107 2 0 0 1 0 0 1
+1 8 4 0 1 0 0 1
cfi=(225) ./stdlib/../stdlib/strtol_l.c
cfn=(774) ____strtol_l_internal
calls=2 238 
* 282 38 24 8 1 1 8 0 0 72 18

fl=(106)
fn=(336)
28 1
fi=(84)
+12 3 2
-2 4 0 0 0 0 0 0 0 0 1 1
fe=(106)
-10 2 1
fi=(84)
+13 2 1 0 1 0 0 1 0 0 1
+1 3 1 0 0 0 0 0 0 0 1
+3 2 0 0 0 0 0 0 0 0 1
+4 3 0 0 0 0 0 0 0 0 1
+3 5
fe=(106)

fl=(133)
fn=(414)
29 1 0 0 1 0 0 1
fi=(99) ./string/../sysdeps/x86_64/multiarch/ifunc-memmove.h
+28 3 2
-1 2 0 0 0 0 0 0 0 0 1
+4 3 1 0 0 0 0 0 0 0 1
+14 2 0 0 0 0 0 0 0 0 1
+3 2 0 0 0 0 0 0 0 0 1 1
+8 2 0 0 0 0 0 0 0 0 1 1
+8 2 0 0 1 0 0 1 0 0 1 1
+3 5 1 0 2 0 0 2
fe=(133)

fl=(242) ./stdio-common/./stdio-common/printf_buffer_to_file.c
fn=(900) __printf_buffer_to_file_init
108 5 0 0 1 0 0 1
+1 5
fi=(255) ./stdio-common/../include/printf_buffer.h
+18 5 0 5 0 0 2
fe=(242)
-18 5 0 0 1 0 0 1
fi=(255)
+28 5
-9 5 0 5
+9 5 0 5
-13 5
fe=(242)
-13 5 0 5
fi=(255)
+13 5 0 5
fe=(242)
-12 5
cfn=(902) __printf_buffer_to_file_switch
calls=5 -83 
* 61 20 10 1 2 0 1 0 0 5 2

fn=(902)
29 8 0 0 1 0 0 1
+1 40 24 0 0 2 0 0 0 0 8 2
+10 6
+1 6
+3 24 0 12
+1 6 6
-1 8 0 4
+1 2 2

fn=(940) __printf_buffer_to_file_done
117 5
+1 15 5 0 0 0 0 0 0 0 5
-1 5 0 5
-64 5 0 0 1 0 0 1
+64 30 0 15
-66 20 10 5
+2 15 5 0 0 0 0 0 0 0 5 4
+15 6 0 0 0 0 0 0 0 0 2
+18 6 4 0 0 0 0 0 0 0 2
+3 2 0 2
+2 4 0 0 0 0 0 0 0 0 2
+12 2 0 2
+19 2
-1 2
+1 8 8
-1 2
cfi=(256) ./stdio-common/./stdio-common/Xprintf_buffer_done.c
cfn=(942) __printf_buffer_done
calls=2 -96 
* 38 10 0 0 0 0 0 0 0 8
+1 3 0 0 1 0 0 1
-1 3
+1 12 12
-1 3
cfi=(256)
cfn=(942)
calls=3 -96 
* 57 15 0 2 0 0 2 0 0 12
-56 6 0 3
cfn=(902)
calls=3 -36 
* 39 12 6 0 0 0 0 0 0 3
+1 3
-8 3 0 0 1 0 0 1
+1 3 3
fi=(276) ./stdio-common/../libio/libioP.h
1025 3
fe=(242)
58 3
+1 3 3
-1 3
fi=(276)
1025 6
+1 6 0 0 1 0 0 1 0 0 3 2
fe=(242)
59 6 3 3 0 2 0 0 0 0 0 0 3 1
cfi=(204) ./libio/./libio/fileops.c
cfn=(848) _IO_file_xsputn@@GLIBC_2.2.5
calls=3 1198 
* 513 129 69 0 2 4 0 0 0 81 17 6
* 6 0 0 0 0 0 0 0 0 3 2

fl=(205) ./nptl/./nptl/libc-cleanup.c
fn=(692) __libc_cleanup_push_defer
24 9 0 0 1 0 0 1
+1 9 9
+2 18 9 9 0 2
+2 18 9 0 0 2
+3 18 0 0 0 0 0 0 0 0 9
+14 27 0 9 1 0 0 1
+2 9 0 9
+1 9 9

fn=(694) __libc_cleanup_pop_restore
54 9
+1 9 9
+2 18 9 9
+2 9 9
+1 27 9 0 1 0 0 1 0 0 9 7
+11 9 9

fl=(209) ./libio/./libio/iofgets.c
fn=(710) fgets
32 28 0 20 1 0 0 1
+5 16 0 0 1 0 0 1 0 0 4
+2 8 0 0 0 0 0 0 0 0 4
+8 36 20 0 0 0 0 0 0 0 8 4
+4 4 0 0 1 0 0 1
+1 4
+1 8
-1 4 0 4
+1 16 0 0 1 0 0 1
-2 4
+2 4 0 4
cfi=(210) ./libio/./libio/iogetline.c
cfn=(712) _IO_getline
calls=4 -20 
* 909 211 135 45 6 5 45 3 2 126 46 14 7
+3 4 4
+1 4
-1 8 0 0 0 0 0 0 0 0 4 4
fi=(213) ./libio/./libio/libioP.h
980 32 12 8 0 0 0 0 0 0 8
fe=(209)
66 28 24
-10 8 0 0 1 0 0 1 0 0 4 4
+4 4 0 4
+3 4 4
-2 4
+2 8 0 4
fi=(213)
979 12 0 0 0 0 0 0 0 0 4
fe=(209)
47 20 0 8 1 0 0 1 0 0 4

fl=(92)
fn=(304)
29 1 0 0 1 0 0 1
fi=(93) ./debug/../sysdeps/x86_64/multiarch/ifunc-memmove.h
+28 3 2 0 1 0 0 1
-1 2 0 0 0 0 0 0 0 0 1
+4 3 1 0 0 0 0 0 0 0 1
+14 2 0 0 0 0 0 0 0 0 1
+3 2 0 0 0 0 0 0 0 0 1
+8 2 0 0 0 0 0 0 0 0 1 1
+8 2 0 0 1 0 0 1 0 0 1 1
+3 5 1 0 2 0 0 2
fe=(92)

fl=(225)
fn=(774)
238 10 0 6 1 0 0 1
+54 2
-54 2 0 2
+19 2
-19 8 0 6
+14 2 2
-14 6 0 4 0 0 1
+26 4 0 0 1 0 0 1 0 0 2
+31 8 0 0 0 0 0 0 0 0 4
+9 12 8 0 0 0 0 0 0 0 2 2
+2 4 0 0 1 0 0 1 0 0 2
+5 4 0 0 0 0 0 0 0 0 2
-1 2 0 2
+6 4 0 0 0 0 0 0 0 0 2
+4 4 0 0 0 0 0 0 0 0 2
+15 4 0 0 0 0 0 0 0 0 2 2
+10 8 0 2 1 0 0 1 0 0 2
-87 4
395 2
+56 10 2 0 0 1 0 0 0 0 4
+26 2 2
+1 2
-84 2
-1 2 0 0 1 0 0 1
+96 4
-5 12 0 0 0 0 0 0 0 0 6 4
+5 6
+1 18
-41 12 6
+2 24 0 0 0 0 0 0 0 0 12 2
+2 18 0 0 0 0 0 0 0 0 6 4
+28 18 0 0 1 0 0 1 0 0 6
+3 12 0 0 0 0 0 0 0 0 6 4
+11 4 0 0 1 0 0 1 0 0 2
+5 6 2 0 0 0 0 0 0 0 2
+1 2 0 2
+5 4 0 0 0 0 0 0 0 0 2
+3 2 2
+15 2
-15 4 0 0 0 0 0 0 0 0 2
-2 4 0 0 0 0 0 0 0 0 2
+39 16 14
342 4 0 0 1 0 0 1 0 0 2

fl=(233) ./libio/./libio/iofwrite.c
fn=(846) fwrite
31 60 0 40 1 0 1 1
+1 10
-1 10 0 10
+1 10
-1 20 0 10
+4 60 0 0 0 0 0 0 0 0 10
+2 100 50 10 1 3 0 1 0 0 30 7
+1 33 10 3 1 1 0 1 0 0 10 5
+1 3 3
fi=(213)
1025 3
fe=(233)
39 3 0 3
fi=(213)
1025 3
+1 6 0 0 1 0 0 1 0 0 3
fe=(233)
39 7 7
fi=(213)
1025 7
fe=(233)
39 7 0 7
fi=(213)
1025 7
+1 14 0 0 0 0 0 0 0 0 7
fe=(233)
39 50 20 10 0 2 0 0 0 0 0 0 10 1
cfi=(204)
cfn=(848)
calls=10 1198 
* 4575 1266 1071 41 376 267 32 1 128 513 91 26 5
+6 20
fi=(213)
979 20 10 0 0 0 0 0 0 0 10 6
fe=(233)
45 20 0 0 0 0 0 0 0 0 10 6
+1 10
+3 90 70
-11 14 0 0 0 0 0 0 0 0 7 5
fi=(213)
980 90 30 20 3 0 0 2 0 0 20
fe=(233)
37 40 10 20 1 0 0 1

fl=(107)
fn=(340)
30 1 0 0 1 0 0 1
fi=(101) ./wcsmbs/../sysdeps/x86_64/multiarch/ifunc-avx2.h
+10 3 2
-2 4 0 0 0 0 0 0 0 0 1 1
fe=(107)
-8 2 1
fi=(101)
+11 2 1 0 1 0 0 1 0 0 1
+1 3 1 0 0 0 0 0 0 0 1
+3 2 0 0 0 0 0 0 0 0 1
+4 3 0 0 0 0 0 0 0 0 1
+3 5
fe=(107)

fl=(193) ./setjmp/./setjmp/sigjmp.c
fn=(648) __sigjmp_save
28 6 0 2
+2 2 0 0 0 0 0 0 0 0 1
-1 1 0 1
+5 4 3

fl=(125)
fn=(382)
29 1 0 0 1 0 0 1
fi=(118) ./string/../sysdeps/x86_64/multiarch/ifunc-strcpy.h
+9 2 2
+1 1 1
-1 2 0 0 0 0 0 0 0 0 1
+1 2 0 0 1 0 0 1 0 0 1
+3 2 0 0 0 0 0 0 0 0 1
+4 3 0 0 0 0 0 0 0 0 1
+3 3 0 0 0 0 0 0 0 0 1 1
fe=(125)
-20 1 1

fl=(86)
fn=(290)
79 2 0 0 1 0 0 1
-31 4 4
+1 2 2
-2 8 0 0 1 0 0 1 0 0 2 2
+2 4 0 0 0 0 0 0 0 0 2
+3 4 0 0 0 0 0 0 0 0 2
+4 6 0 0 1 0 0 1 0 0 2
+3 6 0 0 0 0 0 0 0 0 2
+20 2 2

fl=(116)
fn=(360)
60 1 0 0 1 0 0 1
-17 2 2 0 1 0 0 1
-1 4 0 0 0 0 0 0 0 0 1 1
+2 3 1 0 0 0 0 0 0 0 1
+2 2 0 0 1 0 0 1 0 0 1
+4 3 0 0 0 0 0 0 0 0 1
+10 1 1

fl=(136)
fn=(422)
29 1 0 0 1 0 0 1
fi=(277) ./string/../sysdeps/x86_64/multiarch/ifunc-sse4_2.h
+7 5 2 0 1 0 0 1
fe=(136)
-7 1 1

fl=(192) ./setjmp/../sysdeps/x86_64/setjmp.S
fn=(646) __sigsetjmp
31 1 0 0 1 0 0 1
+2 1 0 1
+9 1
+1 2 1
+1 1 0 1
+4 1 0 1
+1 1 0 1
+1 1 0 1
+1 1 0 1
+1 1
+2 2 1 0 1 0 0 1
+2 1 0 1
+1 1 1
+1 1
+2 2 1
+2 1 0 1
+5 1 1 0 0 1
+1 1 0 0 0 0 0 0 0 0 1 1
+17 1 0 0 1 0 0 1
cfi=(193)
cfn=(648)
calls=1 -57 
* 13 3 3 0 0 0 0 0 0 1

fl=(222) ./stdio-common/./stdio-common/vfscanf-internal.c
fn=(766) __vfscanf_internal
278 13 0 9 2 0 3 2
+10 5 3 2
+1 1 1 0 1 0 0 1
fi=(226) ./stdio-common/../include/scratch_buffer.h
78 1 0 1 0 0 1
fe=(222)
289 1 0 1 0 0 1
fi=(226)
77 2 0 1
fe=(222)
339 1 1
fi=(226)
77 1 0 1
fe=(222)
339 4 1 3 1 0 1 1
+6 3 1 0 0 0 0 0 0 0 1 1
+3 4 2 0 0 0 0 0 0 0 2
+4 1 1
+20 2 0 1 1 0 0 1
-20 1 1
+13 1 1 0 0 1
-6 1 1 0 0 1
+8 2 1 0 0 1 0 0 1
-8 1 0 1
+8 1
+5 2 0 1 0 0 1
-5 1 0 1
+5 3 1 2 1 0 0 1
cfi=(205)
cfn=(692)
calls=1 24 
* 13 4 3 0 0 0 0 0 0 1
* 3 2 0 0 0 0 0 0 0 1
+9 1 1
fi=(278) ./stdio-common/../string/bits/string_fortified.h
59 1 0 1
fe=(222)
381 3 1 0 0 1 0 0 1 0 1
-49 1 0 1 1 0 0 1
-48 1
-1 1
+10 1 0 1
-11 1 0 1
+46 1 0 1
-1 1 0 1
-1 1 0 1
-1 1 0 1 1 0 0 1
-12 1 0 1
-30 2 0 1
419 8 0 0 0 0 0 0 0 0 4
+24 8 4
+1 8 0 0 0 0 0 0 0 0 4 2
+3 10 6 0 1 1 0 1 1 0 2 2
-66 16 8 0 1 0 0 1 0 0 4 3
3095 10 4 0 1 0 0 1 0 0 1
+3 10 5 1 0 0 0 0 0 0 2 1
+1 9 4 0 0 1 0 0 1 0 2 1
-1 6 0 0 1 0 0 1 0 0 2 2
223 2 2
-17 2 2 0 1 0 0 1
+17 2
-1 2
489 2 2
222 4
489 4
222 2 0 2
489 4 0 0 0 0 0 0 0 0 2 2
-6 2 0 2 1 0 0 1
fi=(223) ./stdio-common/./stdio-common/printf-parse.h
55 12 2 2 1 0 0 1 0 0 2
fe=(222)
506 10 0 0 2 0 0 2 0 0 2 2
345 2 0 0 1 0 0 1 0 0 1 1
+98 2 0 2
+6 4 0 2 1 0 0 1
3105 4 1 1 1 0 0 1 0 0 1 1
cfi=(205)
cfn=(694)
calls=1 54 
* 9 5 1 0 0 0 0 0 0 1 1
fi=(226)
85 4 2 0 1 0 0 1 0 0 1 1
fe=(222)
3109 2 1 0 0 0 0 0 0 0 1
+17 2 1 0 0 0 0 0 0 0 1
+6 12 10 0 1 0 0 1 0 0 1
660 4 0 0 1 0 0 1 0 0 2
+4 4 0 2 1 0 0 1
+1 9 2 0 0 0 0 0 0 0 3 2
+4 2 2
+1 6
-1 2 2
+1 14 2 8 1 0 0 1
+6 18 9 3 0 0 0 0 0 0 3
+3 6 3 0 0 1
-3 3
+3 12 3 0 0 1 0 0 1 0 3 2
-3 6 0 0 1 0 0 1 0 0 3 2
+4 16 6 2 1 0 0 1
+1 10 0 0 0 0 0 0 0 0 2
+4 6 0 4 1 0 0 1
-4 6 0 6
cfi=(203)
cfn=(770) _IO_sputbackc
calls=2 -46 
* 44 14 10 3 0 1 3 0 0 4 2
+4 24 10 2 1 1 0 1 1 0 2 0 2 1
530 2
+3 18 2 2 1 1 0 1 1 0 2 0 2 1
665 3 1 1 1 0 1 1 0 0 1 1
1450 12 6 2 2 0 0 2 0 0 2
+5 2
-5 2
+5 4 0 0 0 0 0 0 0 0 2 2
+9 14 0 0 2 0 0 2 0 0 2 2
1813 8 0 0 1 0 0 1 0 0 4
+9 2 2
fi=(226)
113 8
fe=(222)
1822 4 0 2 1 0 0 1
fi=(226)
113 6 0 2
fe=(222)
1815 16 0 0 0 0 0 0 0 0 8
+5 42 0 0 0 0 0 0 0 0 14 2
260 12 12 0 1 0 0 1
1877 6
260 12 0 0 0 0 0 0 0 0 6
+3 18 0 12
1879 24
+2 54 18 6 1 0 0 1 0 0 12 1
-68 20 0 0 0 0 0 0 0 0 6 3
231 2 2
1884 4 0 0 0 0 0 0 0 0 2
206 2 2
1891 4 0 0 1 0 0 1 0 0 2
214 4
1892 4 0 0 0 0 0 0 0 0 2
+28 14 0 4 0 0 0 0 0 0 2
cfi=(203)
cfn=(770)
calls=2 635 
* 44 14 10 0 0 0 0 0 0 4 2
* 6 6 0 1 0 0 1
260 4 0 0 0 0 0 0 0 0 2
+3 6 0 4
1924 4 2 0 0 0 0 0 0 0 2 2
1742 4 2 2
1942 4 0 0 1 0 0 1
206 2 2
1742 4
1941 6 0 0 0 0 0 0 0 0 2
+1 2 0 2
cfi=(224)
cfn=(772)
calls=2 107 
* 292 42 24 10 1 1 10 0 0 72 18
* 4 2
+6 6 4 0 1 0 0 1 0 0 2
+3 10 2 2 0 0 0 0 0 0 2
+6 2
-4 4 0 0 0 0 0 0 0 0 2
+4 4 0 0 0 0 0 0 0 0 2 2
+23 4 0 2 1 0 0 1
1822 10 2 0 1 0 0 1 0 0 4 2
1498 4 0 0 1 0 0 1 0 0 2 2
+3 4 2 0 0 0 0 0 0 0 2
+97 8
1813 4 0 0 1 0 0 1
1501 4 0 0 0 0 0 0 0 0 2 2
3100 3 0 0 2 0 0 2 0 0 1 1
-2 2 0 1 1 0 0 1
cfi=(203)
cfn=(716) __uflow
calls=1 299 
* 72 22 7 2 1 0 2 0 0 13 7 2 1
* 3 0 0 0 0 0 0 0 0 1 1
1959 4 2 0 2 0 0 2 0 0 2 1
3098 4 2 0 1 0 0 1
1976 20 6 4 1 0 0 1 0 0 2
-15 4 2 0 1 0 0 1 0 0 2
+1 6 2 0 0 0 0 0 0 0 2 1
1442 4 0 2 1 0 0 1
-1 4

fl=(241)
fn=(904) __printf_buffer
600 60 0 30 1 0 2 1
fi=(223)
82 5
fe=(241)
600 10 0 5 0 0 4
fi=(223)
82 5
fe=(241)
600 5 0 5
+27 15 10 5 1 2 0 1
+11 5 5
-11 5 5 0 0 2
+11 5 0 5 0 0 4
-11 5 0 5
+11 10 5 5
fi=(223)
82 5 0 5 0 0 4
cob=(4)
cfi=(178)
cfn=(906) 0x000000000497a590
calls=5 -82 
* 105 15 0 3 8 0 3 1 0 10 0 5 2
fe=(241)
653 10
+1 5
fi=(223)
82 10 0 5 1 0 0 1
fe=(241)
654 5
-1 5 0 5
cfi=(243) ./stdio-common/./stdio-common/Xprintf_buffer_write.c
cfn=(910) __printf_buffer_write
calls=5 27 
* 195 56 37 3 2 6 3 0 0 24 12 3
+2 15 5 0 0 0 0 0 0 0 5
+4 10 5 0 0 0 0 0 0 0 5
+4 40 15 5 1 4 0 1 1 0 15
-32 5 0 5
973 5
642 5 0 5 0 0 4
973 10 0 5
634 5 0 5
+71 28 7 0 1 0 0 1 0 0 7 5
1044 55 45 0 1 0 0 1 0 0 5
705 14 0 0 1 0 0 1
-13 7
+7 7 0 7
+6 14
-14 7
-4 7
+18 7
-10 7
+10 7 0 0 1 0 0 1
-7 7 0 7
-4 7 0 7
+11 14 7 0 0 4 0 0 1
-19 7 0 7
-1 7 0 7
+20 7 7 0 0 4 0 0 1
-12 7
-9 7 0 7 1 0 0 1
-1 7 0 7
+22 7
-15 14 0 0 0 0 0 0 0 0 0 0 7 2
891 6 0 0 1 0 0 1
+82 6 3 0 1 0 0 1 0 0 3
+3 102 21 18 2 0 0 2
+20 33 9 6 1 0 0 1 0 0 6
+1 3
263 3
+1 3
997 3 0 3
744 3 3 0 0 2
264 6
744 3 3 0 1 2 0 1
263 6 0 0 0 0 0 0 0 0 3 2
1024 7
fi=(223)
82 7
fe=(241)
1018 7 0 7
fi=(223)
82 14 0 7
cob=(4)
cfi=(178)
cfn=(906)
calls=7 -82 
* 147 21 0 0 2 0 0 2 0 14 0 7
fe=(241)
1028 14
+1 7
fi=(223)
82 7
fe=(241)
1029 7
-1 7 0 7 1 0 0 1
cfi=(243)
cfn=(910)
calls=7 27 
* 392 91 56 0 0 0 0 0 0 70 12 7
+3 20 9 0 0 0 0 0 0 0 9 6
fi=(257) ./stdio-common/./stdio-common/vfprintf-process-arg.c
136 8 0 0 1 0 0 1 0 0 4 4
+19 52 4 24 1 0 0 1
cfi=(258) ./stdio-common/./stdio-common/_itoa.c
cfn=(952) _itoa_word
calls=4 +14 
* 268 20 16 4 2 0 4 1 0 20 8
+11 8 8
-11 8 4 4
+11 16 8 4 1 0 0 1
-5 32 8 4 0 0 0 0 0 0 8 2
+25 20 0 0 1 0 0 1 0 0 8 2
+15 8 4
-4 12 4 0 0 0 0 0 0 0 4
+2 12 4
+2 8 0 0 0 0 0 0 0 0 4
+7 4 4 0 1 0 0 1
-2 8
+2 12 4 0 0 0 0 0 0 0 4
+3 8 4 0 0 0 0 0 0 0 4 2
+13 8 0 0 0 0 0 0 0 0 4
fi=(255)
-61 8 0 0 0 0 0 0 0 0 4 2
fi=(257)
+70 8 0 0 1 0 0 1 0 0 4 2
+3 8 4 0 0 0 0 0 0 0 4 2
136 4 0 0 1 0 0 1
+2 8
-71 4 0 0 1 0 0 1
-18 4 4
-1 8 0 0 0 0 0 0 0 0 4 4
201 12 4 4 1 0 0 1
58 8 0 0 0 0 0 0 0 0 4
-23 4 0 4
+22 8
161 4 0 4 1 0 0 1
+9 8 0 4 1 0 0 1
+17 4 4 0 1 0 0 1
+8 4
-8 4
+12 4 0 0 1 0 0 1
-12 4
+8 16
-8 24 8 0 1 0 0 1
+53 16 8 4 2 0 0 2
cfi=(243)
cfn=(910)
calls=4 27 
* 220 56 36 0 0 0 0 0 0 32 9 4
* 4
fe=(241)
+26 3 0 3 1 0 0 1
cfi=(244) ./stdio-common/./stdio-common/printf_fp.c
cfn=(912) __printf_fp_l_buffer
calls=3 1099 
* 3521 704 507 89 34 24 88 12 0 574 148 6
1001 3
fi=(255)
163 8 0 0 1 0 0 1 0 0 4 2
fi=(257)
50 8 0 0 1 0 0 1 0 0 4
+2 8 0 0 0 0 0 0 0 0 4
+1 32 8 4 0 0 0 0 0 0 4
fe=(241)

fn=(898)
1522 65 0 30 1 0 0 1
+3 25 10 5 0 2 2 0 0 0 5 3
+4 25 5 0 1 2 0 1 0 0 10
+11 10 5 0 0 2 0 0 0 0 5 4
+27 55 45 0 0 0 0 0 0 0 5
-42 10 0 0 1 0 0 1 0 0 5 5
+18 20 0 5 1 0 2 1
cfi=(242)
cfn=(900)
calls=5 108 
* 116 20 35 3 2 2 3 0 0 5 2
+1 25 0 5
cfn=(904)
calls=5 600 
* 6100 1223 912 134 68 48 133 19 0 878 224 39 4
+1 10 0 5 1 0 0 1
cfi=(242)
cfn=(940)
calls=5 117 
* 848 219 110 6 4 4 6 0 0 126 25 9 1
* 5

fl=(256)
fn=(942)
25 5 0 0 1 0 0 1
+1 15 5 0 0 0 0 0 0 0 5
+5 10 10 0 1 0 0 1
+2 60 5 0 0 0 0 0 0 0 15
+7 5 5

fl=(263)
fn=(970)
367 1 0 0 1 0 0 1
51 3 1
+1 2 0 0 1 0 0 1 0 0 1
367 3 0 1
57 2 0 0 0 0 0 0 0 0 1 1
+8 1 0 1
-3 1 0 1
-23 1 1
+1 4 1 0 0 0 0 0 0 0 2
+1 1 0 1
+29 1
+2 1
369 2 2
74 2 0 0 1 0 0 1 0 0 1 1
+6 4 1 0 1 0 0 1 0 0 1
+4 3 2 0 0 0 0 0 0 0 1 1
+3 2 0 1 0 0 0 0 0 0 1 1

fl=(188) ./csu/../csu/libc-start.c
fn=(622) __libc_start_main@@GLIBC_2.34
242 13 0 7 1 0 0 1
+69 3 0 0 0 0 0 0 0 0 1
+1 3 0 1
cfi=(189) ./stdlib/./stdlib/cxa_atexit.c
cfn=(624) __cxa_atexit
calls=1 67 
* 72 16 19 7 3 1 7 1 0 9 1
+25 6 2 1 1 0 0 1 0 0 1 1
+6 2 2
-3 2 0 0 0 0 0 0 0 0 1 1
+10 2 1 1
cob=(4)
cfi=(178)
cfn=(638) 0x000000000497a7b0
calls=1 0 
* 7 3 0 2 0 0 2 0 0 1 0 1 1
+2 2 0 0 0 0 0 0 0 0 1
+8 4 1 1
cfi=(190) ./csu/../sysdeps/nptl/libc_start_call_main.h
cfn=(642) (below main)
calls=1 29 
* 7154185987 2388840063 1057698340 819 2718475 13221844 718 13620 194684 37485759 12514 99533018 78
128 2 2 0 1 0 0 1
+6 3 1 0 0 1 0 0 0 0 1
+1 6 2 2 0 1 0 0 0 0 0 0 1 1
cob=(4)
cfi=(178)
cfn=(628) 0x0000000000109000
calls=1 0 
* 7 2 0 1 0 0 1 0 0 1 1
* 1 1
+3 1 1
+1 2 0 0 1 0 0 1 0 0 1
+3 2 2 0 0 1
+1 2 2
-1 1
+2 7 0 1 0 0 0 0 0 0 1
+1 4 1 2 1 0 0 1 0 0 0 0 1 1
cob=(6)
cfi=(187)
cfn=(632) 0x0000000000001320
calls=1 0 
* 12 1 0 3 0 0 3 0 0 1 1
-1 4 1 0 0 0 0 0 0 0 1

fl=(127)
fn=(394)
29 1 0 0 1 0 0 1
fi=(84)
+11 3 2
-2 4 0 0 0 0 0 0 0 0 1 1
fe=(127)
-9 2 1
fi=(84)
+12 2 1 0 0 0 0 0 0 0 1
+1 3 1 0 1 0 0 1 0 0 1
+3 2 0 0 0 0 0 0 0 0 1
+4 3 0 0 0 0 0 0 0 0 1
+3 5
fe=(127)

fl=(94)
fn=(308)
29 1 0 0 1 0 0 1
fi=(93)
+28 3 2 0 1 0 0 1
-1 2 0 0 0 0 0 0 0 0 1
+4 3 1 0 0 0 0 0 0 0 1
+14 2 0 0 0 0 0 0 0 0 1
+3 2 0 0 0 0 0 0 0 0 1
+8 2 0 0 0 0 0 0 0 0 1 1
+8 2 0 0 1 0 0 1 0 0 1
+3 5 1 0 2 0 0 2
fe=(94)

fl=(210)
fn=(712)
33 4 0 0 1 0 0 1
+1 8
cfn=(714) _IO_getline_info
calls=4 +15 
* 897 211 135 44 6 5 44 3 2 126 46 14 7

fn=(714)
49 60 0 40 1 0 0 1
+2 8 0 0 0 0 0 0 0 0 4 4
+2 12 4 0 1 0 0 1 0 0 4 2
+2 16 4 0 0 0 0 0 0 0 4
+28 4
+2 8 4
-2 8
+2 4 0 4
cob=(4)
cfi=(178)
cfn=(740) 0x000000000497a480
calls=4 -85 
* 95 13 0 4 1 0 4 1 0 18 3 4 1
* 4
+1 8 0 0 0 0 0 0 0 0 4 3
-29 15 10 0 1 0 0 1
+1 10 0 0 0 0 0 0 0 0 5 3
+2 2 0 1
cfi=(203)
cfn=(716)
calls=1 299 
* 458 119 68 31 5 5 31 2 2 65 25 6 5
+1 2 0 0 1 0 0 1 0 0 1
+6 2 1 0 0 0 0 0 0 0 1
+11 1
-1 2 0 1
-22 2 0 0 0 0 0 0 0 0 1 1
+33 8 4 0 1 0 0 1
+1 8
-1 4
+2 12 4 0 0 0 0 0 0 0 4
+2 4
+2 8
fi=(230) ./libio/../string/bits/string_fortified.h
-65 20 0 8
cob=(4)
cfi=(178)
cfn=(744) 0x000000000497a6b0
calls=4 -29 
* 66 16 8 3 0 0 3 0 0 15 5 4 1
fe=(210)
+68 4 4
+1 4
-1 4 0 4
+10 32 28
-53 2 0 1 1 0 0 1

fl=(100)
fn=(324)
31 2 0 0 1 0 0 1
fi=(101)
+9 6 4
-2 8 0 0 1 0 0 1 0 0 2 2
fi=(102) ./wcsmbs/../sysdeps/x86_64/multiarch/wcschr.c
-7 4 2
fi=(101)
+10 4 2 0 0 0 0 0 0 0 2
+1 6 2 0 0 0 0 0 0 0 2
+3 4 0 0 0 0 0 0 0 0 2
+4 6 0 0 0 0 0 0 0 0 2
+3 10 0 0 1 0 0 1
fe=(100)

fn=(390)
31 1 0 0 1 0 0 1
fi=(97) ./wcsmbs/../sysdeps/x86_64/multiarch/ifunc-wcs.h
+9 3 2
-1 4 0 0 0 0 0 0 0 0 1 1
+2 3 1 0 0 0 0 0 0 0 1
+3 2 0 0 0 0 0 0 0 0 1
+4 4
fe=(100)
-17 1 1

fl=(108)
fn=(344)
31 1 0 0 1 0 0 1
fi=(109) ./string/../sysdeps/x86_64/multiarch/ifunc-strncpy.h
+4 5 2 0 1 0 0 1 0 0 1
+1 3 1 0 0 0 0 0 0 0 1
+3 2 0 0 0 0 0 0 0 0 1
+4 3 0 0 0 0 0 0 0 0 1
+3 4
fe=(108)
-15 1 1

fl=(200) ./misc/./misc/sbrk.c
fn=(676) sbrk
37 24 0 12 1 0 1 1
+3 3 3 0 0 1
+3 3 3 0 2 1 0 1
-3 3 3 0 0 1
+3 3 0 0 0 0 0 0 0 0 3 3
+35 7 5
-20 6 0 0 0 0 0 0 0 0 3 1
+4 6 0 0 0 0 0 0 0 0 3 1
+4 8 0 0 2 0 0 1 0 0 4 2
+8 2 0 2 1
cfi=(201) ./misc/../sysdeps/unix/sysv/linux/brk.c
cfn=(678) brk
calls=2 -38 
* 18 4 2 0 0 0 0 0 0 2
* 4 0 0 0 0 0 0 0 0 2
+4 14 10
-19 2 0 1 1 0 0 1
cfi=(201)
cfn=(678)
calls=1 -23 
* 9 2 1 1 0 0 1 0 0 1
* 2 0 0 0 0 0 0 0 0 1
+4 2 1

fl=(211) ./libio/./libio/filedoalloc.c
fn=(724) _IO_file_doallocate
78 33 3 15 3 0 0 2
+6 12 6 0 0 0 0 0 0 0 3
fi=(213)
1025 9
+1 6 0 0 0 0 0 0 0 0 3
fe=(211)
84 9 3 3 2 3 3 1 0 1 0 0 3 1
cfi=(204)
cfn=(726) _IO_file_stat
calls=3 1147 
* 27 6 0 3 0 0 3 0 0 3
* 6 0 0 0 0 0 0 0 0 3
+2 12 3 0 0 0 0 0 0 0 3
+11 12 3 0 0 3 0 0 1 0 3 2
+7 12 0 3
cfi=(203)
cfn=(730)
calls=3 329 
* 87 24 24 2 0 0 2 0 0 3 2
+1 3
+1 27 21 0 0 0 0 0 0 0 3
-23 3 0 0 1 0 0 1
+18 6 0 3 1 0 0 1
cob=(4)
cfi=(178)
cfn=(658) 0x000000000497a3f0
calls=3 0 
* 522 105 54 3 12 12 1 0 2 81 15 3
* 3
+1 6 0 0 0 0 0 0 0 0 3 2

fl=(265) ./stdlib/./stdlib/cxa_finalize.c
fn=(982) __cxa_finalize
30 6 0 3 1 0 0 1
+3 6
-3 24 0 15
+3 15 0 3 0 0 0 0 0 0 6 1
+3 12 3 0 1 0 0 1 0 0 3
+4 21 3 0 0 0 0 0 0 0 3
-4 9 3 0 1 0 0 1 0 0 3
+57 12 3 0 1 1 0 1 0 0 3 2
+4 18 3 0 0 1 0 0 0 0 3 2
-4 9 3 0 1 0 0 1 0 0 3
+12 6 0 3
cfi=(266)
cfn=(984)
calls=3 -23 
* 60 15 12 3 1 1 3 1 1 12 4
+1 12 3 3 0 0 0 0 0 0 6 1
+1 24 21

fl=(249) ./stdlib/../sysdeps/x86_64/mul_1.S
fn=(924) __mpn_mul_1
31 26 0 0 1 0 0 1
+1 26 0 26
+3 26
+1 26 26
+1 26
+1 26 0 0 1 0 0 1
+1 26
+2 26
+1 26
+2 26
+1 26 0 0 0 0 0 0 0 0 26
+1 26
+1 26 0 0 0 0 0 0 0 0 26 5
+1 21 0 0 0 0 0 0 0 0 21
+2 21
+1 21 0 0 0 0 0 0 0 0 21
+1 21 0 21
+1 21
+26 5 0 0 1 0 0 1
+1 5
+1 5
+1 5
+1 5
+1 5 0 0 1 0 0 1
+1 5 5
+1 5
+1 5
+26 5 0 0 1 0 0 1
+1 5
+1 5 0 0 0 0 0 0 0 0 5
+2 5 0 5
+1 5
+1 5
+1 5 0 5 1 0 0 1
+1 5
+1 5
+2 5 5
+3 5 5
-5 21
+2 21 21
+3 21 21

fl=(250) ./stdlib/../sysdeps/x86_64/rshift.S
fn=(926) __mpn_rshift
28 3 0 0 1 0 0 1
+1 3
+1 3
+1 3 0 0 0 0 0 0 0 0 3 2
+13 3
+1 3 0 0 1 0 0 1 0 0 3 2
+16 3 0 0 0 0 0 0 0 0 3
+1 3 3
+1 3 3
+1 3
+1 3
+1 3
+1 3 0 0 0 0 0 0 0 0 3 2
+5 3 0 0 1 0 0 1
+1 3 0 3
+1 3
+1 3 0 3
+1 3 3

fl=(117)
fn=(362)
29 1 0 0 1 0 0 1
fi=(118)
+9 2 2
+1 1 1
-1 2 0 0 0 0 0 0 0 0 1
+1 2 0 0 1 0 0 1 0 0 1
+3 2 0 0 0 0 0 0 0 0 1
+4 3 0 0 0 0 0 0 0 0 1
+3 3 0 0 0 0 0 0 0 0 1 1
fe=(117)
-20 1 1

fl=(221) ./string/../sysdeps/x86_64/multiarch/strlen-avx2.S
fn=(764) __strlen_avx2
52 4 0 0 1 0 0 1
+13 4
+1 4
+1 4
+3 4
+2 4
+1 4 0 0 0 0 0 0 0 0 4
+3 4 4 0 0 2 0 0 1
+1 4
+8 4
+1 4 0 0 0 0 0 0 0 0 4
+1 4
+5 8 4

fl=(268) ./posix/../sysdeps/unix/sysv/linux/_exit.c
fn=(1042) _Exit
27 2 1 0 1 0 0 1
+3 2

fl=(139)
fn=(432)
31 1 0 0 1 0 0 1
fi=(114) ./string/../sysdeps/x86_64/multiarch/ifunc-strcasecmp.h
+6 2 2
-1 4 0 0 0 0 0 0 0 0 1 1
fe=(139)
-5 2 1
fi=(114)
+7 3 1 0 1 0 0 1 0 0 1
+3 2 0 0 0 0 0 0 0 0 1
+4 3 0 0 0 0 0 0 0 0 1
+3 4 0 0 0 0 0 0 0 0 1
fe=(139)

fl=(110)
fn=(348)
31 2 0 0 1 0 0 1
fi=(111) ./wcsmbs/../sysdeps/x86_64/multiarch/ifunc-evex.h
+7 6 4 0 1 0 0 1
-1 8 0 0 0 0 0 0 0 0 2 2
+2 6 2 0 0 0 0 0 0 0 2
+6 4
-3 4 0 0 0 0 0 0 0 0 2
+9 6 0 0 0 0 0 0 0 0 2
+3 8 0 0 1 0 0 1
fe=(110)
-23 2 2

fl=(95)
fn=(312)
29 1 0 0 1 0 0 1
fi=(84)
+11 3 2
-2 4 0 0 0 0 0 0 0 0 1 1
fe=(95)
-9 2 1
fi=(84)
+12 2 1 0 0 0 0 0 0 0 1 1
+1 3 1 0 1 0 0 1 0 0 1
+3 2 0 0 0 0 0 0 0 0 1
+4 3 0 0 0 0 0 0 0 0 1
+3 5
fe=(95)

fl=(215) ./string/../sysdeps/x86_64/multiarch/memchr-avx2.S
fn=(742) __memchr_avx2
61 4 0 0 1 0 0 1
+7 4
+2 4 0 0 0 0 0 0 0 0 4
+3 4
+1 4
+2 4
+1 4
+1 4
+1 4 0 0 0 0 0 0 0 0 4
+3 4 4 0 0 1 0 0 1
+1 4
+3 4
+1 4 0 0 0 0 0 0 0 0 4 1
+2 3
+1 3 0 0 0 0 0 0 0 0 3 1
+1 2
+1 2
+2 4 2
+7 1
+5 1
+7 1
+1 1 0 0 0 0 0 0 0 0 1
+1 1
+1 1 1
+5 1 0 0 1 0 0 1
+1 1
+1 1
+1 2 1
+37 1 0 0 1 0 0 1
+1 1
+1 1
+2 1
+10 1 1
+1 1
+3 1
+1 1 0 0 0 0 0 0 0 0 1
+2 1
+1 1 0 0 0 0 0 0 0 0 1 1

fl=(163)
fn=(522)
38 1 0 0 1 0 0 1
fi=(279) ./time/../sysdeps/unix/sysv/linux/dl-vdso.h
+2 2 2 0 0 1
+1 2 0 0 0 0 0 0 0 0 1 1
fe=(163)
-3 2 1 0 1 0 0 1

fn=(864) time_syscall
31 6 0 0 1 0 0 1
+1 24 0 0 0 0 0 0 0 0 6
+1 6 6

fl=(206) ./io/../sysdeps/unix/sysv/linux/open64.c
fn=(700) open
30 6 0 3 2 0 0 1
+3 3
-3 30 3 12 0 0 2
+3 10 0 0 1 0 0 1 0 0 4 2
+8 23 1 0 1 0 0 0 0 0 4
+2 24 18 0 1 0 0 1 0 0 3
-7 2
+5 2 2
-5 6 0 4
+1 2 2
-1 2 0 2
+5 2 0 0 0 0 0 0 0 0 2 2

fl=(204)
fn=(796) _IO_file_xsgetn
1273 11 0 6 1 0 0 1
+7 1 1
-7 1 0 1 1 0 0 1
+7 1 0 0 0 0 0 0 0 0 1
+11 1 1
fi=(213)
1025 1
fe=(204)
1291 4 0 0 0 0 0 0 0 0 1 1
+2 3 2
+1 2 0 0 0 0 0 0 0 0 1
-1 6 4
+1 4 0 0 0 0 0 0 0 0 2 1
+8 4 0 0 1 0 0 1 0 0 2 1
+8 2 1 0 0 0 0 0 0 0 1
+9 6 2 0 0 0 0 0 0 0 2
+1 8 2 0 0 0 0 0 0 0 2 1
+18 2 0 0 0 0 0 0 0 0 1
+1 6 0 0 1 0 0 1
+3 1 1
-12 2 0 2
fi=(213)
1025 1
fe=(204)
1330 1 0 1
fi=(213)
1025 1
fe=(204)
1331 3 0 3
fi=(213)
1026 2 0 0 0 0 0 0 0 0 1
fe=(204)
1342 3 1 1 1 0 0 1 0 0 0 0 1 1
cfn=(736) _IO_file_read
calls=1 1131 
* 13 4 0 0 0 0 0 0 0 3
+1 2 0 0 0 0 0 0 0 0 1
+12 1 1
-2 1
+1 1
+1 2 0 0 0 0 0 0 0 0 1 1
-64 2 0 0 0 0 0 0 0 0 1 1
+70 8 7
-57 2 0 0 1 0 0 1
+1 1
-1 1 0 1
cob=(4)
cfi=(178)
cfn=(798) 0x000000000497a430
calls=1 0 
* 801 261 257 7 128 127 7 126 127 70 12 1 1
+2 1 0 1
-2 1
+6 2 1 0 1 0 0 1 0 0 1 1
fi=(230)
29 3 0 1
cob=(4)
cfi=(178)
cfn=(744)
calls=1 -29 
* 643 209 205 0 0 102 0 0 102 57 10 1
fe=(204)
1297 1 0 1
-6 2 1
+31 2 0 1
cfi=(203)
cfn=(802) __underflow
calls=1 269 
* 133 42 23 4 0 0 4 0 0 22 9 2 1
* 2 0 0 1 0 0 1 0 0 1

fn=(736)
1131 3 0 0 1 0 0 1
+3 3 3
-1 3 3
+1 6 0 0 0 0 0 0 0 0 3
cfi=(214) ./io/../sysdeps/unix/sysv/linux/read.c
cfn=(738) read
calls=3 25 
* 24 6 0 1 0 0 1 0 0 6 1

fn=(850) _IO_file_overflow@@GLIBC_2.2.5
732 72 0 36 2 0 0 2
+1 36 9 0 0 0 0 0 0 0 9
+7 39 9 0 0 0 0 0 0 0 15 2
+37 6 6
-2 12 0 0 0 0 0 0 0 0 6 4
-32 6 0 0 1 0 0 1 0 0 3 2
+12 6 0 0 1 0 0 1 0 0 3
+9 9 3 0 0 0 0 0 0 0 3
+5 9 3 6
+2 6
-5 3 0 3
+5 3 0 3
+1 3 3
-5 3 0 3
+1 3 0 3
+4 6 0 0 0 0 0 0 0 0 3 2
-7 3
+10 6 0 0 1 0 0 1 0 0 3
+13 9
-12 9
+1 9
+11 36 36
-12 9
cfn=(852) _IO_do_write@@GLIBC_2.2.5
calls=9 424 
* 249 63 34 5 0 0 5 0 0 35 8 2 1
-4 6 0 0 1 0 0 1 0 0 3 2
+1 2 0 1
-28 6 0 3 1 0 0 1
cfi=(203)
cfn=(722) _IO_doallocbuf
calls=3 343 
* 617 142 85 5 18 11 0 0 1 83 15 6
+1 3 3
+9 3 3
-9 15 0 6

fn=(688) _IO_new_file_init_internal
106 18 0 6 1 0 0 1
+5 3 0 3
-1 3 0 3
+3 3 0 3
cfi=(203)
cfn=(690) _IO_link_in
calls=3 -26 
* 267 84 78 18 9 0 11 0 0 30 9
+1 3 0 3
+1 9 9

fn=(820) _IO_file_close
1165 3 0 0 1 0 0 1
+3 6 3
cfi=(232) ./io/../sysdeps/unix/sysv/linux/close_nocancel.c
cfn=(822) __close_nocancel
calls=3 25 
* 18 3 0 4 0 0 2 0 0 3

fn=(816) _IO_file_close_it@@GLIBC_2.2.5
128 21 0 12 1 0 0 1
+2 9 3 0 0 0 0 0 0 0 3
+4 6 3
+3 3
-3 3
-1 6 0 0 1 0 0 1 0 0 3 2
+6 3
+3 3
-3 3 0 3
cfi=(203)
cfn=(818) _IO_unsave_markers
calls=3 937 
* 42 15 6 4 0 0 2 0 0 6 6
+3 9 6 0 0 0 0 0 0 0 3
fi=(213)
1025 9
+1 6 0 0 0 0 0 0 0 0 3
fe=(204)
142 6 3 3 1 0 0 1 0 0 0 0 3 1
cfn=(820)
calls=3 1165 
* 27 6 0 5 0 0 3 0 0 3
* 3
+3 9 3 0 0 0 0 0 0 0 3 3
+8 15 0 3 1 0 0 1
cfi=(203)
cfn=(730)
calls=3 329 
* 631 187 106 22 4 0 21 0 0 90 13 3 2
+1 3
+3 3
-3 9 0 9
+3 3 0 3
cfi=(203)
cfn=(812) _IO_un_link
calls=3 53 
* 12 6 0 0 0 0 0 0 0 3
+5 3
-4 3 0 3
+1 3 0 3
+3 3 0 0 1 0 0 1
-2 3 0 3
+3 21 15
-28 14 6 2 1 0 0 1 0 0 2 2
cfn=(852)
calls=2 424 
* 214 56 34 0 0 0 0 0 0 28 10 2
* 4

fn=(848)
1198 91 0 65 1 0 3 1
+7 13
-7 26 0 13
+6 52 0 0 1 0 0 1 0 0 13
+9 26 13 0 0 2 0 0 1
-2 52 13 0 0 0 0 0 0 0 13
+17 39 13 0 0 0 0 0 0 0 13 5
+1 12
+5 6
+2 12 0 6
+2 6
-4 6
+2 6
+2 6
-1 6
-1 6 0 6
cob=(4)
cfi=(178)
cfn=(798)
calls=6 0 
* 1670 538 522 4 260 254 0 0 127 152 15 6 2
+2 6 6
-2 6 0 6
+4 12 0 0 0 0 0 0 0 0 6 2
+28 117 91 0 1 0 0 1
-68 7 0 0 1 0 0 1
+44 7 7
fi=(213)
1025 21
+1 14 0 0 0 0 0 0 0 0 7 1
fe=(204)
1244 2 2
fi=(213)
1025 6
+1 4 0 0 0 0 0 0 0 0 2
fe=(204)
1244 27 9 9 0 0 3 0 0 0 0 0 9 1
cfn=(850)
calls=9 732 
* 1204 280 183 17 18 11 12 0 1 166 35 8 1
* 18 0 0 0 0 0 0 0 0 9
+6 18 18
+1 30 0 0 1 0 0 1 0 0 9 3
+2 12 0 0 0 0 0 0 0 0 4 2
+11 18 0 0 0 0 0 0 0 0 9 2
+1 16 0 4
cfi=(203)
cfn=(948) _IO_default_xsputn
calls=4 371 
* 886 256 242 6 96 0 6 0 0 88 19 2
+2 12
-14 10 0 0 1 0 0 1 0 0 5 2
446 10
1251 5 0 0 1 0 0 1
444 5 5
-10 10 5 0 0 0 0 0 0 0 5
+10 2 2
-10 4 2 0 0 0 0 0 0 0 2
+7 28 14 0 0 0 0 0 0 0 7 5
fi=(213)
1025 14 0 0 1 0 0 1
+1 14 0 0 1 0 0 1 0 0 7
fe=(204)
449 35 7 14 0 2 0 0 0 0 0 0 7 1
cfn=(856) _IO_file_write@@GLIBC_2.2.5
calls=7 1174 
* 322 77 42 3 0 0 3 0 0 49 8
+1 7 7
-1 7
+1 21 7 0 0 0 0 0 0 0 7 2
+2 7 7
+4 14 7 0 1 0 0 1
-3 14 0 7
-1 14 0 14
+4 16 2 0 0 0 0 0 0 0 7 2
-2 2 0 2
1257 4 0 0 0 0 0 0 0 0 2
454 5 0 5
1257 10 0 0 0 0 0 0 0 0 5
-1 14
455 16 7 0 1 0 0 1 0 0 7 5

fn=(856)
1174 88 0 55 1 0 0 1
+2 44 0 0 0 0 0 0 0 0 11
-1 22
+6 11 0 11
cfi=(234) ./io/../sysdeps/unix/sysv/linux/write.c
cfn=(858) write
calls=11 25 
* 88 22 0 1 0 0 1 0 0 22
+1 22 0 0 0 0 0 0 0 0 11
+5 11
+1 11
-12 22 0 0 0 0 0 0 0 0 11 2
+4 33 11 0 1 0 0 1
+1 22 11 0 0 0 0 0 0 0 11 6
+10 33 11 0 0 0 0 0 0 0 11 2
+3 66 66
-4 33

fn=(696) _IO_file_fopen@@GLIBC_2.2.5
213 36 3 21 2 0 0 1
+9 6 3 0 0 0 0 0 0 0 3
+2 22 3 0 2 3 0 1 2 0 5 3
+23 26 4 0 2 1 0 1 1 0 7 0 1 1
357 36 27 0 0 0 0 0 0 0 3
224 8
+23 6 1 0 2 0 0 2 0 0 2 1
+7 1
-1 1 0 0 1 0 0 1
-6 6 1 0 0 0 0 0 0 0 2 1
+34 12 0 3 2 0 0 1
cfn=(698) _IO_file_open
calls=3 -99 
* 289 74 60 13 0 4 7 0 0 28 7
* 3
+3 6 0 0 0 0 0 0 0 0 3
+3 9 0 3
cfi=(207) ./string/../string/strstr.c
cfn=(702) __GI_strstr
calls=3 77 
* 177 45 24 10 5 3 6 1 0 18 6 3 2
* 3
+1 6 0 0 0 0 0 0 0 0 3 2
-41 8 0 0 1 0 0 1 0 0 3
-33 1 0 0 1 0 0 1
+13 1
+1 2
+19 14 0 0 1 0 0 1 0 0 7 1

fn=(840) _IO_file_finish@@GLIBC_2.2.5
168 15 0 9 2 0 0 1
+1 3 3
-1 3
+1 3 0 0 0 0 0 0 0 0 3 2
+6 6 0 0 2 0 0 1
+1 9 9
-1 3
cfi=(203)
cfn=(842) _IO_default_finish
calls=3 601 
* 60 21 6 2 0 0 2 0 0 12 6

fn=(720) _IO_file_underflow@@GLIBC_2.2.5
462 2 0 0 1 0 0 1
+4 6 2 0 0 0 0 0 0 0 2
-4 18 0 12
+7 4 0 0 0 0 0 0 0 0 2
+6 6 4 0 0 0 0 0 0 0 2
+3 4 2 0 1 0 0 1 0 0 2 1
+12 2 0 0 0 0 0 0 0 0 1 1
fi=(213)
1025 2 0 0 1 0 0 1
fe=(204)
506 4 0 2
cfi=(203)
cfn=(734) _IO_switch_to_get_mode
calls=2 164 
* 52 18 16 3 0 0 3 0 0 6 4
+6 2 2
+5 2 2
-5 2
fi=(213)
1025 4
fe=(204)
512 2
fi=(213)
1025 2
fe=(204)
512 6 0 6 1 0 0 1
fi=(213)
1026 4 0 0 0 0 0 0 0 0 2
fe=(204)
517 8 4 2 0 0 0 0 0 0 0 0 2 1
cfn=(736)
calls=2 1131 
* 26 8 0 2 0 0 2 0 0 6 1
+2 4 0 0 0 0 0 0 0 0 2
+16 2 2
-9 2 0 2
+9 4 0 0 0 0 0 0 0 0 2 2
+2 4 4 0 1 1 0 1 1
+1 16 14
-57 3 1 0 1 0 0 1 0 0 1 1
+5 2 0 1 1 0 0 1
cfi=(203)
cfn=(722)
calls=1 343 
* 294 67 39 14 3 5 14 1 2 40 16 3 2
+4 4 1 0 0 0 0 0 0 0 1

fn=(726)
1147 3 0 0 1 0 0 1
+1 6 3
cfi=(212) ./io/../sysdeps/unix/sysv/linux/fstat64.c
cfn=(728) fstat
calls=3 30 
* 18 3 0 2 0 0 2 0 0 3

fn=(698)
182 6 0 3 2 0 0 1
+3 3
-3 30 0 9
+2 6 3 0 2 0 0 1 0 0 3
+4 3 0 3 0 0 2
cfi=(206)
cfn=(700)
calls=3 30 
* 112 26 21 5 0 2 3 0 0 13 4
* 3
+1 6 0 0 0 0 0 0 0 0 3
+3 6 3
+3 3
-4 3 0 3
+1 9
+3 3
-3 3 0 3
+3 3 0 0 0 0 0 0 0 0 3 3
+10 6 0 3 2 0 0 1
cfi=(203)
cfn=(690)
calls=3 87 
* 63 27 15 0 0 0 0 0 0 6
+1 3
+1 18 15 0 2 0 0 1

fn=(852)
424 11 0 0 1 0 0 1
+2 33 0 0 0 0 0 0 0 0 11 5
+1 7 7
-3 12 0 8
fi=(213)
1025 4
fe=(204)
424 32 0 16
+20 4 4
-10 8 4 0 1 0 0 1 0 0 4
+7 16 8 0 0 0 0 0 0 0 4 3
fi=(213)
1025 8 0 0 1 0 0 1
+1 8 0 0 0 0 0 0 0 0 4 4
fe=(204)
449 16 4 4 0 0 0 0 0 0 0 0 4 1
cfn=(856)
calls=4 1174 
* 184 44 24 0 0 0 0 0 0 28 2
* 4
+1 12 4 0 0 0 0 0 0 0 4 2
+2 4 4 0 1 0 0 1
+4 8 4
-3 8 0 4
-1 8 0 8
+4 12 4 0 0 0 0 0 0 0 4 2
-30 8
+28 4 0 4
-28 8
+1 32 28
+28 12 4 0 1 0 0 1 0 0 4

fl=(128)
fn=(398)
29 1 0 0 1 0 0 1
fi=(109)
+6 5 2 0 0 0 0 0 0 0 1
+1 3 1 0 0 0 0 0 0 0 1 1
+3 2 0 0 0 0 0 0 0 0 1
+4 3 0 0 1 0 0 1 0 0 1 1
+3 4
fe=(128)
-17 1 1

fl=(238) ./misc/../sysdeps/unix/syscall-template.S
fn=(888) munmap
117 10 0 0 3 0 0 2 0 0 2 1
+5 2 2

fl=(216) ./string/../sysdeps/x86_64/multiarch/memmove-vec-unaligned-erms.S
fn=(746) __memcpy_avx_unaligned_erms
255 22 0 0 1 0 0 1
+1 22
+6 22
+1 22 0 0 0 0 0 0 0 0 22 13
+2 2 2
+1 2
+1 2 0 0 0 0 0 0 0 0 2 1
+3 1 1
+1 1 0 1
+1 1 0 1
+3 2 1
+30 20
+1 20 0 0 0 0 0 0 0 0 20 2
+2 18
+1 18 0 0 0 0 0 0 0 0 18 5
+2 14
+4 14 0 0 0 0 0 0 0 0 14 4
+1 8 0 0 1 0 0 1
+1 8 0 0 0 0 0 0 0 0 8
+1 8 8
+1 8 0 0 0 0 0 0 0 0 8 2
+1 1 1
+1 1 0 1
+2 1 0 1
+2 1 1
-2 7 0 7
+2 7 7
+6 6 6
+1 6 6
+1 6 0 6
+1 6 0 6
+1 6 6
+7 2 2
+1 2 2
+1 2 0 2
+1 2 0 2 0 0 2
+2 2 2
+17 4 4 0 2 0 0 1
+1 4 4
+1 4 0 4
+1 4 0 4
+1 4 4
+18 1 1
+1 1 0 0 0 0 0 0 0 0 1
+5 1
+1 1 0 0 0 0 0 0 0 0 1 1
+24 1
+1 1
+4 1
+2 1 0 0 0 0 0 0 0 0 1
+4 1 1
+1 1 0 0 0 0 0 0 0 0 1
+11 1
+3 1
+2 1
+2 1
+4 1
+1 1 0 0 0 0 0 0 0 0 1
+9 1 1
+1 1 1
+2 1
+2 1
+1 1 1
+1 1 1
+3 1
+2 1
+2 1
+2 2
+6 1 1
+1 1 1
+1 1 1
+1 1 1
+1 1
+1 1 0 1 0 0 1 0 0 1
+1 1 0 1 0 0 1 0 0 1
+1 1 0 1
+1 1 0 1 0 0 1 0 0 1
+1 1
+1 1
+1 1 0 0 0 0 0 0 0 0 1 1
-11 49 49
+1 49 49
+1 49 49
+1 49 49
+1 49
+1 49 0 49
+1 49 0 49 0 0 49 0 0 49
+1 49 0 49
+1 49 0 49 0 0 49 0 0 49
+1 49
+1 49
+1 49 0 0 0 0 0 0 0 0 49 7
+2 1 0 1 0 0 1 0 0 1
+1 1 0 1
+1 1 0 1
+1 1 0 1
+2 1 0 1
+4 2 1

fn=(800) __mempcpy_avx_unaligned_erms
242 9 0 0 1 0 0 1
+1 9
+1 9
+1 9
+17 9
+1 9 0 0 0 0 0 0 0 0 9 5
+2 5 5 0 0 4
+1 5
+1 5 0 0 0 0 0 0 0 0 5 5
+38 4
+1 4 0 0 0 0 0 0 0 0 4 2
+2 2
+1 2 0 0 0 0 0 0 0 0 2
+2 2
+4 2 0 0 0 0 0 0 0 0 2 2
+16 2 2
+1 2 2
+1 2 0 2
+1 2 0 2
+1 2 2
+7 2 2
+1 2 2
+1 2 0 2
+1 2 0 2
+2 2 2
+39 5 5 0 2 3 0 1
+1 5 0 0 0 0 0 0 0 0 5 1
+5 5
+1 5 0 0 0 0 0 0 0 0 5 3
+24 5 0 0 1 0 0 1
+1 5
+4 5
+2 5 0 0 2 0 0 1 0 0 5
+4 5 5 0 0 3
+1 5 0 0 0 0 0 0 0 0 5
+11 5
+3 5
+2 5
+2 5
+4 5
+1 5 0 0 0 0 0 0 0 0 5
+9 5 5 0 0 3 0 0 1
+1 5 5
+2 5
+2 5
+1 5 5 0 2 3 0 1 1
+1 5 5
+3 5
+2 5
+2 5
+2 10
+6 5 5 0 0 2
+1 5 5 0 0 3 0 0 1
+1 5 5 0 0 2
+1 5 5 0 0 3 0 0 1
+1 5
+1 5 0 5 0 0 2 0 0 1
+1 5 0 5 0 0 1 0 0 1
+1 5 0 5 2 0 2 1 0 1
+1 5 0 5 0 0 1 0 0 1
+1 5
+1 5
+1 5 0 0 0 0 0 0 0 0 5 1
-11 232 232 0 0 44
+1 232 232 0 0 183 0 0 61
+1 232 232 0 0 44
+1 232 232 0 0 183 0 0 61
+1 232
+1 232 0 232 0 0 124 0 0 62
+1 232 0 232 0 0 62 0 0 62
+1 232 0 232 0 0 124 0 0 62
+1 232 0 232 0 0 62 0 0 62
+1 232
+1 232
+1 232 0 0 0 0 0 0 0 0 232 13
+2 5 0 5 0 0 3 0 0 2
+1 5 0 5
+1 5 0 5
+1 5 0 5
+2 5 0 5
+4 10 5

fl=(218) ./stdio-common/./stdio-common/isoc23_sscanf.c
fn=(756) __isoc23_sscanf
24 15 0 8 2 0 0 2 0 0 1 1
fi=(219) ./stdio-common/../libio/strfile.h
+64 4 0 0 1 0 0 1
fe=(218)
-64 3 1 1
fi=(219)
+64 1
-1 1 0 1 1 0 0 1
+1 2 0 1
cfi=(203)
cfn=(684) _IO_no_init
calls=1 563 
* 47 9 19 0 0 0 0 0 0 2 2
+1 1
+1 4
-1 1 0 1
+1 1 0 1
cfi=(220)
cfn=(760)
calls=1 -54 
* 85 17 22 5 0 0 5 0 0 5 2 1 1
fe=(218)
-60 1
+1 2
-1 1 0 1
+1 1
-1 1 0 0 1 0 0 1
+1 1
-1 3 0 3
+1 1 0 1
cfi=(222)
cfn=(766)
calls=1 278 
* 1346 296 178 71 12 10 71 7 0 252 80 6 3
+5 9 7 0 1 0 0 1 0 0 1

fl=(115)
fn=(358)
29 1 0 0 1 0 0 1
fi=(277)
+7 5 2
fe=(115)
-7 1 1

fl=(134)
fn=(418)
29 1 0 0 1 0 0 1
fi=(135) ./string/../sysdeps/x86_64/multiarch/ifunc-evex.h
+9 3 2 0 1 0 0 1
-1 4 0 0 0 0 0 0 0 0 1 1
+2 3 1 0 0 0 0 0 0 0 1
+6 2
-3 2 0 0 0 0 0 0 0 0 1
+9 3 0 0 0 0 0 0 0 0 1
+3 4
fe=(134)
-25 1 1

fl=(244)
fn=(916) __printf_fp_buffer_1.isra.0
138 54 3 39 2 0 6 2
+21 3 3 0 1 0 0 1
+18 3 0 3 0 0 2
+10 3 0 3
-28 21 0 3
+62 6 0 0 0 0 0 0 0 0 3 2
1030 33 27 0 0 0 0 0 0 0 3
226 9 3 0 1 0 0 1 0 0 3 2
+4 21 9 0 2 4 0 2 2 0 6 2
+36 3 3 0 1 0 0 1
+5 3
-49 3 0 3
+44 12 0 0 1 0 0 1
+1 3
+1 6
+3 39 0 3 1 0 0 1 0 0 6 2
+1 3
-1 3
+1 9
-1 3
+1 6
-1 3 0 3
+1 24 0 3 1 0 2 1 0 0 6 1
+1 3
-1 6 0 3
+1 39 0 3 2 0 0 2 0 0 6 2
+6 3 0 3
-6 6 0 3
+7 6 0 0 0 0 0 0 0 0 3 1
665 3 3 0 1 0 0 1
+9 3 3
-9 3 3
+9 3 3
+6 3 3
-15 3 0 3
+9 6 3 0 1 0 0 1
+6 3 0 3
-6 6 3 3 0 2 0 0 1
+2 6 0 0 0 0 0 0 0 0 3
+10 6 3 0 0 0 0 0 0 0 3 2
+60 6 3 0 1 0 0 1
fi=(252) ./stdio-common/../sysdeps/pthread/allocalim.h
27 3
fe=(244)
746 3 0 3
fi=(252)
27 3 0 3
cfi=(251) ./nptl/./nptl/alloca_cutoff.c
cfn=(928) __libc_alloca_cutoff
calls=3 * 
* 33 6 0 2 2 0 2 0 0 3 2
+2 6 0 0 0 0 0 0 0 0 3 2
fe=(244)
759 42 3 3 1 0 0 1 0 0 6 2
fi=(252)
29 3 0 3
fe=(244)
759 9 0 3 1 0 0 1
+4 3 3
-3 6 0 3
+3 12 3 0 0 0 0 0 0 0 6 2
+26 6 3 3 1 0 0 1
-2 3
+1 15 3 6 1 0 0 1
+1 3
+1 6 0 0 0 0 0 0 0 0 3 2
-1 18
+1 42 0 0 0 0 0 0 0 0 21 7
91 18 18
792 18
+2 18
91 72 18 0 1 0 0 1 0 0 36 5
+2 18 18
+2 36 36
-2 36 0 0 0 0 0 0 0 0 18 5
793 18 0 18 1 0 0 1
+1 36 0 0 0 0 0 0 0 0 18 1
+1 36 0 18
230 18 0 3 1 0 2 1
cfi=(246) ./stdlib/../sysdeps/ieee754/dbl-64/dbl2mpn.c
cfn=(918) __mpn_extract_double
calls=3 33 
* 66 3 12 2 0 2 2 0 0 3 2
* 12
+4 3
91 90 18 18 2 0 0 2 0 0 18 5
796 3 1 0 0 0 0 0 0 0 1
95 18 0 0 1 0 0 1
+1 54
-1 36 18 18
+1 18 0 18
cfi=(249)
cfn=(924)
calls=18 -65 
* 378 54 36 0 0 0 0 0 0 72
* 18 0 18
+31 54 18 0 1 0 0 1
805 15 12 0 0 0 0 0 0 0 3 1
+1 9 0 6 1 0 0 1
cfn=(932) hack_digit
calls=3 88 
* 165 42 24 2 0 0 2 0 0 24 6
+2 6 3
-2 3
+2 15 0 0 0 0 0 0 0 0 3 1
fi=(253) ./stdio-common/../sysdeps/generic/get-rounding-mode.h
94 3 0 3 1 0 0 1
+1 21 3 0 1 0 0 1 0 0 9 2
fe=(244)
935 3 3
-11 9 0 0 0 0 0 0 0 0 3
+7 6 0 0 1 0 0 1 0 0 3 2
+4 6 0 0 1 0 0 1 0 0 3 2
+45 15 9 0 1 0 0 1 0 0 3 2
+3 6 0 3 1 0 0 1
+8 6 3
-4 3 3
+4 3
+5 6
-9 12 0 0 0 0 0 0 0 0 6 2
+9 12 6 0 1 0 0 1 0 0 3
fi=(255)
163 9 3 0 0 0 0 0 0 0 3 2
fe=(244)
999 12 6 0 1 0 0 1 0 0 3
+2 9 0 0 0 0 0 0 0 0 3 2
+5 6 0 0 0 0 0 0 0 0 3
fi=(255)
163 9 6 0 1 0 0 1 0 0 3 2
fe=(244)
1009 9 3 0 0 0 0 0 0 0 3 2
+13 12 3 3 1 0 0 1
cfi=(243)
cfn=(910)
calls=3 27 
* 159 42 27 1 0 0 0 0 0 21 8 3
+2 9 6 0 0 0 0 0 0 0 3 2
+4 9 3 0 1 0 0 1 0 0 3 2
483 6 0 0 1 0 0 1 0 0 3 2
fi=(254) ./stdio-common/../include/rounding-mode.h
52 6 0 0 1 0 0 1 0 0 3 2
fe=(244)
731 15 0 12 1 0 0 1
-43 6 0 3 1 0 0 1
+1 12 0 3 1 0 0 1 0 0 3
+3 9 3 0 0 0 0 0 0 0 3
994 12 3 3 1 0 0 1
+2 6 0 0 0 0 0 0 0 0 3 2
781 3 3 0 1 0 0 1
+2 3 3 0 1 0 0 1
669 6 0 3
782 3 0 3
-1 3 0 3
+2 9 0 3
499 9 0 3 1 0 2 1
cfi=(247)
cfn=(920)
calls=3 28 
* 48 6 3 2 0 0 2 0 0 9 4
+1 15 6 6
+1 6 0 0 0 0 0 0 0 0 3 2
+3 3 3 0 1 0 0 1
-8 3
+7 3 0 3
+1 3
-18 3 0 3
+18 6 0 3
+2 3
+21 4 4 0 1 0 0 1
+4 2 2
-4 6
+4 2
-4 2 0 2
+5 2
-1 4 2 0 1 0 0 1
+1 2
+1 4
-2 2
+2 2
-2 2
+2 2
+2 4 2 0 0 0 0 0 0 0 2
+5 8 2 0 0 0 0 0 0 0 2 2
+83 36
-2 36
+2 138 0 0 0 0 0 0 0 0 69 3
509 36 0 0 1 0 0 1
+2 72 36 0 0 10 0 0 5 0 36 8
+7 2 2
+1 4 2
-1 2 2
+2 2 2 0 1 2 0 1 1
-2 2
+4 2 2
-4 4 0 0 0 0 0 0 0 0 2
+6 8 0 2
cfi=(248) ./stdlib/./stdlib/mul.c
cfn=(922) __mpn_mul
calls=2 48 
* 154 34 28 11 2 4 11 1 0 16 8
* 2
+18 4 0 0 0 0 0 0 0 0 2
+4 4 0 0 1 0 0 1
-2 2 0 2
+2 8 0 2
+16 6 0 0 0 0 0 0 0 0 2 1
+2 4 2 0 0 0 0 0 0 0 2 2
+1 2 0 0 0 0 0 0 0 0 2 2
+82 9 3 3 1 0 0 1
+54 6 0 3
-12 9 3 3
1003 6 0 0 0 0 0 0 0 0 3 2
625 6 0 0 2 0 0 2 0 0 3
+4 15 9 3
cfi=(249)
cfn=(924)
calls=3 31 
* 99 12 9 0 0 0 0 0 0 9 3
+1 3 3
+1 3 3
-1 3 0 3
+1 6 0 0 0 0 0 0 0 0 3 2
+3 3 3 0 1 0 0 1
-1 3
+1 3
-1 3 3
+3 3 3
-2 12 0 0 0 0 0 0 0 0 3 2
+9 3 3 0 1 0 0 1
+1 3 0 3
-1 3 0 3
+2 6 3 0 0 0 0 0 0 0 3 2
-3 3 0 3 1 0 0 1
cfi=(250)
cfn=(926)
calls=3 28 
* 54 9 6 3 0 0 3 0 0 12 6
+3 6 3

fn=(932)
88 12 0 9
+3 3 3
-3 3
+3 12 3 0 1 0 0 1 0 0 6 2
+2 3 3
+2 6 6
-2 6 0 0 0 0 0 0 0 0 3 2
+2 3
+1 9
-1 3 3
+1 3 0 3
cfi=(249)
cfn=(924)
calls=3 -65 
* 63 9 6 0 0 0 0 0 0 12
+31 3
-31 3 0 3
+32 15 12
-37 18 3 3 1 0 0 1 0 0 3 2

fn=(912)
1099 36 0 21 1 0 2 1
+3 3 3
-3 21 3 6 1 0 0 1
+3 6 0 0 0 0 0 0 0 0 3 2
+13 6 0 3 1 0 0 1
+2 3
-2 3 0 3
cob=(4)
cfi=(178)
cfn=(762)
calls=3 0 
* 48 9 0 0 4 0 0 1 0 6 0 3
* 6 3 3
+1 15 6 0 0 2 0 0 1 0 6 2
+31 33 27 0 1 0 0 1 0 0 3
-30 6 0 0 1 0 0 1 0 0 3 2
fi=(245) ./stdio-common/../include/../locale/localeinfo.h
331 6 6 0 1 4 0 1
fe=(244)
1111 3 0 3 0 0 2
fi=(245)
331 3 3 0 0 2
fe=(244)
1112 6 0 3
+10 21 9 3 1 0 0 1
cfn=(916)
calls=3 138 
* 3293 635 462 82 22 20 81 10 0 553 142 3
+4 3

fl=(231) ./libio/./libio/iofclose.c
fn=(810) fclose@@GLIBC_2.2.5
34 24 0 12 1 0 0 1
+14 9 3 0 0 0 0 0 0 0 3 3
+9 3 3 0 1 0 0 1
fi=(213)
1025 9
+1 6 0 0 0 0 0 0 0 0 3
fe=(231)
57 9 3 3 0 0 0 0 0 0 0 0 3 1
cfi=(204)
cfn=(840)
calls=3 168 
* 102 33 15 6 0 0 4 0 0 15 8
+1 9 3 0 0 0 0 0 0 0 3
+13 6 3 0 0 0 0 0 0 0 3 3
fi=(213)
951 12 6 0 1 4 0 1
+1 12 3 0 0 2 0 0 0 0 6
+6 6 0 3
cob=(4)
cfi=(178)
cfn=(824) 0x000000000497a3e0
calls=3 0 
* 261 78 42 2 3 0 1 1 0 36 4 3
fe=(231)
76 21 15
-27 3 0 3 2 0 0 1
cfi=(203)
cfn=(812)
calls=3 +4 
* 312 90 75 17 0 0 11 0 0 45 14
+2 24 15 0 0 0 0 0 0 0 6 2
+1 6 0 0 1 0 0 1 0 0 3
+1 6 0 3
cfi=(204)
cfn=(816)
calls=3 +75 
* 1112 309 190 37 4 0 32 0 0 147 36 8 3
fi=(213)
979 3 3
fe=(231)
53 3
fi=(213)
979 9 0 0 0 0 0 0 0 0 3
+1 27 9 6 0 0 0 0 0 0 6 2
fe=(231)
51 15 0 6 1 0 0 1 0 0 3

fl=(234)
fn=(858)
25 11 0 0 1 0 0 1
+1 66 11 0 0 0 0 0 0 0 22
+1 11 11

fl=(262)
fn=(968)
77 1 0 0 1 0 0 1
+3 3 1
+2 1
+2 2 0 0 1 0 0 1 0 0 1
-7 4 0 2
+11 2 0 0 0 0 0 0 0 0 1 1
+91 1 1 0 1 0 0 1
+3 1 0 1
+2 1 0 1
+3 1
-63 1
+66 3 3
-93 2 0 0 1 0 0 1 0 0 1
+11 4 1 0 1 0 0 1 0 0 1 1
+4 1 1
+3 2 1 0 0 0 0 0 0 0 1 1
-71 1 1 0 1 0 0 1
+1 7 2 0 0 0 0 0 0 0 3
+1 1 0 1
+84 3 1 0 0 0 0 0 0 0 1
+1 2 0 1 1 0 0 1

fl=(207)
fn=(702)
77 27 0 18 2 0 0 1
+5 3 3 0 0 3 0 0 1
-5 9 3 3
+5 6 0 0 1 0 0 1 0 0 3
+2 12 0 3 0 0 3
cob=(4)
cfi=(178)
cfn=(704) 0x000000000497a680
calls=3 -84 
* 69 12 0 5 2 0 3 0 0 9 4 3 2
* 3
+1 6 0 0 0 0 0 0 0 0 3 2
+1 6 0 0 2 0 0 1
+75 36 27 0 0 0 0 0 0 0 3

fl=(87)
fn=(292)
30 1 0 0 1 0 0 1
fi=(88) ./wcsmbs/../sysdeps/x86_64/multiarch/ifunc-wcslen.h
+11 2 2 0 1 0 0 1
-1 4 0 0 0 0 0 0 0 0 1 1
+2 3 1 0 0 0 0 0 0 0 1
+3 2 0 0 1 0 0 1 0 0 1
+4 3 0 0 0 0 0 0 0 0 1
+3 3 0 0 0 0 0 0 0 0 1
fe=(87)
-22 1 1

fl=(195) ./libio/./libio/iofopen.c
fn=(656) fopen@@GLIBC_2.2.5
85 21 0 9 2 0 0 1
-20 3
+20 6 0 6
-20 3 0 3
cob=(4)
cfi=(178)
cfn=(658)
calls=3 -65 
* 1916 225 331 65 42 45 63 13 45 356 70 15 3
+2 9 0 0 2 0 0 1 0 0 3
+3 3
+2 6
-2 3 0 3 0 0 3 0 0 1
+2 15 0 3
cfi=(203)
cfn=(684)
calls=3 563 
* 168 27 84 10 3 14 5 1 4 6 1
+1 3
+1 3 0 0 2 0 0 1
-1 3 0 3
+1 3 0 3
cfi=(204)
cfn=(688)
calls=3 +32 
* 306 93 96 19 9 0 12 0 0 30 9
+1 15 0 3
cfi=(204)
cfn=(696)
calls=3 213 
* 679 161 111 37 9 7 23 4 0 84 21 4 3
* 6 0 0 0 0 0 0 0 0 3
-38 6 3 0 0 0 0 0 0 0 3 2
+50 21 18 0 1 0 0 1

fl=(235) ./time/./time/difftime.c
fn=(868) difftime
102 18 0 6 1 0 0 1
+11 42 18 18
+6 12 12

fl=(98)
fn=(320)
29 1 0 0 1 0 0 1
fi=(99)
+28 3 2
-1 2 0 0 0 0 0 0 0 0 1
+4 3 1 0 1 0 0 1 0 0 1
+14 2 0 0 0 0 0 0 0 0 1
+3 2 0 0 0 0 0 0 0 0 1
+8 2 0 0 0 0 0 0 0 0 1 1
+8 2 0 0 1 0 0 1 0 0 1 1
+3 5 1 0 1 0 0 1
fe=(98)

fl=(126)
fn=(386)
31 1
fi=(114)
+6 2 2 0 1 0 0 1
-1 4 0 0 0 0 0 0 0 0 1 1
fe=(126)
-5 2 1
fi=(114)
+7 3 1 0 1 0 0 1 0 0 1
+3 2 0 0 0 0 0 0 0 0 1
+4 3 0 0 0 0 0 0 0 0 1
+3 4 0 0 0 0 0 0 0 0 1
fe=(126)

fl=(217) ./string/../sysdeps/x86_64/multiarch/strcmp-avx2.S
fn=(752) __strcmp_avx2
206 1 0 0 1 0 0 1
+43 1
+25 1
+1 1
+1 1
+2 1
+1 1 0 0 0 0 0 0 0 0 1
+4 1 1
+4 1 1 0 0 1 0 0 1
+2 1
+2 1
+3 1
+9 1 0 0 1 0 0 1
+1 1 0 0 0 0 0 0 0 0 1
+4 1
+10 1 1
+1 1 1
+3 1
+4 2 1

fl=(96)
fn=(316)
31 1 0 0 1 0 0 1
fi=(97)
+9 3 2
-1 4 0 0 0 0 0 0 0 0 1 1
+2 3 1 0 0 0 0 0 0 0 1
+3 2 0 0 0 0 0 0 0 0 1
+4 4
fe=(96)
-17 1 1

fl=(138)
fn=(428)
33 1
fi=(99)
+24 3 2
-1 2 0 0 0 0 0 0 0 0 1
+4 3 1 0 1 0 0 1 0 0 1
+14 2 0 0 0 0 0 0 0 0 1
+3 2 0 0 0 0 0 0 0 0 1
+8 2 0 0 0 0 0 0 0 0 1 1
+8 2 0 0 1 0 0 1 0 0 1 1
+3 5 1 0 1 0 0 1
fe=(138)

fl=(199) ./malloc/./malloc/morecore.c
fn=(674) __glibc_morecore
25 3 0 0 1 0 0 1
+1 6 3 0 0 0 0 0 0 0 3
-1 6 0 3
+4 3 0 3
cfi=(200)
cfn=(676)
calls=3 +8 
* 116 31 18 8 3 1 5 0 0 19 7
+1 6 0 0 0 0 0 0 0 0 3
+4 6 6

fl=(232)
fn=(822)
25 3 0 0 2 0 0 1
+1 12 0 0 2 0 0 1 0 0 3
+1 3 3

fl=(251)
fn=(928)
27 3 0 0 1 0 0 1
+1 27 3 0 1 2 0 1 0 0 3 2
+7 3 3

fl=(239) ./string/../sysdeps/x86_64/multiarch/memset-vec-unaligned-erms.S
fn=(892) __memset_avx2_unaligned_erms
158 5 0 0 1 0 0 1
+1 10
+5 5
+1 5 0 0 0 0 0 0 0 0 5
+1 5
+1 5
+1 5 0 0 0 0 0 0 0 0 5 2
+69 5 5 0 1 4 0 1
+1 5 0 0 0 0 0 0 0 0 5 2
+87 5 0 0 1 0 0 1
+1 5
+1 5
+1 25017261 0 25017256 0 0 390771 0 0 1966 25017261 15
+1 5
+1 10 5 0 0 5

fl=(201)
fn=(678)
36 3 0 0 1 0 0 1
fi=(280) ./misc/../sysdeps/unix/sysv/linux/brk_call.h
-12 6
fe=(201)
+13 6 3 3
+1 6 0 0 0 0 0 0 0 0 3
+6 3
+1 3 3

fl=(113)
fn=(354)
31 1 0 0 1 0 0 1
fi=(114)
+6 2 2
-1 4 0 0 0 0 0 0 0 0 1 1
fe=(113)
-5 2 1
fi=(114)
+7 3 1 0 1 0 0 1 0 0 1
+3 2 0 0 0 0 0 0 0 0 1
+4 3 0 0 0 0 0 0 0 0 1
+3 4 0 0 1 0 0 1 0 0 1
fe=(113)

fl=(129)
fn=(402)
29 1
fi=(130) ./wcsmbs/../sysdeps/x86_64/multiarch/ifunc-memcmp.h
+5 5 2 0 1 0 0 1 0 0 1
+1 2 1 0 0 0 0 0 0 0 1
+1 2 0 0 0 0 0 0 0 0 1
+1 3 1 0 0 0 0 0 0 0 1
+3 2 0 0 0 0 0 0 0 0 1
+4 3 0 0 0 0 0 0 0 0 1
+3 4 0 0 1 0 0 1
fe=(129)
-18 2 1

fl=(137)
fn=(424)
31 1 0 0 1 0 0 1
fi=(97)
+9 3 2
-1 4 0 0 1 0 0 1 0 0 1 1
+2 3 1 0 0 0 0 0 0 0 1
+3 2 0 0 0 0 0 0 0 0 1
+4 4
fi=(281) ./wcsmbs/../sysdeps/x86_64/multiarch/wcpncpy.c
-17 1 1
fe=(137)

fl=(177) ./nptl/./nptl/pthread_mutex_conf.c
fn=(562) __pthread_tunables_init
55 2 0 1 1 0 0 1
+1 2
-1 2 0 1
+1 2
-1 4 1 1
+1 1 0 1 1 0 0 1
cob=(4)
cfi=(178)
cfn=(564) 0x000000000497a720
calls=1 -56 
* 26 5 1 1 2 0 1 1 0 3 2 1 1
+2 4 0 1
cob=(4)
cfi=(178)
cfn=(564)
calls=1 -58 
* 25 5 1 0 2 0 0 1 0 3 0 1
+2 4 0 1
cob=(4)
cfi=(178)
cfn=(564)
calls=1 -60 
* 26 5 1 0 1 0 0 0 0 3 2 1
+2 6 5 0 1 0 0 1 0 0 1

fl=(212)
fn=(728)
30 3 0 0 1 0 0 1
+9 12 0 0 1 0 0 1 0 0 3
+33 3 3

fl=(174) ./ctype/./ctype/ctype-info.c
fn=(556) __ctype_init
29 1 0 0 1 0 0 1
+2 7 5 1 1 2 0 1
+2 4 2 1
+2 4 2 1
+1 1 1

fl=(196) ./malloc/./malloc/malloc.c
fn=(672) _int_malloc
3846 132 12 84 2 0 4 2
1326 24 0 0 0 0 0 0 0 0 12
+19 72 0 0 0 0 0 0 0 0 12
3887 24 0 0 0 0 0 0 0 0 12
1794 12 12 0 1 0 0 1
3914 24 0 0 0 0 0 0 0 0 12 4
+63 24 0 0 1 0 0 1 0 0 12 2
+62 219 0 0 1 0 0 1 0 0 34 4
+1 30 10 0 0 3 0 0 0 0 10
+20 12 12 0 1 0 0 1
-1 12
-1 12
+1 24 0 12 0 0 3
+1 24 12 0 0 0 0 0 0 0 12 1
-2 22 11
+12 60 12 12 1 2 0 1 0 0 12 6
-90 2 0 0 1 0 0 1
+2 2 2
-2 2
+2 4 0 0 0 0 0 0 0 0 2 2
4487 144 108 0 2 0 0 2 0 0 12
4257 36 0 0 1 0 0 1 0 0 12 4
+2 30
+3 10 10 0 0 6
-3 10
+3 20 0 0 0 0 0 0 0 0 10 4
+1 12 0 0 1 0 0 1
+71 36
-4 12
+1 12
+1 12
-1 12
+1 12
+1 24 12 0 0 2
+1 36
+5 48 0 0 1 0 0 1 0 0 12
+4 36 0 0 1 0 0 1 0 0 12 4
+3 8 2 0 0 0 0 0 0 0 2
-3 6 0 0 0 0 0 0 0 0 2
+3 8 2 0 1 0 0 1 0 0 2 1
-3 6 0 0 0 0 0 0 0 0 2 1
+3 4 1 0 0 0 0 0 0 0 1
-3 2 0 0 0 0 0 0 0 0 1 1
4443 12 12 0 1 0 0 1
+1 24 12 0 0 2
+2 24 12 0 0 3 0 0 0 0 12
+3 36 0 0 0 0 0 0 0 0 12 4
+17 16 4 4 0 0 0 0 0 0 4 3
4070 2 0 0 1 0 0 1
-91 12
2552 4 4 0 1 0 0 1
+12 4 4
-12 20 4 8
+12 4 0 0 1 0 0 1 0 0 4 2
+1 6 4 0 0 0 0 0 0 0 2
+3 8 2 0 0 0 0 0 0 0 2
+8 10 2 4 0 0 1
cfn=(784) sysmalloc_mmap.isra.0
calls=2 2400 
* 258 52 43 11 2 2 11 1 2 38 12 1
* 2
+1 4 0 0 0 0 0 0 0 0 2
4482 4 0 0 0 0 0 0 0 0 2
-22 36 0 12 1 0 4 1
cfn=(680) alloc_perturb
calls=12 1985 
* 48 24 0 1 0 0 1 0 0 12
+1 12
-9 16
+2 16
-1 8 0 8
+1 8 0 0 2 0 0 1
-3 8
+3 8
+2 8
-2 32 0 8
+2 8 0 8 0 0 4 0 0 3
+3 16
2553 2 0 2 1 0 0 1
+36 6 2
+1 2
-1 2 0 2
+1 2 0 2
+9 14 3 0 1 0 0 1 0 0 6 2
+6 3 2 0 0 0 0 0 0 0 1
+3 6 0 0 1 0 0 1 0 0 2 2
2921 6 4 0 1 0 0 1 0 0 2 1
+1 2 0 2
+4 2 2
+4 10 4 0 1 0 0 1 0 0 2
+5 2
-2 2
+5 2
-3 4
-3 2
+2 2 0 2
+1 2
+1 2
-1 6 0 2
+1 2 0 2 0 0 2 0 0 2
4482 2
2669 6 2 2 1 0 0 1
+8 4 2 0 0 0 0 0 0 0 2
+1 6 2 2
+13 2 2
+2 2 2
-2 4 0 0 1 0 0 1 0 0 2
+8 10 2 2
+8 4 0 0 0 0 0 0 0 0 2 2
+48 4 2 0 1 0 0 1 0 0 2 2
+40 3 0 0 1 0 0 1 0 0 1 1
+19 2 1
+3 2
+1 6 1 0 1 0 0 1
+2 1 0 0 0 0 0 0 0 0 1
+1 5 0 4
cfi=(199)
cfn=(674)
calls=1 25 
* 33 11 6 0 0 0 0 0 0 5 2
+12 4 3
-12 1
+12 1 0 0 0 0 0 0 0 0 1
2008 4 1 0 1 0 0 1 0 0 1
3882 1
2873 1
+3 1
-1 1 0 1
+1 4 0 1 0 0 1 0 0 1
+12 1 1
-11 1 0 1
+11 2 0 0 1 0 0 1 0 0 1 1
2783 1
-1 2
2017 2 2 0 1 0 0 1
2745 1 0 1 1 0 0 1
+1 1
+6 3 1
-6 1 0 1
+6 3 0 0 0 0 0 0 0 0 1 1
-6 1 0 0 1
+6 3 1
-6 1 0 1
+6 5 0 0 0 0 0 0 0 0 2 1
+1 6 1 1
-44 6 0 4 2 0 1 1
cfi=(199)
cfn=(674)
calls=2 25 
* 113 29 18 9 3 1 6 0 0 20 5
+1 4 2
-1 2 0 0 2 0 0 1
+1 2 0 0 0 0 0 0 0 0 2
2008 2 2
2711 2
2008 6 0 0 0 0 0 0 0 0 2 1
2712 2
+3 4 0 0 0 0 0 0 0 0 2
+29 10 4 0 1 1 0 1 1 0 2 1

fn=(830) _int_free
4495 77 0 44 1 0 0 1
+4 33 11 0 1 0 0 1
+6 44 0 0 0 0 0 0 0 0 11
+1 22 0 0 0 0 0 0 0 0 11
+4 55 0 0 0 0 0 0 0 0 22
+8 44 22 0 1 0 0 1 0 0 11
-1 22
+1 22 11 0 0 3 0 0 0 0 11 5
+29 3 3
-20 3 3 0 0 3 0 0 1
-6 3
+6 6 3 0 0 0 0 0 0 0 3
+20 12 3 0 0 0 0 0 0 0 3 2
1792 8 8 0 1 3 0 1
4561 16 0 0 0 0 0 0 0 0 8 2
+97 18 15
-21 16 8 0 1 0 0 1 0 0 8
+3 16 8 0 0 3 0 0 0 0 8 2
+18 8 0 0 1 0 0 1
-12 8
+12 32 32
-12 8
cfn=(832) _int_free_merge_chunk
calls=8 +19 
* 751 234 124 13 17 0 12 0 0 115 15
3163 3 3 0 2 0 0 1
+4 3
-4 3 0 3
+2 12 3 3
+1 3 0 3
+1 3 0 3
4550 3

fn=(670) tcache_init.part.0
3242 4 0 2 1 0 0 1
+9 8 2 1 0 0 0 0 0 0 2
+1 3 0 1 1 0 0 1
cfn=(672)
calls=1 3846 
* 359 81 50 42 1 2 42 1 2 57 25
+1 2 0 0 0 0 0 0 0 0 1
+8 4 1 1 0 0 0 0 0 0 2
+9 1 1
fi=(202) ./malloc/../string/bits/string_fortified.h
59 2
fe=(196)
3270 1 0 1
fi=(202)
59 86 0 81 1 0 9 1 0 9 80 10
fe=(196)
3274 3 3

fn=(782) calloc
3699 14 0 7 1 0 0 1
+10 7
-10 49 0 35
+10 56 0 0 1 0 0 1 0 0 14
+8 14 7 0 0 1 0 0 0 0 7 1
+3 21 14 0 0 2 0 0 0 0 7
+2 14 7 0 1 1 0 1 0 0 7 2
+34 33 7 0 1 0 0 1 0 0 7 3
fi=(197) ./malloc/./malloc/arena.c
153 10 0 0 0 0 0 0 0 0 5 4
fe=(196)
3732 7 7 0 1 1 0 1
+1 7
+21 14
-21 14 7 0 0 1
+21 7 0 7 0 0 3
cfn=(672)
calls=7 +92 
* 1448 270 160 19 11 10 12 1 3 218 34 1
+2 14 0 0 0 0 0 0 0 0 7 2
+33 2 2
fi=(202)
59 2
fe=(196)
3789 4 0 0 0 0 0 0 0 0 2
+48 16 14
-78 4 2 0 1 0 0 1 0 0 2 2
+37 5 5 0 1 0 0 1
-12 5
+12 10 0 0 0 0 0 0 0 0 5
+3 25
+8 5 0 0 1 0 0 1
+2 10 0 0 0 0 0 0 0 0 5
+2 10 0 0 0 0 0 0 0 0 5 2
-55 15 0 0 1 0 0 1 0 0 5
+3 15 5 0 1 0 0 1 0 0 5
+78 5 0 0 1 0 0 1
fi=(202)
59 10
fe=(196)
3837 30 30
fi=(202)
59 5
cob=(4)
cfi=(178)
cfn=(890) 0x000000000497a740
calls=5 -59 
* 25017351 15 25017256 4 14 390771 4 0 1966 25017276 19 5 5
fe=(196)

fn=(832)
4665 40 0 32 1 0 0 1
+1 8
-1 24 0 16
+5 48 8 0 0 3 0 0 0 0 8
+3 16 8 0 1 3 0 1 0 0 8 2
+5 24 8 0 0 0 0 0 0 0 8
+3 16
+1 16 0 0 0 0 0 0 0 0 8
+1 16 8 0 0 3 0 0 0 0 8
1992 24 8 0 0 0 0 0 0 0 8
4689 16 8 0 1 0 0 1 0 0 8 2
+25 16 8 0 0 0 0 0 0 0 8 1
-12 8
-1 16
+1 48 48
-1 8
cfn=(834) _int_free_maybe_consolidate
calls=8 +69 
* 319 122 60 7 5 0 6 0 0 43 8
+55 8 0 0 1 0 0 1
+1 24 0 8
+1 16 0 8 1 0 0 1
-83 24 8 0 1 3 0 1
-2 16 0 0 0 0 0 0 0 0 8 2

fn=(886) munmap_chunk
3024 2 0 2 1 0 0 1
+2 2 2
-1 2 2 0 0 2
+1 4
+2 2
-3 2 2 0 0 2
-1 2
+4 2 0 0 0 0 0 0 0 0 2
+3 4 2
+7 2
-8 2
+9 2
-8 2
+1 2
+6 6
+1 8 0 0 1 0 0 1 0 0 2
+3 2 2 2 0 0 0 0 0 0 2 1
+1 6 2 2 0 0 0 0 0 0 2
+6 2 2
-1 4
cfi=(238)
cfn=(888)
calls=2 117 
* 12 2 0 3 0 0 2 0 0 2 1

fn=(784)
2400 10 0 8 1 0 0 1
+13 6
-13 2
+18 4 0 0 0 0 0 0 0 0 2 2
+3 18 0 2 1 0 0 1
cfi=(227) ./misc/../sysdeps/unix/sysv/linux/mmap64.c
cfn=(786) mmap
calls=2 47 
* 52 8 6 3 0 0 3 0 0 8 4
* 2
+3 4 0 0 1 0 0 1 0 0 2 2
+4 4 0 0 0 0 0 0 0 0 2
2008 8 2 0 0 0 0 0 0 0 2
2432 8 0 2
cfi=(228) ./misc/../sysdeps/unix/sysv/linux/setvmaname.c
cfn=(788) __set_vma_name
calls=2 33 
* 80 24 13 3 2 0 3 1 0 8 4 1
+16 6 0 0 0 0 0 0 0 0 2
+19 2 0 0 1 0 0 1
-1 2 0 2 0 0 2 0 0 2
+5 2
-4 4 0 2
+4 4 2 2 0 0 0 0 0 0 2
+1 10 2 2 0 0 0 0 0 0 4
+3 6 2 2 1 0 0 1 0 0 2
+1 10 2 2 0 0 0 0 0 0 4
+5 14 10

fn=(836) systrim.constprop.0
2957 6 0 4 1 0 0 1
+9 3 2
+2 1
+1 2 0 0 0 0 0 0 0 0 1
+5 1 1
+1 1
-1 2 0 0 0 0 0 0 0 0 1
+4 5 2 0 1 0 0 1
+2 2 0 0 0 0 0 0 0 0 1
-10 1
+50 6 5

fn=(680)
1985 36 12 0 1 0 0 1 0 0 12
+2 12 12

fn=(826) free
3359 13 0 0 1 0 0 1
+4 26 0 0 0 0 0 0 0 0 13
-4 39 0 26 1 0 0 1
+14 13
-14 39 0 26
+12 13 13 0 0 4
+4 13 13 0 0 5
-4 13 13 0 0 4
+4 26 0 0 0 0 0 0 0 0 13 2
+17 33 22 0 0 6 0 0 0 0 11
fi=(197)
153 33 0 0 0 0 0 0 0 0 11 2
fe=(196)
3398 33 0 11 1 0 0 1
cfn=(830)
calls=11 4495 
* 1257 367 180 21 29 0 19 1 0 211 26
+3 11 0 11
+1 66 55
-23 6 2 0 2 1 0 1 0 0 2
+2 6 2 0 0 1 0 0 0 0 3 1
+2 1
+1 1
-1 1 0 1
+1 1 0 1
+1 1
+3 2 0 1
cfn=(886)
calls=1 3024 
* 36 8 3 4 2 0 4 0 0 5 2
* 2 0 1
cfn=(886)
calls=1 3024 
* 36 8 3 1 2 0 0 0 0 5
+13 2 0 2
+1 12 10 0 1 0 0 1

fn=(660) malloc
3294 48 0 24 2 0 2 1
+7 12 6 0 0 3 0 0 1 0 6 1
1326 10 0 0 0 0 0 0 0 0 5
+19 30 0 0 1 0 0 1 0 0 6
3311 12
+2 24 12 0 0 4 0 0 0 0 6 2
+3 10 5 0 0 2 0 0 0 0 5 2
+10 8 4 0 1 0 0 1 0 0 4 3
+28 24 20 0 1
3248 4 2 1 1 0 0 1 0 0 1
cfn=(670)
calls=1 -6 
* 473 88 137 45 1 11 45 1 11 142 35
+68 2 1 0 1 0 0 1 0 0 1
+1 4 1 0 0 0 0 0 0 0 1
+1 9 3 0 1 2 0 0 0 0 3 1
3178 4 2 0 0 2
+4 4 0 0 0 0 0 0 0 0 2
+4 2
+4 2
-4 6 2 2 0 2
+4 2 0 2
+1 2 0 2
3354 12 10
-26 16 0 4 1 0 0 1
cfn=(672)
calls=4 3846 
* 524 94 52 2 12 11 2 0 3 75 18
+1 20 4 0 2 0 0 1 0 0 8
fi=(197)
153 8 0 0 0 0 0 0 0 0 4 2
264 1 0 1 1 0 0 1
cfn=(664) ptmalloc_init.part.0
calls=1 -2 
* 1151 70 160 8 24 33 8 11 33 167 20 12
fe=(196)
1326 2 0 0 0 0 0 0 0 0 1 1

fn=(834)
4770 88 8 56 2 0 0 1
+6 16 0 0 0 0 0 0 0 0 8 2
+22 77 63 0 0 0 0 0 0 0 7 2
-20 32 8 0 1 0 0 1 0 0 8
+3 24 0 0 0 0 0 0 0 0 8 2
+3 40 24 0 2 5 0 2 0 0 8 2
+1 4 3 0 0 0 0 0 0 0 1
+13 7 6
-13 1
cfn=(836)
calls=1 2957 
* 30 10 4 2 0 0 2 0 0 3

fl=(184) ./string/../sysdeps/x86_64/multiarch/strrchr-avx2.S
fn=(604) __strrchr_avx2
53 1 0 0 1 0 0 1
+1 1
+1 1
+2 1
+1 1 0 0 1 0 0 1
+4 1
+1 1
+1 1 0 0 0 0 0 0 0 0 1
+3 1 1 0 0 1
+2 1
+1 1
+1 1
+1 1 0 0 0 0 0 0 0 0 1
+3 1
+1 1
+2 1
+1 1
+1 1 0 0 0 0 0 0 0 0 1
+1 1
+1 1
+9 2 1

fl=(214)
fn=(738)
25 3 0 0 1 0 0 1
+1 18 3 0 0 0 0 0 0 0 6 1
+1 3 3

fl=(190)
fn=(642)
29 4 0 2 1 0 0 1
+15 1
-15 5 1 3
+15 1 0 1 1 0 0 1
cfi=(191) ./setjmp/../sysdeps/x86_64/bsd-_setjmp.S
cfn=(644) _setjmp
calls=1 -16 
* 38 8 11 4 1 0 4 0 0 2 1
* 1
+2 2 0 0 0 0 0 0 0 0 1
+5 2 1 1 0 1
+1 2 1 1 0 1
+3 2 0 1
+3 6 5 1 1 0 0 1 0 0 0 0 1 1
cob=(6)
cfi=(194) /cmshome/groshen1/cscc85f25_space/Robot-Rangers/Optimization/ImageRescaling_2021/Image_Rescale.cpp
cfn=(650) main
calls=1 396 
* 7154185923 2388840047 1057698319 812 2718472 13221844 711 13620 194684 37485756 12513 99533017 77

fl=(189)
fn=(624)
67 7 0 5 1 0 0 1
-26 2 0 0 1 0 0 1 0 0 1
+2 8 0 1 0 0 1 0 0 0 1
+1 2 0 1
cfn=(626) __new_exitfn
calls=1 +36 
* 33 8 7 4 3 0 4 1 0 4 1
+2 2 0 0 0 0 0 0 0 0 1
+8 1 0 1
-2 1
+3 1 0 1 1 0 0 1
+1 1 0 1
-4 2 1
+1 1 0 1
+4 4 1 1 0 0 0 0 0 0 2
+1 1
+11 6 6

fn=(626)
80 1 0 0 1 0 0 1
+6 2 1 0 0 1 0 0 1 0 1
-6 4 0 3
+11 2 1 0 0 1
-10 1
+10 4 0 0 0 0 0 0 0 0 1
+2 4 1 0 1 1 0 1 0 0 1
-2 1 1
+10 1 0 1
-10 3 0 0 0 0 0 0 0 0 1 1
+45 1 0 1 1 0 0 1
+5 3 2
-4 1 0 1
+4 2 2
-18 1 0 1 1 0 0 1
-1 1
+12 1

fl=(91)
fn=(300)
29 1 0 0 1 0 0 1
fi=(88)
+12 2 2
-1 4 0 0 0 0 0 0 0 0 1 1
+2 3 1 0 1 0 0 1 0 0 1
+3 2 0 0 0 0 0 0 0 0 1
+4 3 0 0 0 0 0 0 0 0 1
+3 3 0 0 1 0 0 1 0 0 1
fe=(91)
-23 1 1

fl=(131)
fn=(406)
29 1
fi=(93)
+28 3 2
-1 2 0 0 0 0 0 0 0 0 1
+4 3 1 0 0 0 0 0 0 0 1
+14 2 0 0 0 0 0 0 0 0 1
+3 2 0 0 1 0 0 1 0 0 1
+8 2 0 0 0 0 0 0 0 0 1 1
+8 2 0 0 0 0 0 0 0 0 1
+3 5 1
fe=(131)

fl=(229) ./libio/./libio/iofread.c
fn=(792) fread
31 7 0 5 1 0 0 1
+1 1
-1 1 0 1
+1 1
-1 1
+4 6 0 0 0 0 0 0 0 0 1
+2 10 5 1 1 0 0 1 0 0 3 1
+1 4 0 1 1 0 0 1
cfi=(203)
cfn=(794) _IO_sgetn
calls=1 409 
* 1717 545 506 20 128 229 20 126 229 172 38 6 4
fi=(213)
979 2 1 0 0 0 0 0 0 0 1
+1 9 3 2 1 0 0 1 0 0 2
fe=(229)
40 2 0 0 0 0 0 0 0 0 1 1
+1 9 7
-1 2
-3 4 1 2 1 0 0 1

fl=(228)
fn=(788)
33 14 0 8 2 0 0 2
+2 10 4 2 0 1 0 0 1 0 2 1
+14 21 14 0 1 0 0 1 0 0 2
-9 4 0 1
cob=(4)
cfi=(178)
cfn=(564)
calls=1 -40 
* 26 5 1 0 1 0 0 0 0 3 2 1
* 3 1 0 0 0 0 0 0 0 1 1
+7 1 0 1
+1 1

fl=(119)
fn=(366)
31 1 0 0 1 0 0 1
fi=(114)
+6 2 2 0 1 0 0 1
-1 4 0 0 0 0 0 0 0 0 1 1
fe=(119)
-5 2 1
fi=(114)
+7 3 1 0 1 0 0 1 0 0 1
+3 2 0 0 0 0 0 0 0 0 1
+4 3 0 0 0 0 0 0 0 0 1
+3 4 0 0 0 0 0 0 0 0 1
fe=(119)

fl=(112)
fn=(352)
67 1 0 0 1 0 0 1
-23 2 2 0 1 0 0 1
-1 4 0 0 0 0 0 0 0 0 1 1
+24 2 1
-22 3 1 0 1 0 0 1 0 0 1
+3 2 0 0 0 0 0 0 0 0 1
+4 3 0 0 0 0 0 0 0 0 1
+3 4 0 0 0 0 0 0 0 0 1

fl=(121)
fn=(374)
29 1 0 0 1 0 0 1
fi=(122) ./string/../sysdeps/x86_64/multiarch/ifunc-memcmp.h
+5 5 2 0 1 0 0 1 0 0 1
+1 2 1 0 0 0 0 0 0 0 1
+1 2 0 0 0 0 0 0 0 0 1
+1 3 1 0 0 0 0 0 0 0 1
+3 2 0 0 0 0 0 0 0 0 1
+4 3 0 0 0 0 0 0 0 0 1
+3 4 0 0 1 0 0 1
fe=(121)
-18 2 1

fl=(179) ./nptl/../sysdeps/unix/sysv/linux/x86/elision-conf.c
fn=(566) __lll_elision_init
92 2 0 1 1 0 0 1
+4 1
-4 2 0 1
+4 2
-4 1
+4 1
-4 3 1 1
+4 1 0 1 1 0 0 1
cob=(4)
cfi=(178)
cfn=(564)
calls=1 -96 
* 26 5 1 0 2 0 0 1 0 3 2 1
+2 4 0 1
cob=(4)
cfi=(178)
cfn=(564)
calls=1 -98 
* 26 5 1 0 2 0 0 1 0 3 2 1
+2 4 0 1
cob=(4)
cfi=(178)
cfn=(564)
calls=1 0 
* 26 5 1 0 2 0 0 1 0 3 2 1
+2 4 0 1
cob=(4)
cfi=(178)
cfn=(564)
calls=1 0 
* 26 5 1 0 2 0 0 1 0 3 2 1
+2 4 0 1 1 0 0 1
cob=(4)
cfi=(178)
cfn=(564)
calls=1 0 
* 26 5 1 0 1 0 0 0 0 3 0 1
+3 3 1 0 0 1 0 0 1 0 1
+1 1 0 1 0 0 1 0 0 1
+1 6 5 0 0 0 0 0 0 0 1

fl=(81)
fn=(280)
86 1 0 0 1 0 0 1
fi=(82) ./string/../sysdeps/x86/cacheinfo.h
-27 1 1
+3 3 1 0 1 1 0 1 0 0 1
+2 1
+1 1 0 1 0 0 1 0 0 1
-1 2 0 1
+7 3 1 0 0 0 0 0 0 0 1
+2 1
+1 1 0 1
-1 2 0 1 1 0 0 1
+5 2 1 1 0 0 1 0 0 1
+2 2 1 1
+1 2 1 1
+1 2 1 1
+2 2 1 0 1 1 0 1 0 0 1 1
+2 2 1
fe=(81)

fl=(203)
fn=(730)
329 77 0 35 2 0 0 2
+1 34 14 0 0 0 0 0 0 0 10 5
+5 14
-3 7 0 7
+3 14
-2 7 0 7
+2 14 0 7
+3 42 42
-7 3 0 3
cob=(4)
cfi=(178)
cfn=(824)
calls=3 0 
* 529 160 79 22 4 0 21 0 0 84 11 3 2
+4 6 3

fn=(812)
53 6 0 0 1 0 0 1
+1 12 6 0 0 0 0 0 0 0 6 3
+28 6 3
cfn=(814) __GI__IO_un_link.part.0
calls=3 -30 
* 300 87 75 16 0 0 10 0 0 42 11

fn=(814)
52 12 0 9 2 0 0 1
+6 3
-6 6 0 3
+6 3 0 0 2 0 0 1
-6 12 3 3
+6 12 0 9
cfi=(205)
cfn=(692)
calls=3 -34 
* 39 12 9 0 0 0 0 0 0 3
+1 21 9 0 2 0 0 1 0 0 6 2
+2 3 3 0 2 0 0 1
-1 3 0 3
+1 30 9 0 0 0 0 0 0 0 9 2
+4 6 0 0 2 0 0 1 0 0 3 2
+9 6 0 3
+2 18 6 0 2 0 0 1 0 0 6 2
+3 6 0 3 1 0 0 1
cfi=(205)
cfn=(694)
calls=3 -25 
* 27 15 3 0 0 0 0 0 0 3 2
+3 27 21 0 0 0 0 0 0 0 3
-19 3 3 0 1 0 0 1
-2 6 0 6
+2 6 0 0 0 0 0 0 0 0 3 1
+13 9 0 3 1 0 0 1 0 0 3
+2 3 3
-2 3 0 3
+1 3 0 3
+1 15 0 6 0 0 0 0 0 0 3
-12 9 3 3
-7 9 0 6 1 0 0 1

fn=(684)
563 44 0 20 2 0 0 1
+1 4 0 4
cfn=(686) _IO_old_init
calls=4 -33 
* 98 12 46 4 3 6 2 1 2 4 2
+1 4 0 4 2 0 3 1 0 1
+1 8 0 0 0 0 0 0 0 0 4 1
+2 3 0 3
+4 3
+7 3 0 3 0 0 3 0 0 1
+2 3 0 3 0 0 2
-9 15 0 15
+15 3 0 3 2 0 0 1
+1 18 18
-1 1 0 1
+1 6 6
-2 2 0 1

fn=(794)
409 2 0 1 1 0 0 1
fi=(213)
1025 1
fe=(203)
409 3 0 1
+2 1 1
fi=(213)
1025 2
+1 2 0 0 0 0 0 0 0 0 1
fe=(203)
411 1 1
+1 2 2
-1 1 0 0 0 0 0 0 0 0 0 0 1 1
cfi=(204)
cfn=(796)
calls=1 1273 
* 1702 541 504 19 128 229 19 126 229 171 38 5 3

fn=(818)
937 18 0 6 2 0 0 1
+2 6 3 0 0 0 0 0 0 0 3 3
+5 9 3 0 0 0 0 0 0 0 3 3
+2 9 9 0 2 0 0 1

fn=(842)
601 18 0 6 1 0 0 1
+2 9 3 0 0 0 0 0 0 0 3 2
+6 9 3 0 0 0 0 0 0 0 3 2
+3 9 3 0 1 0 0 1 0 0 3 2
54 6 3 0 0 0 0 0 0 0 3
624 9 9

fn=(718) _IO_default_uflow
361 4 0 2 1 0 0 1
fi=(213)
1025 2
fe=(203)
361 6 0 4
+1 2 2
-1 2
fi=(213)
1025 4 0 0 1 0 0 1
+1 4 0 0 0 0 0 0 0 0 2
fe=(203)
362 4 2 2 0 0 0 0 0 0 0 0 2 2
cfi=(220)
cfn=(776)
calls=1 145 
* 15 5 0 2 0 0 2 0 0 3 2
cfi=(204)
cfn=(720)
calls=1 462 
* 397 100 60 26 4 5 26 2 2 55 21 4 3
+1 4 0 0 0 0 0 0 0 0 2 1
+2 4 2 1
+1 8 8

fn=(948)
371 44 0 28 1 0 0 1
+3 16 0 0 0 0 0 0 0 0 4
fi=(213)
1025 4
fe=(203)
373 8
+16 4 0 0 1 0 0 1 0 0 2 2
+8 4
+2 8 0 0 0 0 0 0 0 0 4 4
-20 16 8 0 1 0 0 1 0 0 4
+2 4
+1 8
+2 8 0 0 0 0 0 0 0 0 4 2
+2 4
+1 2
-1 2 0 2
cob=(4)
cfi=(178)
cfn=(798)
calls=2 0 
* 666 210 202 0 94 0 0 0 0 62 5 2
* 2 0 2
+1 2
-12 4 4 0 1 0 0 1
+29 32 28
-11 6 0 0 1 0 0 1 0 0 2 2
+1 12 6 6 0 2
-1 18 0 0 0 0 0 0 0 0 6 4
+2 8 0 2
-6 4 0 0 1 0 0 1

fn=(686)
531 4 0 0 2 0 0 1
+3 4 4 0 0 3 0 0 1
-2 4
+2 4 0 0 2 0 0 1
+5 4
-7 4 0 4
+2 4
+10 4 0 4
-10 4
+16 4
-11 4 0 4
-5 4
+16 4 0 4
-16 4 0 4
+21 4 4
-16 20 0 20 0 0 3 0 0 1
+16 8 0 0 0 0 0 0 0 0 4 2
+1 6 0 6 0 0 3 0 0 1
+2 4 4

fn=(690)
87 42 0 24 2 0 0 1
+1 30 12 6 0 0 0 0 0 0 6 3
+18 54 42 0 0 0 0 0 0 0 6
-16 3 0 0 1 0 0 1
+2 9 0 3
-2 3 0 3
+2 12 0 6
cfi=(205)
cfn=(692)
calls=3 -68 
* 39 12 9 2 4 0 2 0 0 3
+1 21 9 0 2 2 0 1 0 0 6 3
+10 6 0 3 2 0 0 1
cfi=(205)
cfn=(694)
calls=3 -49 
* 27 15 3 1 0 0 1 0 0 3 2
+3 3
-11 15 9 0 4 0 0 2 0 0 3
+2 3 3 0 0 3
-2 3 0 3
+3 3 0 3
-3 3 0 3
+2 3 0 3
+3 12 3 3 0 0 0 0 0 0 3
+2 3 3 0 2 0 0 1
-2 3 0 3
+1 3 0 3
+1 15 0 6 0 0 0 0 0 0 3
-9 6 0 6 2 0 0 1
+1 3 0 3
+1 6 3 0 0 0 0 0 0 0 3 1

fn=(734)
164 12 0 6 1 0 0 1
+1 6 4 0 0 0 0 0 0 0 2 2
+3 6 2 0 1 0 0 1 0 0 2
+4 4 2 2
+1 4 2 0 0 0 0 0 0 0 2 2
+7 2
-4 2 0 2
+4 2 0 2
-2 4 0 4 1 0 0 1
+3 2
+1 8 8

fn=(1038) _IO_flush_all
686 5 0 3 1 0 0 1
+5 1
-5 1 0 1
+5 1
-5 6 1 3
+5 4 0 3 1 0 0 1
cfi=(205)
cfn=(692)
calls=1 24 
* 13 4 3 0 0 0 0 0 0 1
+1 6 3 0 0 0 0 0 0 0 2 1
-5 1 0 0 1 0 0 1
fi=(213)
1025 2
fe=(203)
708 33 12 6 2 0 0 2 0 0 9
+1 3 0 3
-14 9 3 0 0 1 0 0 0 0 3 1
+2 3 0 3 1 0 0 1
+1 27 15 0 0 4 0 0 1 0 9 3
+2 21 9 0 2 3 0 2 1 0 6 1
+13 7 2 2 2 0 0 2 0 0 2
+1 2 0 1
cfi=(205)
cfn=(694)
calls=1 54 
* 9 5 1 0 0 0 0 0 0 1 1
+4 12 9 0 0 0 0 0 0 0 1 1
-20 9 0 6 1 0 0 1
-6 2 1 1 1 0 0 1
-5 2
+8 1 1
-3 1 0 1 1 0 0 1
+3 2 0 0 0 0 0 0 0 0 1 1

fn=(770)
635 28 0 12 1 0 1 1
+3 12 8 0 0 0 0 0 0 0 4
+1 8 4 0 1 0 0 1 0 0 4 4
+9 4 0 4
+3 20 16
-10 8 0 4 1 0 0 1
+1 4
+5 4

fn=(716)
299 10 0 6 1 0 0 1
+1 2 2
-1 2
+1 4 0 0 0 0 0 0 0 0 2 2
+5 6 2 0 0 0 0 0 0 0 2
+3 2 2 0 1 0 0 1
173 2 2
308 4 0 0 0 0 0 0 0 0 2
+2 4 0 0 0 0 0 0 0 0 2
+6 4 2 0 0 0 0 0 0 0 2 2
+7 2 2
fi=(213)
1025 6
+1 4 0 0 0 0 0 0 0 0 2
fe=(203)
323 4 2 0 0 2
+1 6 6
-1 2 0 0 0 0 0 0 0 0 0 0 2 1
cfn=(718)
calls=2 +38 
* 456 119 69 30 4 5 30 2 2 62 24 6 5
-23 4 0 0 1 0 0 1 0 0 2 2
+21 6 2 0 0 0 0 0 0 0 2 2

fn=(722)
343 4 0 0 1 0 0 1
+1 8 4 0 0 0 0 0 0 0 4 3
-1 28 0 16 0 0 1
+3 15 5 0 0 0 0 0 0 0 5 4
+1 3 3 0 2 0 0 1
fi=(213)
1025 9
+1 6 0 0 0 0 0 0 0 0 3 1
fe=(203)
347 6 3 3 0 3 0 0 0 0 0 0 3 1
cfi=(211)
cfn=(724)
calls=3 78 
* 795 174 102 15 18 15 11 1 3 108 21 6 1
* 6 0 0 0 0 0 0 0 0 3 2
-10 1
-5 1 0 1
+1 1 0 1
+4 1 0 1
+13 24 20 0 1 0 0 1
-1 2
-19 1

fn=(802)
269 5 0 3 1 0 0 1
+1 1 1 0 1 0 0 1
-1 1
+1 2 0 0 0 0 0 0 0 0 1 1
+5 3 1 0 0 0 0 0 0 0 1
+3 1 1
173 1 1
278 2 0 0 0 0 0 0 0 0 1
+2 2 0 0 0 0 0 0 0 0 1
+6 2 1 0 0 0 0 0 0 0 1 1
+7 1 1 0 1 0 0 1
fi=(213)
1025 3
+1 2 0 0 0 0 0 0 0 0 1
fe=(203)
293 2 1
+1 3 3
-1 1 0 0 0 0 0 0 0 0 0 0 1 1
cfi=(204)
cfn=(720)
calls=1 462 
* 96 31 20 0 0 0 0 0 0 14 5 1
-23 2 0 0 1 0 0 1 0 0 1 1
+21 3 1 0 0 0 0 0 0 0 1 1

fn=(1036) _IO_cleanup
842 6 0 4 1 0 0 1
-66 1
+66 6 1 3 1 0 0 1
+1 1 0 1
cfn=(1038)
calls=1 686 
* 183 65 37 13 8 0 13 2 0 35 9
-67 2 0 1
+67 1
-67 3 0 2
cfi=(205)
cfn=(692)
calls=1 24 
* 13 4 3 0 0 0 0 0 0 1
+1 6 3 0 1 0 0 1 0 0 2 1
fi=(213)
1025 1 0 0 1 0 0 1
fe=(203)
785 1 1
-1 1 0 1
+1 4 2 0 0 0 0 0 0 0 1
-1 2 0 2
+1 25 12 0 1 0 0 1 0 0 8 3
+9 6 2 0 0 0 0 0 0 0 2 2
+20 2 0 2
+2 4 0 0 0 0 0 0 0 0 2 2
+1 3 0 3 1 0 0 1
-37 9 3 0 1 0 0 1 0 0 3 2
+41 7 2 2 0 0 0 0 0 0 2 1
+1 2 0 1
cfi=(205)
cfn=(694)
calls=1 54 
* 9 5 1 0 0 0 0 0 0 1 1
+33 12 9 0 1 0 0 1 0 0 1
-78 2 2
+39 24 6 6 2 0 0 2 0 0 6
-2 1 0 1
+2 1
-31 6 0 6 1 0 0 1
+7 7 0 0 0 0 0 0 0 0 3 1
-15 1 0 1 1 0 0 1
+3 2 1
-3 1 0 1
+3 2 0 0 0 0 0 0 0 0 1 1

fl=(175) ./resource/../sysdeps/unix/sysv/linux/getrlimit64.c
fn=(558) getrlimit
38 2 0 0 1 0 0 1
+1 7 0 0 0 0 0 0 0 0 1
+1 1 1

fl=(258)
fn=(952)
169 4 0 0 1 0 0 1
+3 16 0 0 1 0 0 1
+2 8 0 0 0 0 0 0 0 0 4 2
+9 232 16 16 2 2 0 2 1 0 16 6
+9 8 4

fl=(259) ./stdlib/./stdlib/exit.c
fn=(960) exit
137 2 0 1 1 0 0 1
+1 3
-1 1
+1 1 0 1
cfn=(962) __run_exit_handlers
calls=1 38 
* 1690 473 314 106 58 12 78 3 1 292 107 12 12

fn=(962)
38 12 0 8 1 0 0 1
+2 2 0 0 0 0 0 0 0 0 1 1
+3 5 0 1 1 0 1 1 0 0 1
+11 2 2 0 0 1
+2 2 0 0 0 0 0 0 0 0 1
+38 2
-30 6 2 0 0 1 0 0 0 0 2 1
+2 1
+1 1 1
-1 1 0 1 1 0 0 1
+3 7 1 0 0 0 0 0 0 0 2 1
+44 3 1 0 1 0 0 1 0 0 1 1
+13 1 0 0 1 0 0 1
-66 1 0 1 0 0 1
+66 3 1 1 0 0 0 0 0 0 2
+2 2 1 0 0 0 0 0 0 0 1 1
+3 2 0 1
cfi=(268)
cfn=(1042)
calls=1 27 
* 6 1 0 1 0 0 1
-29 1 1 0 1 0 0 1
+1 1 1
-2 1 0 1
+3 1
+3 1
-3 2 1
+3 3 1 1 0 0 0 0 0 0 2
+1 3 0 1 0 0 0 0 0 0 0 0 1 1
cob=(1)
cfi=(261)
cfn=(966)
calls=1 -82 
* 1235 333 213 68 48 10 40 1 1 208 76 11 11
+1 4 0 1 1 0 0 1 0 0 1 1
+10 3 2 1 1 0 0 1
+1 2 0 0 0 0 0 0 0 0 1 1
-79 1 0 1 1 0 0 1
cfi=(260) ./stdlib/./stdlib/cxa_thread_atexit_impl.c
cfn=(964) __call_tls_dtors
calls=1 148 
* 13 6 3 3 0 0 3 0 0 1 1
* 1
+88 1 0 1
cfi=(203)
cfn=(1036)
calls=1 842 
* 357 118 78 25 8 0 25 2 0 68 23
* 1

fl=(85)
fn=(288)
29 1 0 0 1 0 0 1
fi=(277)
+7 5 2 0 1 1 0 1
fe=(85)
-7 1 1

fl=(173)
fn=(554)
33 9 1 3 1 0 0 1
+2 1 0 1 1 0 0 1
cfi=(174)
cfn=(556)
calls=1 -6 
* 17 10 3 2 2 0 2
+3 1 1 0 0 1
fi=(176) ./elf/../sysdeps/nptl/pthread_early_init.h
-5 2
fe=(173)
+8 1 0 1 0 0 1 0 0 1
-3 1 0 1 0 0 1 0 0 1
+3 1 0 1
fi=(176)
-8 1 0 1
cfi=(175)
cfn=(558)
calls=1 +5 
* 10 1 0 1 0 0 1 0 0 1
* 3 0 0 0 0 0 0 0 0 1
+1 1 1
+4 5 0 0 1 0 0 1
+7 1 1
fi=(282) ./elf/../nptl/nptl-stack.h
+16 3 2 0 0 1
fi=(176)
-16 1 1
fi=(282)
+16 2
fi=(176)
-7 1 0 1 0 0 1 0 0 1
fi=(282)
+7 3
fi=(176)
-9 1
-6 1 0 0 1 0 0 1
+2 2
+4 4 0 1
+1 1 0 1 0 0 1 0 0 1
+3 1 0 1
cfi=(177)
cfn=(562)
calls=1 -1 
* 104 21 9 4 5 0 4 2 0 10 4 3 1
fe=(173)
-9 3 2 0 0 0 0 0 0 0 1
+2 2 2
-2 1
cfi=(179)
cfn=(566)
calls=1 +45 
* 169 32 14 3 10 1 3 5 1 17 8 5

fl=(182)
fn=(598)
46 6 0 2 1 0 0 1
+5 2 1 0 0 0 0 0 0 0 1
+4 5 4 0 1 2 0 1 1 0 1
+8 1 1
-2 1 0 1 0 0 1
+10 1
-9 1 0 1
+1 1 0 1 0 0 1 0 0 1
+9 3 2
-1 1
cfi=(183) ./misc/./misc/init-misc.c
cfn=(600) __init_misc
calls=1 -41 
* 50 11 6 5 1 1 5 0 0 5 1 1 1

fl=(185)
fn=(606)
545 1 0 0 1 0 0 1
+1 4 2 0 0 2 0 0 0 0 1 1
+1 3 2 0 1 0 0 1 0 0 1 1
+1 3 2 0 0 1 0 0 0 0 1
+2 1 1

fl=(208) ./string/../sysdeps/x86_64/multiarch/strchr-avx2.S
fn=(706) __strchr_avx2
53 3 0 0 2 0 0 1
+2 3
+1 3
+1 3
+1 3
+1 3
+3 3
+1 3 0 0 2 0 0 1 0 0 3
+4 3 3
+1 3
+1 3
+1 3
+1 3
+1 3
+1 3 0 0 0 0 0 0 0 0 3 2
+1 3
+3 3 3
+8 3 0 0 0 0 0 0 0 0 3 2
+8 3
+1 6 3

fn=(908) __strchrnul_avx2
53 12 0 0 1 0 0 1
+2 12
+1 12
+1 12
+1 12
+1 12
+3 12
+1 12 0 0 1 0 0 1 0 0 12
+4 12 12 0 0 6 0 0 3
+1 12
+1 12
+1 12
+1 12
+1 12
+1 12 0 0 0 0 0 0 0 0 12
+1 12
+13 12
+2 24 12

fl=(248)
fn=(922)
48 34 2 14 2 0 2 2
+6 4 0 0 0 0 0 0 0 0 2
+12 4 0 0 0 0 0 0 0 0 2 2
+76 22 18 0 0 0 0 0 0 0 2
-71 2 2 0 1 2 0 1 1
+1 4 0 0 0 0 0 0 0 0 2 2
+69 2 0 2 1 0 0 1
-60 4 0 4 0 0 2
cfi=(249)
cfn=(924)
calls=2 -50 
* 66 8 6 6 0 0 6 0 0 6 2
* 4 4
+2 2 0 2
+1 2
+4 4 0 0 1 0 0 1 0 0 2 2

fl=(191)
fn=(644)
28 1 0 0 1 0 0 1
+2 1
+2 1
cfi=(192)
cfn=(646)
calls=1 -1 
* 35 8 11 3 1 0 3 0 0 2 1

fl=(246)
fn=(918)
33 3 0 0 1 0 0 1
+2 3
-2 6
+4 9 0 3
+1 15 0 3
+9 6
+9 3
-9 3 0 3 1 0 2 1
+9 6 0 0 0 0 0 0 0 0 3 2
+47 3
+4 3
-4 3 0 3
+4 3 3

fl=(103)
fn=(330)
65 1 0 0 1 0 0 1
-22 2 2
+1 1 1
-2 4 0 0 0 0 0 0 0 0 1 1
+2 2 0 0 1 0 0 1 0 0 1
+3 2 0 0 0 0 0 0 0 0 1
+4 3 0 0 0 0 0 0 0 0 1
+3 3 0 0 0 0 0 0 0 0 1
+11 1 1

fl=(197)
fn=(664)
262 1 0 1 1 0 0 1
fi=(198) ./malloc/../sysdeps/unix/sysv/linux/not-cancel.h
97 3 0 0 1 0 0 1
fe=(197)
262 7 1 3
+5 1 0 1
fi=(198)
97 3
fi=(196)
3143 2 0 0 0 0 0 0 0 0 1 1
fe=(197)
292 2 1 0 1 0 0 1 0 0 1 1
+4 3 1 1 0 1
fi=(196)
1946 4
+3 1
-3 1 0 0 1 0 0 1
+3 2 0 1 0 0 1 0 0 1
-3 2 0 0 0 0 0 0 0 0 1 1
+3 126
-3 126
+3 252 0 126 0 0 31 0 0 31
-3 252 0 0 0 0 0 0 0 0 126 5
+11 1 0 1
fe=(197)
300 3
fi=(196)
1958 1 0 1 0 0 1 0 0 1
+2 1 0 1
fe=(197)
300 1 0 1
cob=(4)
cfi=(178)
cfn=(564)
calls=1 0 
* 25 5 1 0 2 0 0 1 0 3 1 1
+1 4 0 1 1 0 0 1
cob=(4)
cfi=(178)
cfn=(564)
calls=1 0 
* 26 5 1 0 1 0 0 0 0 3 2 1
+1 4 0 1
cob=(4)
cfi=(178)
cfn=(564)
calls=1 0 
* 25 5 1 0 2 0 0 1 0 3 1 1
+1 4 0 1
cob=(4)
cfi=(178)
cfn=(564)
calls=1 0 
* 25 5 1 0 2 0 0 1 0 3 2 1
+1 4 0 1 1 0 0 1
cob=(4)
cfi=(178)
cfn=(564)
calls=1 0 
* 26 5 1 0 2 0 0 1 0 3 2 1
+1 4 0 1
cob=(4)
cfi=(178)
cfn=(564)
calls=1 0 
* 25 5 1 0 2 0 0 1 0 3 1 1
+1 4 0 1
cob=(4)
cfi=(178)
cfn=(564)
calls=1 0 
* 25 5 1 0 2 0 0 1 0 3 1 1
+2 4 0 1 1 0 0 1
cob=(4)
cfi=(178)
cfn=(564)
calls=1 0 
* 25 5 1 0 1 0 0 0 0 3 1 1
+1 4 0 1
cob=(4)
cfi=(178)
cfn=(564)
calls=1 0 
* 25 5 1 0 2 0 0 1 0 3 1 1
+1 4 0 1
cob=(4)
cfi=(178)
cfn=(564)
calls=1 0 
* 25 5 1 0 2 0 0 1 0 3 0 1
+3 4 0 1
cob=(4)
cfi=(178)
cfn=(564)
calls=1 0 
* 25 5 1 0 2 0 0 1 0 3 0 1
+1 4 0 1 1 0 0 1
cob=(4)
cfi=(178)
cfn=(564)
calls=1 0 
* 25 5 1 0 2 0 0 1 0 3 0 1
+2 2 1 0 0 1 0 0 1 0 1
+10 8 6 0 0 0 0 0 0 0 1

fl=(260)
fn=(964)
148 4 0 2 1 0 0 1
+1 1 1 0 1 0 0 1
-1 1 0 1
+1 3 1 0 0 0 0 0 0 0 1 1
+16 4 4 0 1 0 0 1

fl=(89)
fn=(296)
29 1 0 0 1 0 0 1
fi=(90) ./string/../sysdeps/x86_64/multiarch/ifunc-memset.h
+25 5 2 0 0 0 0 0 0 0 1
+3 3 1 0 0 0 0 0 0 0 1
+7 2 0 0 1 0 0 1
+9 2 0 0 0 0 0 0 0 0 1
+2 2 0 0 0 0 0 0 0 0 1
+10 2 0 0 0 0 0 0 0 0 1
+8 2 0 0 0 0 0 0 0 0 1
+3 5 1
fe=(89)

fl=(104)
fn=(332)
29 1
fi=(105) ./debug/../sysdeps/x86_64/multiarch/ifunc-memset.h
+25 5 2 0 0 0 0 0 0 0 1
+3 3 1 0 0 0 0 0 0 0 1
+7 2 0 0 1 0 0 1
+9 2 0 0 0 0 0 0 0 0 1
+2 2 0 0 0 0 0 0 0 0 1
+10 2 0 0 0 0 0 0 0 0 1
+8 2 0 0 0 0 0 0 0 0 1
+3 5 1
fe=(104)

fl=(132)
fn=(410)
33 1 0 0 1 0 0 1
fi=(118)
+5 2 2
+1 1 1
-1 2 0 0 0 0 0 0 0 0 1
+1 2 0 0 0 0 0 0 0 0 1
+3 2 0 0 0 0 0 0 0 0 1
+4 3 0 0 0 0 0 0 0 0 1
+3 3 0 0 0 0 0 0 0 0 1 1
fe=(132)
-16 1 1

fl=(227)
fn=(786)
47 2 0 0 1 0 0 1
+3 4 0 0 0 0 0 0 0 0 2
-3 12 0 6
+6 4 0 0 0 0 0 0 0 0 2 2
+5 12 0 0 1 0 0 1 0 0 2
+2 8 8
-7 10 0 0 1 0 0 1 0 0 2 2

fl=(123)
fn=(378)
31 2 0 0 1 0 0 1
fi=(124) ./wcsmbs/../sysdeps/x86_64/multiarch/ifunc-wmemset.h
+5 10 4 0 0 0 0 0 0 0 2
+1 6 2 0 1 0 0 1 0 0 2 2
fe=(123)
-6 2 2

fl=(183)
fn=(600)
30 1 0 0 1 0 0 1
+1 2 0 0 0 0 0 0 0 0 1 1
-1 4 0 3
+1 4 1 0 0 0 0 0 0 0 1
+2 3 0 1 1 0 0 1
cob=(4)
cfi=(178)
cfn=(602) 0x000000000497a660
calls=1 -33 
* 24 3 0 3 1 0 3 0 0 3 0 1 1
+4 5 1 1 0 0 1
+1 3 2 1
+2 4 4

fl=(243)
fn=(910)
27 19 0 0 1 0 0 1
+1 57 19 0 0 0 0 0 0 0 19
-1 133 0 95 0 0 4
+4 72 0 0 0 0 0 0 0 0 19 2
+2 34 17
+3 17
fi=(278)
-7 17
fe=(243)
+8 34
fi=(278)
-8 17
fe=(243)
+12 17
fi=(278)
-12 17 0 17
cob=(4)
cfi=(178)
cfn=(744)
calls=17 -29 
* 282 61 27 1 2 2 0 0 0 75 21 17
fe=(243)
+11 51 17 17
-9 34 0 0 0 0 0 0 0 0 17 8
+2 51 17 0 1 0 0 1 0 0 17 10
+11 114 114 0 1 0 0 1

ob=(3)
fl=(236) ./math/../sysdeps/x86_64/fpu/multiarch/s_floor-sse4_1.S
fn=(874) __floor_sse41
21 49766400 0 0 1 0 0 1
+1 49766400
+1 49766400 49766400

fl=(149)
fn=(464)
26 1 0 0 1 0 0 1
fi=(142) ./math/../sysdeps/x86_64/fpu/multiarch/ifunc-fma.h
+3 4 2 0 1 0 0 1 0 0 1
+1 3 1
fe=(149)
-4 1 1

fl=(160)
fn=(506)
27 1 0 0 1 0 0 1
fi=(142)
+2 4 2 0 0 0 0 0 0 0 1
+1 3 1
fe=(160)
-3 1 1

fl=(148)
fn=(460)
27 1 0 0 1 0 0 1
fi=(142)
+2 4 2 0 0 0 0 0 0 0 1
+1 3 1
fe=(148)
-3 1 1

fl=(162)
fn=(518)
26 1 0 0 1 0 0 1
fi=(152) ./math/../sysdeps/x86_64/fpu/multiarch/ifunc-fma4.h
+5 4 2 0 1 0 0 1 0 0 1
+1 2 1 0 0 0 0 0 0 0 1 1
fe=(162)
-6 1 1

fl=(155)
fn=(484)
27 1 0 0 1 0 0 1
fi=(144) ./math/../sysdeps/x86_64/fpu/multiarch/ifunc-avx-fma4.h
+5 5 2 0 0 0 0 0 0 0 1
+1 2 1 0 0 0 0 0 0 0 1 1
fe=(155)
-6 1 1 0 1 0 0 1

fl=(147)
fn=(456)
27 1 0 0 1 0 0 1
fi=(142)
+2 4 2 0 0 0 0 0 0 0 1
+1 3 1
fe=(147)
-3 1 1

fl=(153)
fn=(476)
27 1 0 0 1 0 0 1
fi=(142)
+2 4 2 0 0 0 0 0 0 0 1
+1 3 1 0 1 0 0 1
fe=(153)
-3 1 1

fl=(158)
fn=(496)
49 6 3 0 2 0 0 2 0 0 1 1

fl=(141)
fn=(440)
26 1 0 0 1 0 0 1
fi=(142)
+3 4 2 0 0 0 0 0 0 0 1
+1 3 1
fe=(141)
-4 1 1

fl=(151)
fn=(472)
27 1 0 0 1 0 0 1
fi=(152)
+4 4 2 0 1 0 0 1 0 0 1
+1 2 1 0 0 0 0 0 0 0 1 1
fe=(151)
-5 1 1

fl=(186)
fn=(1028) 0x0000000000010430
0 5 1 0 2 0 0 1 0 0 1 1

fn=(612)
0 12 1 0 3 0 0 3 0 0 1 1

fn=(1018)
0 9 3 2 2 2 0 0 0 0 2
cob=(4)
cfi=(178)
cfn=(1024) 0x0000000004879220
calls=1 0 
0 80 20 13 1 0 0 1 0 0 14 0 1 1
0 1 0 1
cfn=(1028)
calls=1 0 
0 5 1 0 2 0 0 1 0 0 1 1
0 3 2 1

fl=(146)
fn=(514)
27 1 0 0 1 0 0 1
fi=(144)
+5 5 2 0 0 0 0 0 0 0 1
+1 2 1 0 0 0 0 0 0 0 1 1
fe=(146)
-6 1 1

fn=(452)
34 1 0 0 1 0 0 1
fi=(144)
-2 5 2 0 1 0 0 1 0 0 1
+1 2 1 0 0 0 0 0 0 0 1 1
fe=(146)
+1 1 1

fl=(157)
fn=(492)
26 1 0 0 1 0 0 1
fi=(142)
+3 4 2 0 0 0 0 0 0 0 1
+1 3 1
fe=(157)
-4 1 1

fl=(145)
fn=(448)
27 1 0 0 1 0 0 1
fi=(142)
+2 4 2 0 1 0 0 1 0 0 1
+1 3 1
fe=(145)
-3 1 1

fl=(165)
fn=(526)
31 1 0 0 1 0 0 1
fi=(283) ./math/../sysdeps/x86_64/fpu/multiarch/ifunc-sse4_1.h
-2 5 2
fe=(165)
+2 1 1

fl=(150)
fn=(468)
30 1 0 0 1 0 0 1
fi=(142)
-1 4 2 0 0 0 0 0 0 0 1
+1 4 2
fe=(150)

fl=(161)
fn=(510)
26 1 0 0 1 0 0 1
fi=(144)
+6 5 2 0 0 0 0 0 0 0 1
+1 2 1 0 1 0 0 1 0 0 1 1
fe=(161)
-7 1 1

fl=(156)
fn=(498)
27 1 0 0 1 0 0 1
fi=(152)
+4 4 2 0 0 0 0 0 0 0 1
+1 2 1 0 0 0 0 0 0 0 1 1
fe=(156)
-5 1 1

fn=(488)
35 1 0 0 1 0 0 1
fi=(152)
-4 4 2 0 0 0 0 0 0 0 1
+1 2 1 0 1 0 0 1 0 0 1 1
+3 1 1
fe=(156)

fl=(237) ./math/../sysdeps/x86_64/fpu/multiarch/s_ceil-sse4_1.S
fn=(880) __ceil_sse41
21 49766400
+1 49766400
+1 49766400 49766400

fl=(143)
fn=(444)
27 1 0 0 1 0 0 1
fi=(144)
+5 5 2 0 0 0 0 0 0 0 1
+1 2 1 0 0 0 0 0 0 0 1 1
fe=(143)
-6 1 1 0 1 0 0 1

fl=(159)
fn=(502)
26 1 0 0 1 0 0 1
fi=(142)
+3 4 2 0 0 0 0 0 0 0 1
+1 3 1 0 1 0 0 1
fe=(159)
-4 1 1

fl=(154)
fn=(480)
26 1 0 0 1 0 0 1
fi=(142)
+3 4 2 0 0 0 0 0 0 0 1
+1 3 1
fe=(154)
-4 1 1

fl=(164)
fn=(524)
31 1
fi=(283)
-2 5 2 0 1 0 0 1
fe=(164)
+2 1 1

ob=(6)
fl=(194)
fn=(870) vanilla_rescaleImage(unsigned char*, int, int, int, int)
205 39 3 24 2 0 0 2
340 30 6 3 1 0 0 1
cob=(4)
cfi=(178)
cfn=(780) 0x00000000001091b0
calls=3 0 
* 6355777 196 6354936 16 19 99305 10 0 1968 6354986 34 5 2
* 3 0 3 0 0 2
+1 6 3 0 0 0 0 0 0 0 3 2
+2 30 6 3 1 0 0 1
+1 30 6 3
+2 6 0 3 1 0 0 1
+1 11520 0 5760
+2 31104000 12441600 6220800
+1 31104000 12441600 6220800 1 0 0 1
+1 43545600 12441600 6220800
+1 43545600 12441600 6220800 1 0 2 1
+1 18662400 6220800 6220800
cob=(4)
cfi=(178)
cfn=(872) 0x0000000000109200
calls=6220800 0 
* 31104000 12441600 0 1 2 0 1 0 0 0 0 6220800 1
* 24883200 6220800 6220800
cob=(4)
cfi=(178)
cfn=(872)
calls=6220800 0 
* 31104000 12441600 0 0 0 0 0 0 0 0 0 6220800
* 87091200 12441600 12441600 1 0 2 1
cfn=(876) getPixel(unsigned char*, int, int, int, unsigned char*, unsigned char*, unsigned char*)
calls=6220800 +22 
* 348364800 124416000 62208000 2 3046 0 2
* 6220800
+1 18662400 6220800 6220800
cob=(4)
cfi=(178)
cfn=(872)
calls=6220800 0 
* 31104000 12441600 0 0 0 0 0 0 0 0 0 6220800
* 24883200 6220800 6220800 1 0 0 1
cob=(4)
cfi=(178)
cfn=(878) 0x0000000000109230
calls=6220800 0 
* 31104000 12441600 0 0 2 0 0 0 0 0 0 6220800 1
* 87091200 12441600 12441600 1 0 0 1
cfn=(876)
calls=6220800 +21 
* 348364800 124416000 62208000 0 189
* 6220800
+1 18662400 6220800 6220800
cob=(4)
cfi=(178)
cfn=(878)
calls=6220800 0 
* 31104000 12441600 0 0 0 0 0 0 0 0 0 6220800
* 24883200 6220800 6220800
cob=(4)
cfi=(178)
cfn=(872)
calls=6220800 0 
* 31104000 12441600 0 0 0 0 0 0 0 0 0 6220800
* 87091200 12441600 12441600 1 0 0 1
cfn=(876)
calls=6220800 +20 
* 348364800 124416000 62208000 0 1276612 0 0 398
* 6220800
+1 18662400 6220800 6220800
cob=(4)
cfi=(178)
cfn=(878)
calls=6220800 0 
* 31104000 12441600 0 0 0 0 0 0 0 0 0 6220800
* 24883200 6220800 6220800 1 0 0 1
cob=(4)
cfi=(178)
cfn=(878)
calls=6220800 0 
* 31104000 12441600 0 0 0 0 0 0 0 0 0 6220800
* 87091200 12441600 12441600 1 0 0 1
cfn=(876)
calls=6220800 +19 
* 348364800 124416000 62208000 0 79285 0 0 13041
* 6220800
+2 99532800 31104000 6220800 1 2 0 1
+1 99532800 31104000 6220800 1 0 0 1
+1 99532800 31104000 6220800 1 0 0 1
+1 99532800 31104000 6220800 1 0 0 1
+1 99532800 31104000 6220800 1 0 0 1
+1 99532800 31104000 6220800 2 0 0 2
+2 55987200 31104000 6220800
+1 55987200 31104000 6220800 1 0 0 1
+1 55987200 31104000 6220800 1 0 0 1
+2 68428800 43545600 12441600
cfn=(882) setPixel(unsigned char*, int, int, int, unsigned char, unsigned char, unsigned char)
calls=6220800 +15 
* 360806400 111974400 68428800 2 0 6415186 2 0 192305
* 6220800
-22 24900480 12453120 6220800 0 0 0 0 0 0 6226560 5774
-1 23049 11526 5760 2 0 0 2 0 0 5763 8
+25 3 3
+1 18 15 0 0 6 0 0 0 0 3 2

fn=(944) fast_rescaleImage(unsigned char*, int, int, int, int)
144 39 3 24 2 0 0 1
+13 30 6 3 1 0 0 1
cob=(4)
cfi=(178)
cfn=(780)
calls=3 0 
* 18663135 126 18662484 1 10 291478 0 0 0 18662535 17 6 3
* 3 0 3 0 0 3
+1 6 3 0 0 0 0 0 0 0 3 2
+2 30 6 3 1 0 0 1
+1 30 6 3
+2 6 0 3 1 0 0 1
+1 11520 0 5760
+2 31104000 12441600 6220800
+1 31104000 12441600 6220800 1 0 0 1
+1 43545600 12441600 6220800
+1 43545600 12441600 6220800 1 0 3 1
+1 18662400 6220800 6220800
cob=(4)
cfi=(178)
cfn=(872)
calls=6220800 0 
* 31104000 12441600 0 0 3 0 0 0 0 0 0 6220800
* 24883200 6220800 6220800
cob=(4)
cfi=(178)
cfn=(872)
calls=6220800 0 
* 31104000 12441600 0 0 0 0 0 0 0 0 0 6220800
* 87091200 12441600 12441600 1 0 3 1
cfn=(876)
calls=6220800 375 
* 348364800 124416000 62208000 0 3054
* 6220800
+1 18662400 6220800 6220800
cob=(4)
cfi=(178)
cfn=(872)
calls=6220800 0 
* 31104000 12441600 0 0 0 0 0 0 0 0 0 6220800
* 24883200 6220800 6220800 2 0 0 1
cob=(4)
cfi=(178)
cfn=(878)
calls=6220800 0 
* 31104000 12441600 0 0 3 0 0 0 0 0 0 6220800 1
* 87091200 12441600 12441600 2 0 0 1
cfn=(876)
calls=6220800 375 
* 348364800 124416000 62208000 0 192
* 6220800
+1 18662400 6220800 6220800
cob=(4)
cfi=(178)
cfn=(878)
calls=6220800 0 
* 31104000 12441600 0 0 0 0 0 0 0 0 0 6220800
* 24883200 6220800 6220800
cob=(4)
cfi=(178)
cfn=(872)
calls=6220800 0 
* 31104000 12441600 0 0 0 0 0 0 0 0 0 6220800
* 87091200 12441600 12441600 2 0 0 1
cfn=(876)
calls=6220800 375 
* 348364800 124416000 62208000 0 1273575
* 6220800
+1 18662400 6220800 6220800
cob=(4)
cfi=(178)
cfn=(878)
calls=6220800 0 
* 31104000 12441600 0 0 0 0 0 0 0 0 0 6220800
* 24883200 6220800 6220800 2 0 0 1
cob=(4)
cfi=(178)
cfn=(878)
calls=6220800 0 
* 31104000 12441600 0 0 0 0 0 0 0 0 0 6220800
* 87091200 12441600 12441600 1 0 0 1
cfn=(876)
calls=6220800 375 
* 348364800 124416000 62208000 0 81657
* 6220800
+2 99532800 31104000 6220800 1 3 0 1
+1 99532800 31104000 6220800 1 0 0 1
+1 99532800 31104000 6220800 2 0 0 1
+1 99532800 31104000 6220800 2 0 0 1
+1 99532800 31104000 6220800 2 0 0 2
+1 99532800 31104000 6220800 1 0 0 1
+2 55987200 31104000 6220800
+1 55987200 31104000 6220800 1 0 0 1
+1 55987200 31104000 6220800 1 0 0 1
+2 68428800 43545600 12441600
cfn=(882)
calls=6220800 384 
* 360806400 111974400 68428800 0 0 6415200
* 6220800
-22 24900480 12453120 6220800 0 0 0 0 0 0 6226560 5767
-1 23049 11526 5760 1 0 0 1 0 0 5763 7
+25 3 3
+1 18 15 0 0 6 0 0 0 0 3 2

fn=(946) imageOutput(unsigned char*, int, int, char const*)
554 16 0 10
+6 10 2 2
cob=(4)
cfi=(178)
cfn=(654) 0x00000000001091f0
calls=2 0 
* 938 228 232 31 32 18 0 1 0 96 22 6 5
* 2 0 2 1 0 0 1
+1 4 2 0 0 0 0 0 0 0 2
+2 14 2 2
cob=(4)
cfi=(178)
cfn=(844) 0x0000000000109220
calls=2 0 
* 1112 256 170 12 22 10 6 0 1 152 33 12
+1 14 2 2 1 0 0 1
cob=(4)
cfi=(178)
cfn=(844)
calls=2 0 
* 272 74 48 0 2 0 0 0 0 34 9 6 2
+1 14 6 2
cob=(4)
cfi=(178)
cfn=(894) 0x00000000001091d0
calls=2 0 
* 1942 388 304 22 16 10 22 1 0 242 64 20 1
+1 14 2 2 1 0 0 1
cob=(4)
cfi=(178)
cfn=(844)
calls=2 0 
* 280 74 48 0 0 0 0 0 0 38 16 6
+1 26 8 2
cob=(4)
cfi=(178)
cfn=(844)
calls=2 0 
* 3100 940 848 8 352 254 4 0 127 314 37 14 1
+1 6 2 2 1 0 0 1
cob=(4)
cfi=(178)
cfn=(808) 0x0000000000109170
calls=2 0 
* 1400 400 248 16 14 0 1 0 0 196 44 12 1
+6 8 4

fn=(882)
384 174182400 12441600 99532800 1 0 0 1
+3 161740800 62208000 12441600 1 0 12441590 1 0 65180
+1 174182400 62208000 12441600 0 0 194396 0 0 64102
+1 174182400 62208000 12441600 0 0 194400 0 0 63023
+1 37324800 24883200

fn=(650)
396 9 1 4 1 0 1 1
+18 2 1 0 1 0 0 1 0 0 1 1
+6 8 2 1 1 1 0 1
cfn=(652) readPPMimage(char const*, int*, int*)
calls=1 +59 
* 7859 1763 1539 351 181 296 351 156 282 1146 316 57 28
* 1 0 1
+1 2 1 0 0 0 0 0 0 0 1 1
+6 7 1 1 2 1 0 2
cob=(4)
cfi=(178)
cfn=(844)
calls=1 0 
* 303 77 54 30 2 4 30 1 0 44 18 4 4
+2 2 0 1
cob=(4)
cfi=(178)
cfn=(862) 0x00000000001091e0
calls=1 0 
* 8 2 0 1 0 0 1 0 0 1 0 1 1
* 3 1 2
+1 1 0 1
+1 1
+2 14 6 2
cfn=(870)
calls=2 205 
* 2376515008 796277946 344359414 45 906328 4278893 39 13439 194273 4289027 3896 33177603 3
* 2 0 2 0 0 2
+1 12 4 4 0 0 0 0 0 0 2
cob=(4)
cfi=(178)
cfn=(884) 0x0000000000109140
calls=2 0 
* 240 69 36 6 22 0 6 0 0 37 13 2 2
+1 4 0 2
cob=(4)
cfi=(178)
cfn=(862)
calls=2 0 
* 16 4 0 0 0 0 0 0 0 2 0 2
* 2 0 2
-4 10 4 2
cob=(4)
cfi=(178)
cfn=(866) 0x0000000000109190
calls=2 0 
* 28 12 8 0 0 0 0 0 0 0 0 2
* 5 2 1 2 0 0 2
cob=(4)
cfi=(178)
cfn=(866)
calls=1 0 
* 14 6 4 1 0 0 1 0 0 0 0 1 1
* 10 3 0 0 1 0 0 1 0 3 2
+6 2 1 0 0 0 0 0 0 0 1
+2 8 3 1
+1 8 2 1 1 1 0 1
cob=(4)
cfi=(178)
cfn=(894)
calls=1 0 
* 1888 399 300 130 32 24 129 17 0 273 104 11 4
* 1
+8 2 0 1 1 0 0 1
cob=(4)
cfi=(178)
cfn=(862)
calls=1 0 
* 8 2 0 0 0 0 0 0 0 1 0 1
* 3 1 2
+1 1 0 1
+1 1
+2 14 6 2
cfn=(944)
calls=2 144 
* 2388822366 796277876 356666962 24 905670 4471211 22 0 0 16596576 3872 33177604 2
* 2 0 2 0 0 2
+1 12 4 4 0 0 0 0 0 0 2
cob=(4)
cfi=(178)
cfn=(884)
calls=2 0 
* 332 100 50 0 28 0 0 0 0 54 3 2 2
+1 4 0 2
cob=(4)
cfi=(178)
cfn=(862)
calls=2 0 
* 16 4 0 0 0 0 0 0 0 2 0 2
* 2 0 2
-4 10 4 2
cob=(4)
cfi=(178)
cfn=(866)
calls=2 0 
* 28 12 8 0 0 0 0 0 0 0 0 2
* 5 2 1 2 0 0 2
cob=(4)
cfi=(178)
cfn=(866)
calls=1 0 
* 14 6 4 0 0 0 0 0 0 0 0 1 1
* 10 3 0 0 0 0 0 0 0 3 2
+6 2 1 0 0 0 0 0 0 0 1
+2 8 3 1 0 0 1
+1 8 2 1 1 1 0 1
cob=(4)
cfi=(178)
cfn=(894)
calls=1 0 
* 1891 400 300 0 32 24 0 1 0 274 89 11 1
+1 10 3 1 1 0 0 1
cob=(4)
cfi=(178)
cfn=(894)
calls=1 0 
* 1762 370 282 0 0 0 0 0 0 260 8 11
* 1
+8 7 3 1 1 0 0 1
cfn=(870)
calls=1 205 
* 1194411183 398138938 178333481 0 452835 2235604 0 0 0 8298288 1924 16588802 1
* 1 0 1 0 0 1
+1 9 2 1 1 0 0 1 0 0 1
cfn=(946)
calls=1 +85 
* 4586 1195 962 93 219 146 37 2 128 537 155 38 7
* 3 1 1
cob=(4)
cfi=(178)
cfn=(884)
calls=1 0 
* 166 50 25 0 0 0 0 0 0 27 0 1 1
+1 7 3 1
cfn=(944)
calls=1 144 
* 1194411183 398138938 178333481 6 452833 2235476 0 0 0 8298288 1923 16588802 2
* 1 0 1 0 0 1
+1 9 2 1 1 0 0 1 0 0 1
cfn=(946)
calls=1 +83 
* 4586 1195 962 0 219 146 0 0 0 537 70 38 3
* 3 1 1
cob=(4)
cfi=(178)
cfn=(884)
calls=1 0 
* 166 50 25 0 0 0 0 0 0 27 0 1 1
+2 7 1 1 0 1
cob=(4)
cfi=(178)
cfn=(844)
calls=1 0 
* 245 65 36 0 4 0 0 0 0 38 7 4
+1 3 1 1
cob=(4)
cfi=(178)
cfn=(884)
calls=1 0 
* 67 19 9 2 3 0 0 0 0 9 2 1
+1 2 0 1
cob=(4)
cfi=(178)
cfn=(958) 0x0000000000109210
calls=1 0 
* 1699 474 316 107 58 12 79 3 1 292 107 13 13

fn=(652)
479 10 1 5 2 0 0 2
+36 5 1 1
cob=(4)
cfi=(178)
cfn=(654)
calls=1 0 
* 2266 302 423 108 31 51 108 17 50 389 81 16 4
* 1 0 1
+1 2 1 0 0 0 0 0 0 0 1 1
+5 5 1 1 2 0 0 2
cob=(4)
cfi=(178)
cfn=(708) 0x00000000001091a0
calls=1 0 
* 654 161 100 49 5 5 49 2 2 95 34 9 8
+1 5 0 1
cob=(4)
cfi=(178)
cfn=(750) 0x00000000001091c0
calls=1 0 
* 22 6 0 2 1 0 2 1 0 2 0 1 1
* 2 0 0 0 0 0 0 0 0 1 1
+8 5 1 1 1 0 0 1
cob=(4)
cfi=(178)
cfn=(708)
calls=1 0 
* 183 40 29 2 0 0 2 0 0 24 9 3
+1 1
+2 5 1 1
cob=(4)
cfi=(178)
cfn=(708)
calls=1 0 
* 173 39 29 1 1 0 1 1 0 23 7 3
-2 6 2 0 1 0 0 1 0 0 2 2
+4 7 0 1 1 0 0 1
cob=(4)
cfi=(178)
cfn=(754) 0x0000000000109150
calls=1 0 
* 1533 331 237 83 12 10 83 7 0 261 85 8 5
+1 3 2 1
+1 3 2 1
+2 5 1 1
cob=(4)
cfi=(178)
cfn=(708)
calls=1 0 
* 175 39 29 0 0 0 0 0 0 24 8 3
+1 10 2 1 1 0 0 1
cob=(4)
cfi=(178)
cfn=(780)
calls=1 0 
* 360 77 45 17 2 1 17 1 1 56 18 2 1
* 1 0 1
+1 2 1 0 0 0 0 0 0 0 1 1
+7 13 4 1 2 0 0 2
cob=(4)
cfi=(178)
cfn=(790) 0x0000000000109160
calls=1 0 
* 1778 563 518 25 128 229 25 126 229 180 40 7 5
+1 3 1 1
cob=(4)
cfi=(178)
cfn=(808)
calls=1 0 
* 615 179 110 53 1 0 53 1 0 86 28 5 4
+1 1 1
+1 5 4 0 1 0 0 1 0 0 1 1

fn=(876)
375 447897600 0 348364800
+3 696729600 298598400 49766400 1 2541655 0 1 4678
+1 746496000 298598400 49766400 1 89381 0 1 4381
+1 746496000 298598400 49766400 0 86574 0 0 4380
+1 149299200 99532800

fl=(187)
fn=(974)
0 9 3 2 1 0 0 0 0 0 2
cob=(4)
cfi=(178)
cfn=(980) 0x0000000000109130
calls=1 0 
0 80 20 13 9 3 1 9 1 1 14 7 1 1
0 1 0 1
cfn=(990) 0x0000000000001270
calls=1 0 
0 5 1 0 1 0 0 0 0 0 1 1
0 3 2 1

fn=(620)
0 12 2 3 1 0 0 1 0 0 0 0 1 1
cob=(2)
cfi=(188)
cfn=(622)
calls=1 242 
0 7154186157 2388840104 1057698375 837 2718481 13221845 736 13621 194684 37485779 12519 99533021 81

fn=(990)
0 5 1 0 1 0 0 0 0 0 1 1

fn=(632)
0 12 1 0 3 0 0 3 0 0 1 1

ob=(4)
fl=(178)
fn=(754)
0 2 1 0 1 0 0 1 0 0 0 0 1 1
cob=(2)
cfi=(218)
cfn=(756)
calls=1 24 
0 1531 330 237 82 12 10 82 7 0 261 85 7 4

fn=(866)
0 12 6 0 0 0 0 0 0 0 0 0 6 2
cob=(2)
cfi=(235)
cfn=(868)
calls=6 102 
0 72 30 24 1 0 0 1

fn=(878)
0 99532800 49766400 0 0 5 0 0 0 0 0 0 49766400 2
cob=(3)
cfi=(237)
cfn=(880)
calls=49766400 21 
0 149299200 49766400

fn=(958)
0 2 1 0 0 0 0 0 0 0 0 0 1 1
cob=(2)
cfi=(259)
cfn=(960)
calls=1 137 
0 1697 473 316 107 58 12 79 3 1 292 107 12 12

fn=(654)
0 6 3 0 1 0 0 1 0 0 0 0 3 3
cob=(2)
cfi=(195)
cfn=(656)
calls=3 85 
0 3198 527 655 138 63 69 107 18 50 485 103 19 6

fn=(872)
0 99532800 49766400 0 0 5 0 0 0 0 0 0 49766400 1
cob=(3)
cfi=(236)
cfn=(874)
calls=49766400 21 
0 149299200 49766400 0 1 0 0 1

fn=(894)
0 10 5 0 0 0 0 0 0 0 0 0 5 1
cob=(2)
cfi=(240)
cfn=(896)
calls=5 27 
0 7473 1552 1186 152 80 58 151 19 0 1049 265 48 5

fn=(996)
0 4 1

fn=(1024)
0 2 1 0 1 0 0 1 0 0 0 0 1 1
cob=(2)
cfi=(265)
cfn=(982)
calls=1 30 
0 78 19 13 0 0 0 0 0 0 14

fn=(762)
0 8 4 0 1 2 0 1 0 0 0 0 4 1
cob=(2)
cfi=(221)
cfn=(764)
calls=4 52 
0 56 8 0 1 2 0 1 1 0 8

fn=(808)
0 6 3 0 0 2 0 0 0 0 0 0 3 1
cob=(2)
cfi=(231)
cfn=(810)
calls=3 34 
0 2009 576 358 69 13 0 54 1 0 282 72 14 4

fn=(824)
0 12 6 0 0 2 0 0 0 0 0 0 6 2
cob=(2)
cfi=(196)
cfn=(826)
calls=6 3359 
0 778 232 121 24 5 0 22 1 0 120 15

fn=(980)
0 2 1 0 1 0 0 1 0 0 0 0 1 1
cob=(2)
cfi=(265)
cfn=(982)
calls=1 30 
0 78 19 13 8 3 1 8 1 1 14 7

fn=(588)
0 7 2 0 1 0 0 1 0 0 1 1

fn=(564)
0 42 21 0 1 0 0 1 0 0 0 0 21 1
cob=(1)
cfi=(11)
cfn=(28)
calls=21 387 
0 493 84 21 0 37 0 0 16 0 63 26

fn=(602)
0 2 1 0 1 0 0 1 0 0 0 0 1 1
cob=(2)
cfi=(184)
cfn=(604)
calls=1 53 
0 22 2 0 2 1 0 2 0 0 3

fn=(844)
0 20 10 0 1 0 0 1 0 0 0 0 10 1
cob=(2)
cfi=(233)
cfn=(846)
calls=10 31 
0 5292 1476 1204 49 382 268 39 1 128 620 120 36 6

fn=(884)
0 14 7 0 0 4 0 0 0 0 0 0 7 6
cob=(2)
cfi=(196)
cfn=(826)
calls=7 3359 
0 957 281 145 8 49 0 6 0 0 154 18

fn=(608)
0 7 2 0 1 0 0 1 0 0 1 1

fn=(628)
0 7 2 0 1 0 0 1 0 0 1 1

fn=(790)
0 2 1 0 0 0 0 0 0 0 0 0 1 1
cob=(2)
cfi=(229)
cfn=(792)
calls=1 31 
0 1776 562 518 25 128 229 25 126 229 180 40 6 4

fn=(798)
0 18 9 0 1 2 0 1 0 0 0 0 9 3
cob=(2)
cfi=(216)
cfn=(800)
calls=9 242 
0 3119 1000 981 10 480 381 6 126 254 284 32

fn=(862)
0 12 6 0 0 0 0 0 0 0 0 0 6 1
cob=(2)
cfi=(163)
cfn=(864)
calls=6 31 
0 36 6 0 1 0 0 1 0 0 6

fn=(1016)
0 4 1 0 1 0 0 1

fn=(638)
0 2 1 0 1 0 0 1 0 0 0 0 1 1
cob=(1)
cfi=(48)
cfn=(640)
calls=1 118 
0 5 2 0 1 0 0 1 0 0 1

fn=(708)
0 8 4 0 1 0 0 1 0 0 0 0 4 1
cob=(2)
cfi=(209)
cfn=(710)
calls=4 32 
0 1177 275 187 51 6 5 51 3 2 166 58 14 7

fn=(704)
0 6 3 0 1 2 0 1 0 0 0 0 3 2
cob=(2)
cfi=(208)
cfn=(706)
calls=3 53 
0 63 9 0 4 0 0 2 0 0 9 4

fn=(740)
0 8 4 0 1 0 0 1 0 0 0 0 4 1
cob=(2)
cfi=(215)
cfn=(742)
calls=4 61 
0 87 9 0 3 1 0 3 1 0 18 3

fn=(744)
0 44 22 0 0 2 0 0 0 0 0 0 22 1
cob=(2)
cfi=(216)
cfn=(746)
calls=22 255 
0 947 264 240 4 0 104 3 0 102 147 36

fn=(780)
0 14 7 0 0 0 0 0 0 0 0 0 7 1
cob=(2)
cfi=(196)
cfn=(782)
calls=7 3699 
0 25019258 392 25017465 34 31 390784 27 1 1969 25017577 69 6 5

fn=(890)
0 10 5 0 1 5 0 1 0 0 0 0 5 5
cob=(2)
cfi=(239)
cfn=(892)
calls=5 158 
0 25017341 10 25017256 3 9 390771 3 0 1966 25017276 19

fn=(906)
0 24 12 0 1 4 0 1 0 0 0 0 12 2
cob=(2)
cfi=(208)
cfn=(908)
calls=12 53 
0 228 24 0 2 6 0 2 3 0 24

fn=(1034)
0 4 1 0 1 0 0 1

fn=(658)
0 12 6 0 1 2 0 1 0 0 0 0 6 3
cob=(2)
cfi=(196)
cfn=(660)
calls=6 3294 
0 2426 324 385 67 52 57 63 13 47 437 85 12

fn=(750)
0 2 1 0 0 0 0 0 0 0 0 0 1 1
cob=(2)
cfi=(217)
cfn=(752)
calls=1 206 
0 20 5 0 2 1 0 2 1 0 2

fn=(1006) 0x000000000483d030
0 2 1 0 1 0 0 0 0 0 0 0 1 1
cob=(2)
cfi=(265)
cfn=(982)
calls=1 30 
0 78 19 13 0 0 0 0 0 0 14 3

ob=(5)
fl=(181)
fn=(1010) 0x0000000000001060
0 5 1 0 2 0 0 1 0 0 1 1

fn=(1000)
0 9 3 2 1 2 0 0 0 0 2
cob=(4)
cfi=(178)
cfn=(1006)
calls=1 0 
0 80 20 13 1 0 0 0 0 0 14 3 1 1
0 1 0 1
cfn=(1010)
calls=1 0 
0 5 1 0 2 0 0 1 0 0 1 1
0 3 2 1 1

fn=(592)
0 12 1 0 3 0 0 3 0 0 1 1

totals: 7154384384 2388886756 1057715040 1896 2719696 13222417 1787 14653 195243 37524603 16904 99533436 288
